hangul	index	code	donor_jp
가	1885	9FAD	洒
각	1884	9CB1	愕
간	1883	9C57	弩
갇	1882	9BB3	峙
갈	1881	9A91	囁
감	1880	99C2	卍
갑	1879	9980	凰
값	1878	98EB	俯
갓	1877	9872	腕
갔	1876	9870	湾
강	1875	9867	枠
갖	1874	9866	惑
같	1873	9865	脇
갚	1872	9863	歪
개	1871	9862	話
갠	1870	9861	和
갹	1869	985F	論
거	1868	985E	録
걱	1867	985B	麓
건	1866	985A	六
걷	1865	9859	郎
걸	1864	9856	老
검	1863	9855	篭
겁	1862	9854	狼
것	1861	9853	牢
겉	1860	9852	漏
게	1859	9851	浪
겐	1858	984C	廊
겠	1857	984A	労
겨	1856	9849	露
격	1855	9848	路
겪	1854	9846	炉
견	1853	9841	連
결	1852	9840	蓮
겸	1851	97FB	練
겹	1850	97F6	恋
겼	1849	97F4	裂
경	1848	97F3	烈
곁	1847	97F2	劣
계	1846	97F1	列
고	1845	97F0	歴
곡	1844	97EE	齢
곤	1843	97EC	霊
곧	1842	97EB	零
골	1841	97E9	鈴
곰	1840	97E7	礼
곱	1839	97E3	励
곳	1838	97E2	冷
공	1837	97E1	例
과	1836	97DF	令
곽	1835	97DE	類
관	1834	97DD	累
괄	1833	97DC	涙
광	1832	97D7	隣
괘	1831	97D6	輪
괜	1830	97D5	臨
괴	1829	97D1	林
굉	1828	97CE	緑
교	1827	97CD	力
구	1826	97CC	領
국	1825	97CB	陵
군	1824	97CA	量
굳	1823	97C7	良
굴	1822	97C3	療
굵	1821	97BF	料
굶	1820	97BC	両
굼	1819	97B9	了
굽	1818	97B8	虜
궁	1817	97B7	旅
궂	1816	97B6	慮
권	1815	97B5	侶
귀	1814	97B4	龍
규	1813	97B3	竜
균	1812	97B1	粒
그	1811	97AF	留
극	1810	97AD	溜
근	1809	97AC	流
글	1808	97AA	略
금	1807	97A7	立
급	1806	97A6	率
긋	1805	97A5	律
긍	1804	97A4	陸
기	1803	97A3	離
긴	1802	97A2	里
긷	1801	97A0	裏
길	1800	979D	理
김	1799	979A	履
깃	1798	9798	利
깊	1797	9797	覧
까	1796	9792	嵐
깎	1795	9790	乱
깐	1794	978E	落
깔	1793	978D	絡
깜	1792	978B	雷
깝	1791	978A	頼
깟	1790	9789	莱
깨	1789	9788	来
깬	1788	9785	羅
깼	1787	9783	翼
꺄	1786	9781	浴
꺅	1785	977E	欲
꺼	1784	977D	抑
꺾	1783	977B	養
껄	1782	977A	陽
껏	1781	9778	踊
께	1780	9776	要
껴	1779	9774	葉
꼈	1778	9770	用
꼬	1777	976E	溶
꼭	1776	976D	洋
꼴	1775	976C	様
꼼	1774	9768	揺
꼽	1773	9765	容
꽂	1772	9764	妖
꽃	1771	9761	預
꽉	1770	975F	誉
꽤	1769	975E	与
꾀	1768	975D	余
꾸	1767	975C	予
꾼	1766	975A	融
꿀	1765	9759	雄
꿈	1764	9756	遊
꿉	1763	9755	誘
꿍	1762	9754	裕
꿔	1761	9752	由
꿨	1760	974C	有
꿰	1759	9748	幽
뀌	1758	9746	友
끄	1757	9745	勇
끅	1756	9744	優
끈	1755	9742	唯
끊	1754	96FC	癒
끌	1753	96FB	油
끔	1752	96F9	愉
끝	1751	96F4	躍
끼	1750	96F3	訳
낄	1749	96F2	薬
낌	1748	96F1	約
나	1747	96F0	役
낙	1746	96EF	厄
난	1745	96EE	矢
날	1744	96EC	野
남	1743	96EA	爺
납	1742	96E9	夜
낫	1741	96E5	門
났	1740	96E2	問
낭	1739	96E1	貰
낮	1738	96DF	戻
낯	1737	96DD	餅
낳	1736	96DA	目
내	1735	96D9	黙
낸	1734	96D8	木
낼	1733	96D5	耗
냄	1732	96D3	盲
냅	1731	96D2	猛
냈	1730	96D1	毛
냉	1729	96CD	模
냐	1728	96CA	面
냣	1727	96C8	綿
냥	1726	96C5	滅
너	1725	96C4	牝
넌	1724	96C2	鳴
널	1723	96C0	迷
넓	1722	96BE	明
넘	1721	96BD	命
넣	1720	96BC	名
네	1719	96BB	冥
넵	1718	96BA	娘
넷	1717	96B6	霧
넸	1716	96B3	無
녀	1715	96B2	夢
년	1714	96B1	務
념	1713	96B0	眠
녔	1712	96AF	民
녕	1711	96AD	妙
노	1710	96AC	脈
녹	1709	96AA	蓑
논	1708	96A7	密
놀	1707	96A3	魅
놈	1706	96A2	未
농	1705	96A1	味
높	1704	969E	満
놓	1703	969D	慢
놔	1702	969C	万
놨	1701	9696	末
뇌	1700	9695	抹
뇨	1699	9694	又
누	1698	968F	柾
눈	1697	968B	幕
눌	1696	9688	毎
눕	1695	9687	枚
눠	1694	9685	妹
뉘	1693	9684	埋
뉜	1692	9683	麻
뉴	1691	9682	魔
느	1690	9681	磨
늑	1689	967D	凡
는	1688	967B	本
늘	1687	9678	堀
늙	1686	9676	没
능	1685	966C	僕
늦	1684	966B	北
늪	1683	966A	頬
늬	1682	9669	吠
니	1681	9668	防
닉	1680	9666	貿
닌	1679	9664	謀
닐	1678	9663	膨
님	1677	9660	冒
닙	1676	965F	棒
다	1675	965D	望
닥	1674	965C	暴
닦	1673	965A	忙
단	1672	9659	忘
닫	1671	9658	帽
달	1670	9657	妨
닮	1669	9656	坊
담	1668	9653	亡
답	1667	9652	乏
닷	1666	9650	鳳
당	1665	964F	飽
닿	1664	964C	豊
대	1663	964B	訪
댁	1662	9648	蓬
댄	1661	9643	砲
댈	1660	9641	泡
댔	1659	9640	法
더	1658	95FB	方
덕	1657	95FA	放
던	1656	95F9	捧
덜	1655	95F8	抱
덟	1654	95F6	崩
덤	1653	95F4	峰
덥	1652	95F3	宝
덧	1651	95F2	奉
덩	1650	95F1	報
덮	1649	95EF	包
데	1648	95EA	母
덴	1647	95E9	暮
델	1646	95E7	慕
뎁	1645	95E6	墓
뎌	1644	95E5	募
도	1643	95E3	輔
독	1642	95E2	補
돈	1641	95E0	歩
돋	1640	95DF	捕
돌	1639	95DB	保
돕	1638	95D9	弁
동	1637	95D7	勉
돛	1636	95D6	便
돼	1635	95D4	返
됐	1634	95D3	辺
되	1633	95D2	編
된	1632	95D0	片
될	1631	95CF	変
됩	1630	95CE	偏
두	1629	95CA	別
둑	1628	95C8	癖
둔	1627	95C7	壁
둘	1626	95C4	米
둠	1625	95C2	閉
둡	1624	95C0	並
둥	1623	95BF	柄
둬	1622	95BD	平
뒀	1621	95BA	兵
뒤	1620	95B9	併
뒷	1619	95B7	聞
드	1618	95B6	文
득	1617	95B5	雰
든	1616	95B4	紛
듣	1615	95B2	粉
들	1614	95AC	噴
듦	1613	95AB	吻
듬	1612	95AA	分
듭	1611	95A8	物
듯	1610	95A5	払
등	1609	95A2	覆
디	1608	95A1	複
딘	1607	95A0	腹
딜	1606	959F	福
딥	1605	959E	服
딩	1604	959D	幅
따	1603	959C	復
딱	1602	959B	副
딴	1601	959A	伏
딸	1600	9597	風
땅	1599	9595	封
때	1598	9594	部
땐	1597	9591	舞
땠	1596	9590	武
떠	1595	958E	侮
떡	1594	958B	赴
떤	1592	9588	譜
떨	1591	9585	腐
떻	1590	9584	符
떼	1589	9583	父
뗄	1588	9582	浮
또	1587	9581	普
똑	1586	957E	敷
뚝	1585	957C	怖
뚫	1584	957B	府
뚱	1583	957A	布
뛰	1582	9578	富
뜨	1581	9577	婦
뜩	1580	9576	夫
뜬	1579	9574	付
뜰	1578	9573	不
뜸	1577	9570	頻
뜻	1576	956E	貧
띄	1575	956C	浜
띤	1574	9569	品
라	1573	9562	秒
락	1572	9561	病
란	1571	9560	描
랄	1570	955E	豹
람	1569	955D	評
랍	1568	955C	表
랏	1567	9559	漂
랐	1566	9558	氷
랑	1565	9557	標
랗	1564	9550	姫
래	1563	954F	桧
랙	1562	954D	筆
랜	1561	954B	必
램	1560	9546	彦
랫	1559	9543	匹
랬	1558	9540	鼻
랭	1557	94FC	美
략	1556	94F7	微
량	1555	94F6	尾
러	1554	94F5	備
럭	1553	94F2	飛
런	1552	94F1	非
럴	1551	94F0	避
럼	1550	94EF	費
럽	1549	94ED	被
럿	1548	94EC	肥
렀	1547	94E9	秘
렁	1546	94E8	碑
렇	1545	94E7	皮
레	1544	94E6	疲
렉	1543	94E4	比
렘	1542	94E0	扉
렛	1541	94DF	悲
려	1540	94DE	彼
력	1539	94DC	妃
련	1538	94DB	否
렬	1537	94DA	卑
렴	1536	94D8	蛮
렵	1535	94D5	盤
렸	1534	94D4	番
령	1533	94D3	晩
례	1532	94D1	飯
로	1531	94CD	範
록	1530	94CA	般
론	1529	94C9	繁
롤	1528	94C6	犯
롭	1527	94C5	版
롯	1526	94C4	汎
롱	1525	94C2	板
뢰	1524	94C0	搬
료	1523	94BF	帆
룡	1522	94BD	反
루	1521	94BC	半
룩	1520	94BB	判
룬	1519	94BA	伴
룰	1518	94B2	抜
룸	1517	94B1	罰
룹	1516	94B0	伐
룻	1515	94AF	髪
뤄	1514	94AD	発
뤘	1513	94AA	八
류	1512	94A7	肌
륙	1511	94A0	箱
륜	1510	949A	爆
률	1509	9499	漠
륨	1508	9497	迫
륭	1507	9496	薄
르	1506	9492	白
륵	1505	9491	泊
른	1504	948E	博
를	1503	948D	剥
름	1502	9487	這
릇	1501	9484	売
릉	1500	9483	買
리	1499	947D	媒
릭	1498	947B	倍
린	1497	947A	配
릴	1496	9479	輩
림	1495	9477	背
립	1494	9474	杯
릿	1493	9473	敗
링	1492	9472	排
마	1491	9471	拝
막	1490	9470	廃
만	1489	946F	俳
많	1488	946E	馬
말	1487	946B	婆
맑	1486	946A	破
맘	1485	9468	派
맙	1484	9467	波
맛	1483	9465	覇
망	1482	945F	農
맞	1481	945D	脳
맡	1480	945C	能
맣	1479	945B	納
매	1478	945A	濃
맥	1477	9459	悩
맨	1476	9456	之
맵	1475	9453	粘
맹	1474	9452	燃
맺	1473	944F	念
머	1472	944E	年
먹	1471	944D	熱
먼	1470	944C	猫
멀	1469	9446	認
멈	1468	9445	忍
멋	1467	9443	任
멍	1466	93FC	入
메	1465	93FA	日
멤	1464	93F7	肉
멧	1463	93F6	賑
며	1462	93F5	匂
면	1461	93F1	二
멸	1460	93F0	汝
명	1459	93EF	難
몇	1458	93EC	南
모	1457	93EA	縄
목	1456	93E4	謎
몫	1455	93E0	内
몬	1454	93DF	那
몰	1453	93DE	奈
몸	1452	93DD	鈍
몹	1451	93DA	頓
못	1450	93D7	沌
몽	1449	93CD	届
묘	1448	93CB	突
무	1447	93C7	読
묵	1446	93C6	独
묶	1445	93C5	毒
문	1444	93C1	特
묻	1443	93BF	徳
물	1442	93BE	得
뭉	1441	93B9	道
뭐	1440	93B6	童
뭔	1439	93B4	洞
뭘	1438	93B2	憧
뭣	1437	93B1	導
뮤	1436	93B0	堂
뮬	1435	93AF	同
므	1434	93AE	動
미	1433	93AD	働
믹	1432	93AC	闘
민	1431	93AA	頭
믿	1430	93A7	透
밀	1429	93A6	逃
밉	1428	93A5	踏
밌	1427	93A2	討
밍	1426	93A1	藤
및	1425	939E	到
밑	1424	939D	統
바	1423	939B	筒
박	1422	939A	答
밖	1421	9399	等
반	1420	9396	当
받	1419	9394	灯
발	1418	9393	涛
밝	1417	9390	盗
밟	1416	938C	東
밤	1415	938B	搭
밥	1414	938A	投
방	1413	9387	島
배	1412	9383	塔
백	1411	9382	唐
밴	1410	9381	刀
뱀	1409	9380	凍
뱃	1408	937D	党
뱅	1407	937C	倒
버	1406	937B	怒
벅	1405	937A	奴
번	1404	9379	土
벌	1403	9378	度
범	1402	9377	努
법	1401	9373	都
벗	1400	9372	途
벚	1399	9371	賭
베	1398	936F	登
벤	1397	936E	渡
벨	1396	936B	徒
벵	1395	9368	塗
벼	1394	9366	吐
벽	1393	9365	兎
변	1392	9364	電
별	1391	9363	田
볍	1390	9361	殿
병	1389	9360	伝
보	1388	935F	点
복	1387	935D	転
본	1386	935A	纏
볼	1385	9359	添
봄	1384	9358	店
봅	1383	9357	展
봉	1382	9356	天
봐	1381	9354	典
봤	1380	9353	鉄
봬	1379	9350	撤
뵈	1378	934F	徹
뵙	1377	934E	哲
부	1376	934B	適
북	1375	9349	的
분	1374	9348	滴
불	1373	9347	敵
붉	1372	9345	摘
붐	1371	92FA	諦
붓	1370	92F9	訂
붕	1369	92F7	締
붙	1368	92F6	程
뷰	1367	92F1	提
브	1366	92EF	抵
블	1365	92ED	弟
비	1364	92EB	庭
빈	1363	92EA	底
빌	1362	92E9	帝
빔	1361	92E8	定
빙	1360	92E3	偵
빚	1359	92E2	停
빛	1358	92E1	低
빠	1357	92E0	亭
빡	1356	92DC	爪
빤	1355	92D9	壷
빨	1354	92D7	潰
빼	1353	92D4	綴
뺏	1352	92D0	漬
뻐	1351	92CD	掴
뻔	1350	92CB	塚
뻗	1349	92CA	通
뻤	1348	92C9	痛
뼈	1347	92C7	追
뽀	1346	92C6	槌
뽑	1345	92C4	墜
뾰	1344	92C3	津
뿌	1343	92C1	鎮
뿐	1342	92BF	珍
뿔	1341	92BE	沈
뿜	1340	92BC	直
쁘	1339	92B9	鳥
쁜	1338	92B8	頂
쁠	1337	92B7	長
쁨	1336	92B5	跳
삐	1335	92B4	超
사	1334	92B2	調
삭	1333	92B0	腸
산	1332	92AD	眺
살	1331	92AC	町
삶	1330	92AA	潮
삼	1329	92A9	朝
상	1328	92A7	挑
새	1327	92A5	徴
색	1326	92A4	彫
샌	1325	92A3	張
샘	1324	92A0	帳
생	1323	929D	喋
샤	1322	929A	丁
샷	1321	9299	貯
서	1320	9298	著
석	1319	9293	駐
섞	1318	928E	虫
선	1317	928D	注
섣	1316	928C	柱
설	1315	928A	抽
섬	1314	9289	忠
섭	1313	9288	宙
섯	1312	9287	仲
섰	1311	9286	中
성	1310	9285	着
세	1309	9283	茶
센	1308	9281	秩
셈	1307	9280	逐
셋	1306	927E	蓄
셔	1305	927A	築
션	1304	9278	遅
셨	1303	9276	致
소	1302	9275	置
속	1301	9271	智
손	1300	9270	恥
솔	1299	926F	弛
솜	1298	926E	地
솟	1297	926D	知
송	1296	926C	値
쇄	1295	926B	談
쇠	1294	926A	男
쇼	1293	9269	段
숏	1292	9266	断
수	1291	9265	弾
숙	1290	9264	壇
순	1289	9263	団
술	1288	925F	胆
숨	1287	925B	端
숫	1286	925A	短
숭	1285	9257	淡
숲	1284	9255	旦
숴	1283	9254	探
쉈	1282	9253	担
쉬	1281	9251	嘆
쉽	1280	9250	単
쉿	1279	924F	丹
슈	1278	924E	誰
스	1277	924D	樽
슨	1276	924A	谷
슬	1275	9249	棚
슭	1274	9245	脱
슴	1273	9244	奪
습	1272	9242	達
슷	1271	9240	叩
승	1270	91F8	諾
시	1269	91F7	濁
식	1268	91F5	託
신	1267	91F2	沢
싣	1266	91F0	択
실	1265	91EF	托
싫	1264	91EE	宅
심	1263	91EA	滝
십	1262	91E9	鷹
싶	1261	91E8	題
싸	1260	91E6	第
싹	1259	91E5	大
쌀	1258	91E4	台
쌍	1257	91E3	代
쌓	1256	91E0	隊
써	1255	91DF	逮
썩	1254	91DE	退
썬	1253	91DD	貸
썰	1252	91DC	袋
썹	1251	91D7	泰
썼	1250	91D6	替
썽	1249	91D4	態
쎄	1248	91D2	待
쏘	1247	91D1	帯
쏜	1246	91CF	耐
쏟	1245	91CE	対
쑤	1244	91CC	体
쑥	1243	91CA	駄
쓰	1242	91C5	打
쓱	1241	91C3	妥
쓴	1240	91BE	太
쓸	1239	91BD	多
씀	1238	91BC	他
씁	1237	91BA	村
씌	1236	91B9	損
씨	1235	91B8	尊
씩	1234	91B7	孫
씬	1233	91B6	存
씸	1232	91B5	揃
씹	1231	91B2	卒
씻	1230	91B1	続
아	1229	91B0	族
악	1228	91AF	賊
안	1227	91AE	属
앉	1226	91AD	俗
않	1225	91AC	速
알	1224	91AB	足
암	1223	91AA	測
압	1222	91A9	束
앗	1221	91A7	息
았	1220	91A6	即
앙	1219	91A5	則
앞	1218	91A4	側
애	1217	91A2	造
액	1216	91A1	贈
앵	1215	91A0	蔵
야	1214	919F	臓
약	1213	919E	憎
얄	1212	919D	増
얇	1211	919C	像
얌	1210	919B	騒
얍	1209	9198	遭
양	1208	9197	送
얕	1207	9196	走
얘	1206	9195	装
어	1205	9193	蒼
억	1204	9190	草
언	1203	918D	総
얻	1202	918B	窓
얼	1201	918A	相
얽	1200	9188	争
엄	1199	9187	燥
업	1198	9184	槍
없	1197	9183	巣
엇	1196	9181	早
었	1195	9180	操
엉	1194	917D	挿
엎	1193	917C	掃
에	1192	917B	捜
엑	1191	917A	想
엔	1190	9177	層
엘	1189	9174	奏
엣	1188	9171	倉
엥	1187	916F	双
여	1186	916E	創
역	1185	916D	僧
엮	1184	916C	鼠
연	1183	916A	阻
열	1182	9167	組
염	1181	9166	素
엽	1180	9165	粗
엾	1179	9163	祖
엿	1178	9162	礎
였	1177	9161	疎
영	1176	915F	狙
옆	1175	9155	繕
예	1174	9153	全
옛	1173	9152	然
오	1172	9150	善
옥	1171	914F	前
온	1170	914B	銭
올	1169	9149	選
옮	1168	9144	船
옳	1167	9141	羨
옴	1166	90FC	線
옵	1165	90F6	潜
옷	1164	90F5	染
옹	1163	90F3	浅
와	1162	90F2	泉
완	1161	90EE	扇
왓	1160	90ED	戦
왔	1159	90EC	川
왕	1158	90EA	専
왜	1157	90E9	宣
왠	1156	90E8	占
외	1155	90E7	千
왼	1154	90E6	先
요	1153	90E5	仙
욕	1152	90E2	絶
용	1151	90E1	雪
우	1150	90E0	説
욱	1149	90DF	節
운	1148	90DD	設
울	1147	90DC	折
움	1146	90DA	接
웁	1145	90D9	拙
웃	1144	90D8	切
웅	1143	90D5	跡
워	1142	90D4	赤
원	1141	90D3	責
월	1140	90D1	績
웠	1139	90D0	籍
웨	1138	90CF	積
웬	1137	90CE	石
위	1136	90CD	析
윈	1135	90CC	昔
유	1134	90CA	戚
육	1133	90C9	惜
율	1132	90C4	斉
융	1131	90C3	静
으	1130	90C2	青
윽	1129	90C1	醒
은	1128	90BF	請
을	1127	90BE	誓
음	1126	90BD	誠
응	1125	90BC	西
의	1124	90BB	製
이	1123	90BA	声
익	1122	90B9	聖
인	1121	90B8	精
일	1120	90B7	盛
읽	1119	90B6	生
잃	1118	90B5	牲
임	1117	90B4	清
입	1116	90B3	正
잇	1115	90B1	棲
있	1114	90B0	晴
잉	1113	90AF	星
잊	1112	90AE	整
잌	1111	90AD	政
자	1110	90AC	成
작	1109	90AB	性
잔	1108	90AA	征
잖	1107	90A8	勢
잘	1106	90A7	制
잠	1105	90A5	是
잡	1104	90A3	瀬
장	1103	90A2	世
잦	1102	90A1	寸
재	1101	909F	澄
쟁	1100	909D	雀
저	1099	9094	数
적	1098	9092	崇
전	1097	908F	随
절	1096	908E	錘
젊	1095	908C	酔
점	1094	908B	遂
접	1093	9088	粋
젓	1092	9087	睡
정	1091	9085	水
젖	1090	9084	推
제	1089	9083	帥
젠	1088	9082	垂
젤	1087	9081	吹
젬	1086	907D	図
져	1085	907B	須
졌	1084	9077	陣
조	1083	9073	尽
족	1082	9071	尋
존	1081	906E	刃
졸	1080	906C	人
좀	1079	906B	震
좁	1078	906A	針
종	1077	9069	進
좇	1076	9068	辛
좋	1075	9067	身
좌	1074	9065	親
죄	1073	905F	神
죠	1072	905E	真
주	1071	905C	申
죽	1070	905B	深
준	1069	905A	浸
줄	1068	9058	森
줌	1067	9056	新
중	1066	9055	振
줘	1065	9054	慎
줬	1064	9053	心
쥐	1063	9052	審
쥔	1062	9051	寝
쥬	1061	904E	侵
즈	1060	904D	信
즉	1059	904C	伸
즐	1058	904B	尻
즘	1057	904A	辱
증	1056	9048	食
지	1055	9047	触
직	1054	9046	色
진	1053	9045	職
질	1052	9044	織
짊	1051	9041	植
짐	1050	9040	拭
집	1049	8FFC	飾
짓	1048	8FF7	譲
징	1047	8FF6	蒸
짖	1046	8FF3	状
짚	1045	8FF0	条
짜	1044	8FEE	情
짝	1043	8FED	常
짠	1042	8FEC	嬢
짤	1040	8FE9	城
짧	1039	8FE7	冗
짭	1038	8FE6	乗
짱	1037	8FE4	丈
째	1036	8FE3	上
쨌	1035	8FE1	障
쨩	1034	8FDC	賞
쩌	1033	8FDB	象
쩍	1032	8FDA	詳
쩐	1031	8FD8	証
쩔	1030	8FD5	衝
쩡	1029	8FD0	紹
쪽	1028	8FCE	笑
쫓	1027	8FCD	章
쭈	1026	8FCC	称
쭐	1025	8FC8	省
쭤	1024	8FC6	照
쯤	1023	8FC5	焦
찌	1022	8FC4	焼
찍	1021	8FC2	渉
찔	1020	8FC1	消
찜	1019	8FC0	沼
찢	1018	8FBB	晶
차	1017	8FB9	昌
착	1016	8FB8	昇
찬	1015	8FB5	招
찮	1014	8FB3	承
찰	1013	8FB0	床
참	1012	8FAE	尚
찼	1011	8FAD	少
창	1010	8FAC	小
찾	1009	8FAB	将
채	1008	8FA5	唱
책	1007	8FA4	商
챌	1006	8FA2	召
챙	1005	8FA0	匠
챠	1004	8F9F	勝
처	1003	8F9E	償
척	1002	8F9D	傷
천	1001	8F9C	除
철	1000	8F99	徐
첩	999	8F98	序
첫	998	8F97	女
청	997	8F95	助
체	996	8F94	諸
쳇	995	8F91	書
쳐	994	8F8F	緒
쳤	993	8F8B	暑
초	992	8F8A	所
촉	991	8F89	初
촌	990	8F88	処
총	989	8F87	順
최	988	8F84	巡
추	987	8F83	純
축	986	8F82	盾
춘	985	8F80	準
출	984	8F7A	循
춤	983	8F75	瞬
춥	982	8F74	春
충	981	8F71	述
춰	980	8F70	術
취	979	8F6F	出
츄	978	8F6E	熟
츠	977	8F6C	粛
측	976	8F6B	縮
층	975	8F6A	祝
치	974	8F69	淑
칙	973	8F68	宿
친	972	8F65	銃
칠	971	8F64	重
침	970	8F63	縦
칩	969	8F62	獣
칫	968	8F5F	柔
칭	967	8F5D	従
카	966	8F5C	十
칼	965	8F5A	住
캐	964	8F57	集
커	963	8F52	蹴
컨	962	8F50	襲
컬	961	8F4F	衆
컴	960	8F4D	舟
컷	959	8F4C	臭
케	958	8F4B	習
켄	957	8F49	終
켈	956	8F48	秋
켓	955	8F47	秀
켜	954	8F46	洲
켰	953	8F45	拾
코	952	8F44	愁
콘	951	8F43	修
콤	950	8F41	就
콩	949	8F40	宗
콰	948	8EFC	周
콱	947	8EFB	収
쾅	946	8EFA	囚
쾌	945	8EF6	授
쿠	944	8EF5	寿
쿡	943	8EF4	呪
쿵	942	8EF3	受
쿼	941	8EF1	首
퀘	940	8EF0	酒
퀵	939	8EEF	趣
퀸	938	8EED	種
큐	937	8EEC	珠
크	936	8EEB	狩
큭	935	8EEA	殊
큰	934	8EE8	手
클	933	8EE7	守
큼	932	8EE6	取
키	931	8EE5	主
킨	930	8EE4	惹
킬	929	8EE3	弱
킴	928	8EE2	寂
킹	927	8EE1	若
타	926	8EDF	釈
탁	925	8ED8	借
탄	924	8ED7	邪
탈	923	8ED4	車
탐	922	8ED3	謝
탑	921	8ED2	者
탓	920	8ED0	社
탔	919	8ECE	斜
탕	918	8ECD	赦
태	917	8ECC	捨
택	916	8ECB	射
탬	915	8ECA	写
탱	914	8EC9	舎
터	913	8EC0	実
턱	912	8EBF	質
턴	911	8EBE	疾
털	910	8EBC	湿
텁	909	8EBA	室
텅	908	8EB8	失
테	907	8EB7	執
텐	906	8EB5	七
템	905	8EB2	軸
텨	904	8EAF	識
텼	903	8EAE	式
토	902	8EAD	鹿
톤	901	8EAB	辞
톨	900	8EA9	自
톰	899	8EA8	耳
톱	898	8EA6	示
통	897	8EA1	治
퇴	896	8E9F	次
투	895	8E9E	時
툼	894	8E9D	持
퉁	893	8E9C	慈
튀	892	8E9B	寺
튈	891	8E9A	字
튕	890	8E99	児
튜	889	8E97	似
트	888	8E96	事
특	887	8E95	歯
튼	886	8E93	雌
틀	885	8E91	資
틈	884	8E8E	試
티	883	8E8C	詞
틱	882	8E8B	視
틸	881	8E8A	至
팀	880	8E88	肢
파	879	8E87	紫
판	878	8E86	紙
팔	877	8E85	糸
팡	876	8E84	私
패	875	8E81	氏
팬	874	8E80	死
팰	873	8E7E	止
팻	872	8E7C	旨
팽	871	8E7B	施
퍼	870	8E78	支
펀	869	8E77	指
펄	868	8E76	思
페	867	8E75	志
펙	866	8E74	師
펴	865	8E73	市
편	864	8E72	屍
펼	863	8E71	子
폈	862	8E70	姿
평	861	8E6F	姉
폐	860	8E6E	始
포	859	8E6D	士
폭	858	8E6C	四
표	857	8E6A	史
푸	856	8E69	司
푹	855	8E68	刺
푼	854	8E67	使
풀	853	8E66	伺
품	852	8E64	仕
풍	851	8E63	残
프	850	8E62	暫
픈	849	8E61	斬
플	848	8E5E	賛
픔	847	8E5D	讃
피	846	8E5A	算
필	845	8E59	産
핌	844	8E56	桟
핏	843	8E55	散
핑	842	8E53	惨
하	841	8E52	山
학	840	8E51	参
한	839	8E4F	三
할	838	8E47	雑
함	837	8E45	殺
합	836	8E41	拶
핫	835	8E40	察
항	834	8DFB	冊
해	833	8DF7	桜
핸	832	8DF6	錯
했	831	8DF5	索
행	830	8DF4	策
향	829	8DF2	柵
허	828	8DED	削
헉	826	8DE2	坂
헌	825	8DE1	冴
험	824	8DE0	財
헛	823	8DDF	罪
헤	822	8DDE	材
헥	821	8DDD	在
헬	820	8DDB	際
헷	819	8DDA	載
혀	818	8DD9	裁
현	817	8DD7	細
혈	816	8DD5	祭
협	815	8DD4	砦
혔	814	8DD3	砕
형	813	8DD0	災
혜	812	8DCF	済
호	811	8DCE	歳
혹	810	8DCC	採
혼	809	8DCB	才
홀	808	8DCA	彩
홋	807	8DC8	妻
화	806	8DC5	最
확	805	8DC4	再
환	804	8DC3	催
활	803	8DC0	座
황	802	8DBD	鎖
회	801	8DBB	砂
획	800	8DB8	査
횡	799	8DB7	差
효	798	8DB6	左
후	797	8DB4	唆
훈	796	8DB3	叉
훌	795	8DB2	佐
훔	794	8DB1	些
훗	793	8DB0	魂
훤	792	8DAC	混
훨	791	8DAA	根
휘	790	8DA9	昆
휩	789	8DA8	昏
휴	788	8DA6	恨
흉	787	8DA5	婚
흐	786	8DA2	困
흑	785	8DA1	今
흔	784	8DA0	頃
흘	783	8D9E	込
흙	782	8D9C	骨
흠	781	8D9B	惚
흡	780	8D98	腰
흥	779	8D96	獄
흩	778	8D95	黒
희	777	8D93	酷
흰	776	8D91	国
히	775	8D90	告
힌	774	8D8F	刻
힐	773	8D8E	克
힘	772	8D8C	轟
