key	ko
dd534303cb	　\n　\n　　　문이 열리지 않았다%b%V0
cf245c218d	　\n　\n보물상자가 열리지 않았다%b%V0
87fed37f3c	들어간다
20f2cd4097	들어가지 않는다
b257ff8b8f	지나간다
5ad0a15b28	지나가지 않는다
4250ca1e44	이야기를 듣는다
5d15dfd67a	다시 한번 듣는다
4837e62b83	집을 나간다
3179a8e644	%H%m1%V100［%m0７인위원회%m1］%V0%m0\n
5bfdf583d4	%z때가 무르익었다\n
f88cc66c0c	이제, 우리 위원회의 계획을\n
474432655c	실행에 옮길 때다\n
02546a6dc7	세계를 제패하리라！
bb9c7fa458	%z갈자드여・
910cc97a44	%H%m1%V100［%m0갈자드%m1］%V0%m0\n
8e0f1d0f40	%z예！
bcd4958a34	%z그대를 우리의 발톱으로 삼겠다\n병마를 이끌고\n카달의 이름을 세상에 떨쳐라！
a251ce54ae	%z감사하옵니다！
bbbb7400bc	%z라그로스여・
8a20c51240	%H%m1%V100［%m0라그로스%m1］%V0%m0\n
1f796b0e76	%z그 유례없는 마법력으로\n갈자드를 보좌하여,\n리그로드에서의 승리를\n확실히 하도록 하라
63575f5ec5	%z분부 받들겠나이다！\n리그로드 대륙에 사는 원숭이를 제압함은\n애 손목 비틀기보다도 쉬운 일이니\n소인 혼자에게 맡기소서・
03c18d47b1	%z갈자드,\n우리는 의견을 묻는 것이 아니다\n명령하는 것이다\n라그로스를 거느리고 리그로드를 함락시키라고
1dfc2f184a	%z・분부대로
cf5e669680	이것과 같은 물건을 타고,\n나는 카달까지 날아온 거야%b
cb8ed474cc	아무래도 세 대륙을\n순식간에 오갈 수 있는 물건인 모양이군%b
c49025f428	좋아,\n어디로 가는지 확인해 보자%b
b839fdd0c3	탑을 나가시겠습니까？
a3d1505175	나간다
22fb0b31c9	나가지 않는다
c5ac222d2d	%H%m1%V100［%m0７인위원회 리더%m1］%V0%m0\n
ed23787db8	때가 무르익었다%b
2ed54ce893	이제, 우리의 계획을 실행에 옮길 때다\n이로써 세계에 패권을 이루리라！%b
15903ef60e	그럼, 뒷일을 부탁하마,\n갈자드%b
04012ab630	예！\n성공을 기원하겠나이다%b
6a4b6af542	・%b
fc47e44888	흠, 아무래도 손님이 도착한 모양이군\n실컷 놀아 주도록 하지%b
7d861fa1c1	분부대로 하겠나이다%b
7f2b875b61	만약 알렉트리아 대도서관의 무투사서가\n놈들 무리에 끼어 있다면,\n가능하면 생포하도록 하라%b
70cc173930	어찌하여, 그런 사소한 것을？%b
6b2c28ef7b	・아니, 아무것도 아니다%b
5746326a2f	우리의 계획은 마지막 단계에 접어들었다%b
56ebd18e99	드디어, 우리 희망의 별을\n이 손에 넣을 때가 온 것이다！%b
eb3592e587	갈자드여\n가서, 놈들을 짓밟아라！%b
5601b995de	・누구든 상관없다, 짓밟아라%b
389013595d	예！%b
83fa5a134a	이쪽은 야마타이행 게이트였구나%b
d7f32f6049	이건, 내가 야마타이에서 타고 온\n카오스게이트로군%b
90b7248dcf	카오스게이트를 사용하시겠습니까？
3f7592b3e4	사용한다
0d74d434a0	사용하지 않는다
f49c32e0d9	이쪽은 리그로드행 게이트였구나%b
68cd6b2966	이건, 내가 야마타이에서 왔을 때의\n카오스게이트와는 다르네%b
cc15310942	대체, 어디로 이어져 있는 걸까？%b
88345026ed	감금실을 나가시겠습니까？
036c6cdb90	게텐성에서 갈자드와 함께\n카달로 옮겨진 뮤는,%b%h７인위원회 탑의 감금실에\n갇힌 몸이 되어 있었다%b
19f21a497c	날 어떻게 할 셈이야？！%b
1998d29182	내일 아침, 해가 뜨는 대로 공개처형한다\n이는 ７인위원회의 명령이다%b
a6ed0d1aa4	삼가 받들도록 하라%b
07072f5040	처형・%b
0f0a41e6d8	・서로, 불쾌한 사태에 이르지 않도록,\n내일 아침까지 얌전히 있어 주길 바란다%b
32490a607c	도착 보고를 해야 하니,\n실례하겠소%b
945fd358df	보고를 마치면,\n다시 살펴보러 오겠소%b
a1451d684e	%H%m1%V100［%m0%s0%m1］%V0%m0\n이런 곳에서・쓰러지는 건가・%b
e82630f126	나나・는・키・\n오카・%b
3e66fa081d	어？\n누가 있나・？%b
5588e59273	７인위원회는, 절대불가침의 금기를 어기고,\n알렉트리아 대도서관의\n자치독립을 위협해 왔다・%b
c878827114	그렇다면, 알렉트리아 대도서관의\n『고대마법문명』에 관한 문헌을 노렸다고\n생각하는 게 타당하겠군요%b
be7359070a	분명 그들은 거기서\n뭔가 얻고 싶은 정보가 있는 거예요・%b
1dfcc4cae0	그래요！\n틀림없어요！%b
887d33cd70	자기 세계에 빠진 것 같군%b
c4879de84d	여보세요・？%b
c851500df2	역시, 아무리 생각해도,\n알렉트리아 대도서관의%b
e4b3aa5420	고대마법문명에 관한 문헌 안에,\n뭔가 얻고 싶은 정보가 있는 거예요・%b
1f1729e6be	지내기는 어떠십니까？\n뮤 왕녀%b
f73f0ca6e8	갈자드！%b
35c3162544	네놈들의 목적이 뭐야！？\n왜 우리나라를 습격한 거야！%b
4118d81d95	・그런 쓸데없는 호기심은,\n제 몸을 망치는 원인이 되지요%b
1d40ecf992	・뮤 왕녀%b
fa37e77e70	허나, 그대의 목숨도 내일 아침까지・%b
6adb692b38	어차피 죽을 몸이라면,\n조금은 그 호기심을 채워 드려도\n７인위원회께서 용서해 주시겠지요%b
d4d9402424	자신의 이익과 욕망을 위해,\n이 아름다운 세상을 잠식해 가는 자들을\n위원회는 용납할 수 없었소%b
170d30cb81	우리의 목적은, 더 나은 시대의 도래를\n더 우수한 자의 손으로\n이루는 데에 있소%b
c2aacd5064	리그로드와 야마타이를\n침략한 구실치고는,\n너무 초라하지 않은가！？%b
4ae3b620c4	다가올 시대를 여는,\n우수한 자를 가리기 위함이오%b
42ede8cefe	다소의 유혈은 어쩔 수 없지요%b
081dd1afd6	하기야, 야마타이와 리그로드에는,\n살아남을 만한 우수한 자들이\n없었지만 말이오%b
4db366f47c	말 다 했어！%b
94eee1532c	모두 『대사를 위한 소사』일 뿐이오%b
14d758dabb	후후후%b
75db196f18	이건,\n７인위원회를 다스리는 수장의 입버릇이지만%b
a74867227c	위대한 계획을 위해서는,\n다소의 희생은 따르는 법이라고,\n역사에는 나와 있소%b
dc1fa8fd71	네놈들 뜻대로는 안 돼！%b
c93c63ed0f	７인위원회가 뭘 꾸미든,\n반드시, 이 손으로 짓밟아 주겠다！%b
5a69c9b85c	패배자의 헛소리・란 말이오？%b
32e40d0bd7	뭐, 그것도, 내일까지의 일\n실컷 짖어대는 게 좋을 거요%b
dae79c4144	자, 잠깐 기다려 주세요！%b
fb9744a676	알렉트리아 대도서관\n무투사서관 앙주 님인가・%b
fd2500e43e	아버님은 알렉트리아 대도서관장의\n요직에 계신데도・%b
707995698d	７인위원회에 대한 반대운동을 벌이는\n레지스탕스에 가담하다니,\n경솔한 짓을 하셨구려%b
cbaf046ea3	알렉트리아 대도서관이 카달에서 유일하게\n자치독립을 인정받고 있는 것은,\n불온분자를 키우기 위함이 아니외다%b
43fc905513	형이 정해질 때까지, 자신의 행동을\n이 안에서 반성하도록 하시오%b
5aac400b4f	저는, 이 어둡고 차가운 감옥 안에서\n제가 한 일을 반성했사옵니다%b
12ae91f08f	이곳을 나가는 그날에는,\n제 동료들에게도,%b
b98910896b	반체제운동을 그만두라고,\n설득하고 다니려 하옵니다%b
c099384afa	허나, 활동 동료를 설득하려면,\n７인위원회님의 목적을\n자세히 알아야 하옵니다%b
08c231a99d	・과연・그래서？%b
1c5c1cf3dc	７인위원회님의 목적이란,\n다름아닌, 역사 속에 묻혀 있던%b
22e98b10a1	고대마법기술의 부활과\n그것을 이용한 세계정복에 있는 게 아닌가요？%b
5c81a1d5ba	・그 건에 관해서는,\n말씀드릴 수 있는 것이 없소%b
07944e63d4	알렉트리아 대도서관장의 딸인\n저에게조차,\n밝혀 주실 수 없나요？%b
690d80c740	그 전에 그대는 위원회에 대한\n반대운동을 하고 있지 않았소%b
7c4460100e	개심했다고 하셔도,\n쉽사리 믿기 어렵구려%b
ada501d64f	후후후후%b
05383b31fb	역시, 생각한 대로였어요\n드디어, ７인위원회의 꼬리를 잡았어요！%b
e66dc302e3	저・%b
cff67809b5	어머, 당신,\n언제부터 계셨나요？%b
11bf9c6a53	아까부터 있었는데요・%b
69fb120646	어머, 그러셨나요,\n전혀 눈치채지 못했어요, 호호호호☆%b
104fa6044e	저는, 알렉트리아 대도서관에서,\n무투사서관을 맡고 있는 앙주라고 하옵니다%b
6551d0d782	당신은？%b
72fd502710	드라군 왕국의 용기사, 뮤%b
7e564bf063	어머, 드라군 왕국의？%b
5d17387335	드라군 왕국을 아시나요？%b
7d46a3540a	알렉트리아 대도서관은 지식의 전당,\n학자들의 사교장이에요%b
0b7e2b3125	리그로드 대륙의 주요 왕가 정도는,\n알고 있어야 마땅하지요%b
18c350b736	허, 그렇구나%b
cc01cea251	그런데, 아까부터 이야기에 나오는\n알렉트리아 대도서관이란, 대체 뭐야？%b
e6235f4de3	・아, 아무래도, 리그로드 분이시니,\n모르시는 것도 무리는 아니에요%b
e849d06fde	알렉트리아 대도서관은,\n카달 건국 당시부터 자치독립을\n인정받은 유일한 곳이랍니다%b
023585b1cd	전 세계의 책들이 모인\n그야말로, 지식의 전당！%b
fda8b23c10	그것이, 알렉트리아 대도서관이에요！%b
ececefa9b5	참고로, 제 아버지께서,\n그곳 관장을 맡고 계세요%b
93f03920fe	하기야, 아버지・아니 관장님은,\n７인위원회에겐 꼼짝 못 하시는 것 같지만요%b
8ff5dced95	흐응・\n근데, 왜 앙주는 붙잡혀 있는 거야？%b
6c7efc1a4e	아까 이야기로 미루어 보면,\n７인위원회에 반대하는 것 같던데%b
d0aa6e9610	７인위원회의 행동은,\n전 세계에 혼란과 파괴를 불러올 뿐이에요%b
9a3393b53d	반드시 저지해야만 해요%b
6dbb5db15f	제가 이런\n더러운 곳에 들어온 것도,\n모두 ７인위원회의 행동을 살피기 위함이에요%b
976b6a115a	위원회의 목적이,\n고대마법문명 시대의 잃어버린 기술의 부활과%b
6267705219	그 이용에 있음을 안 이상,\n더 이상 이런 곳에 볼일은 없어요%b
1de61c3c8f	그래！%b
cb4b377841	자, 여기서 도망치기 위해\n협력하지 않을래？%b
cf8b544309	저, 이래 봬도\n사서무투술의 달인이랍니다！%b
52b6bcab0f	도움은 필요 없어요！%b
fbeeededd5	・라고 말하고 싶지만,\n드라군 용기사의 힘을\n빌릴 수 있다면 이야기는 다르지요%b
4bd2025951	좋아요%b
c217d1f516	이 탑을 탈출할 때까지, 서로 돕는다,\n그런 걸로 하죠%b
ed8287c925	응！%b
2d448bd1a7	그럼, 이 불결한 곳에서\n나가도록 하죠%b
28e6e776f5	앙・되・트루아～ッ！%b
e115744983	어머,\n기합이 조금 부족했나 보네요%b
6ecb941b8b	으차，%b
77771896fb	자,\n갑니다아～ッ！%b
ee95be50bd	호, 호호, 호호호%b
95d4e448e7	어쩔 수 없네요,\n진심을 다해 볼까요%b
210bf91543	받아라아아아아아아～ッ！%b
0b2cf74df8	대충, 이런 느낌이에요%b
1da385600f	사서무투술이라니・\n대, 대단하네%b
59f1007480	숙녀의 소양이에요%b
835c10f273	%H%m1%V100［%m0마을 사람%m1］%V0%m0\n
7ce1375431	난 항구도시 포포론에서, 붙잡혔어%b
010ffc4a45	７인위원회에 대한 반대운동을 했다는 게\n이유였어%b
75c965dae4	근데, 난 친구를 숨겨 준 것뿐이지,\n７인위원회에 반대하는 운동 같은 건\n한 적 없다고%b
c7b086bdb4	정의는 대체 어디로 가 버린 건지・%b
5e14cb8688	심하다, 너무해！\n
3e2359a753	디버그 모드를 쓰다니・%b
e4b2565cc6	그런 당신에겐 아사구슬을 드리죠%b
e1c9250bf9	갈자드오오오오옷！！%b
d79692af79	오랜만이군,\n뮤 왕녀%b
d32ffc972b	수많은 죄 없는 사람들을 해친 대가를,\n지금 여기서 치르게 해 주겠어！%b
a204b9d454	내가 보기엔,\n약하다는 것은, 그것만으로도,%b
76b00ed425	강한 자에게 짓밟혀도\n불평할 수 없는 것이지요%b
e9293c2876	사람 목숨의 무게를 생각해 본 적이 없는 거냐！\n갈자드！%b
86c690a856	목숨 따위, 긴 역사 속에\n한순간 떠올랐다 사라지는 거품에 지나지 않소%b
1b6b306f40	언젠가는 사라져 갈 것・\n빠르냐 늦냐, 그 차이일 뿐이오%b
ebaaf6b58c	그렇다고, 그걸 결정할 권리는,\n누구에게도 없어！！%b
5b64188ef2	힘없는 정의에서 태어나는\n이상론에 지나지 않소%b
529292e514	이상에 가까워지려 하기에\n인간은 진보하는 거야！%b
dc4ba9bd92	논쟁을 해 봤자,\n결국은, 시간 낭비외다%b
725ba3b278	마도왕국 카달의 미래를 위해,\n사라져 주셔야겠소！%b
3685d01e4b	야마타이에서 싸웠을 때는\n손속에 사정을 두었지만,\n이번엔 전력으로 상대하지！%b
a2b0300377	저놈을 쓰러뜨리는 것만 생각하자%b
614de8d27a	흐흐흐, 내 패배인가・%b
d1e32f4890	허나, 그대들에게는,\n아직 편히 쉬게 해 줄 순 없소%b
cbc710db48	흐흐흐, 알고 있소？%b
b39ac105fa	이 게이트키는,\n마법의 전이장치 카오스게이트를\n작동시키기 위한 도구요%b
5c83bd5dd9	카오스게이트를 쓸 수 없게 되면,\n그대들의 발도 묶일 것이오%b
7ea8bd87b9	그러니・게이트키는\n그대들 손에 넘겨줄 수 없소%b
08376c2ea0	뭐 하는 거야, 그만둬！%b
31ec015368	・부숴 버리겠소%b
8f16f6dac5	게이트키는,\n산산조각이 나 버렸다%b
5edbfd6744	７인위원회는 무슨 꿍꿍이야！\n고대마법문명으로 뭘 하려는 거야！%b
c4835caf9b	알려 드리지요%b
f9d7490ba1	우리는, 고대마법문명의 수수께끼를\n풀어내려 하고 있소%b
35b47a4326	왜 그런 짓을 하는 거야！%b
53b671f0a3	어리석은 인류를 숙정하기 위해서・%b
381b549f4d	그리고, 지성과 육체의 조화 속에,\n７인위원회가 통치하는 완전한 세상을,\n지상에 실현하기 위해서・%b
4fea38060f	그 세상에서 뭘 할 셈이야！？%b
81ed6a68cd	・제２의 마법문명을 세우는 것이오%b
e5c59ab716	７인위원회는, 지금보다 훨씬 훌륭하고,\n풍요로운 세상을 세울 것이오%b
69c17a6dc1	허나 우리가 이 패권을 이루지 않으면,\n인류의 진보는 있을 수 없소！%b
e70651ac7e	그런・일을 위해・？%b
9dcac879a2	그런 일을 위해,\n죄 없는 사람들을 해쳤단 말이냐！！%b
ed62b8cc11	위대한 목적을 위해서는,\n다소의 희생은 따르는 법이오%b
3e59ec8668	재생을 위해서는, 파괴가 반드시 필요한 것이오%b
ba690b799c	포포론・이었지요, 그 거리의 이름이%b
fbd3613b3a	다가올 세상에 어울리지 않는\n쓰레기장 같은 거리였기에,%b
d1b60275f3	숙정해 드렸을 뿐이외다%b
68b5551aad	뭐라고！%b
6b79bd7621	７인위원회에 반항하는 레지스탕스나\n그들을 지원하는 어리석은 사람들을 숙정하는 것도,%b
ffa5e956f9	새로운 시대의 막이 열리는 데\n필요한 일이라 생각지 않소？%b
ea83d484ab	용서 못 해, 갈자드！\n네놈들은 그저 자신들의 힘을 쓰는 데\n취해 있을 뿐이야！%b
6ef0526792	그것이・어쨌다는 것이오？%b
b78a8debf5	힘을 가진 자만이, 모든 것을 정함으로써\n정의와, 역사가 태어나는 것이오%b
29280d764a	바꿔 말하면, 힘없는 자는\n그것만으로도 악인 것이오・%b
cec2e678aa	허나, 우리는 다르오%b
264c2fdf66	７인위원회야말로,\n고대마법문명 이상의 지식과\n기술을 가질 자격이 있는 것이오%b
3375d29a6f	그리고・이제 곧・%b
7f82e3b157	７인위원회는 리그로드에서,\n전 인류를 대숙정하는 최종단계에\n들어갈 것이오・%b
9ab43c58e7	그런 짓, 절대 용납 못 해！%b
daf6198a1e	만약, 그대들의 이상이\n참으로 옳다면・%b
ca77179d48	그대들이 무엇을 이루는지,\n지켜보고 싶기도 하나만・%b
acc86b44d5	크윽！%b
6a26a483f5	내게는・이제・\n시간이・남지・않았소%b
4778f49eb2	갈자드・%b
af367ac5d0	７인위원회 놈들,\n세상을 뒤엎으려\n하는 모양이군%b
a87c57d3bb	어쩔 거야, 뮤？%b
d6c67ddc4d	７인위원회의 계획을\n막아야 해！%b
5aab843519	리그로드가, 세상이 위험해！%b
34ac51f6b7	그 전에\n포포론이 걱정돼요！%b
d43262820a	지금은 시간을 낭비할 때가 아니야！%b
041ccd6c41	그 거리는 우리를 도와준 탓에\n재난을 당했는데,\n그걸 무시하시겠다는 건가요！？%b
96b3e0e7f8	뮤, 조급한 마음은 알겠지만,\n이럴 때일수록 냉정해져야 해%b
2eef03e657	뮤, 갈자드가 가지고 있던,\n게이트키는,\n완전히 부서져 버렸어%b
ca4980687a	어떻게 리그로드로 돌아가지？%b
4fb38f0db5	그게 있으면,\n카오스게이트를 써서,%b
7b1abbd753	뮤가 여기 왔을 때처럼\n이동할 수 있었을지도 모르는데%b
25c3423182	그렇다면 어차피, 리그로드에 가려면\n항구도시 포포론을 경유할 수밖에 없어%b
b5b308478e	어떨까, 일단\n포포론의 상황을 살펴보는 건？%b
7f092bc322	・알았어%b
943ed857b9	이 근처 길은\n미끄러운 것 같군요%b
e6cac41dfd	조심해서 갑시다%b
4a6ff154df	뭐, 무슨 소리지？%b
3d5ef66a20	우리의 도주 행각이\n들통난 모양이에요%b
9bcf34a066	이렇게 된 이상 혈로를 뚫고서라도\n나아갈 수밖에 없어요%b
e924928a94	각오는 되셨나요？%b
5f9794537b	지금까지도, 몇 번이나 불리한 상황을\n뒤집어 왔잖아%b
d4aa92c09c	이번에도, 해낼 수 있어！%b
0a753d7c4d	러스티・부탁이야・\n날, 지켜 줘・%b
00b4dda9ff	뭐라고 하셨나요？%b
7daff87d7f	아, 아니, 아무것도 아니야%b
8b6eacbec9	갑니다！%b
4278fe7fbc	여기서 밖으로 나갈 수 있어요%b
ae19f8c262	이번에도, 해낼 수 있어！\n가자, 러스티！%b
d72f4a980c	저는 『앙주』예요%b
7487cf4ed7	・아！\n・미안%b
39d1752a30	자, 갑니다！%b
36fa1f0088	감금실로 돌아가시겠습니까？
9d37226027	돌아간다
7d2b4c2472	돌아가지 않는다
6de00524e1	밖으로 나가시겠습니까？
c47d650454	여기를 지나면,\n밖으로 나갈 수 있어요%b
6dd6fa7ed4	응%b
d931c02536	추격자가 오기 전에,\n여기서 도망치자%b
7b0dc29eb8	그래요\n갑시다！%b
ff170a3fcb	좋아, 여기서 밖으로 나갈 수 있어！%b
8480b51208	추격자가 오기 전에,\n서둘러 여기서 도망치자%b
cd23fad34c	여기를 지나면,\n이곳을 벗어날 수 있어요%b
ad3a5e539d	불결한 침대는 이제 지긋지긋해요%b
7f72eaf881	조금이라도 빨리,\n여기서 도망칩시다%b
4e7b34150c	%H%m1%V100［%m0갈자드%m1］%V0%m0\n놓쳤군・\n뭐, 됐다%b
8a0fd797d6	%H%m1%V100［%m0갈자드%m1］%V0%m0\n계집애 둘이 도망쳤다 한들,\n계획 전체에 지장은 없을 것이다%b
4b2eded933	%H%m1%V100［%m0갈자드%m1］%V0%m0\n７인위원회의 뜻과,\n마법구의 힘은 절대적이니・%b
59bf24a3cc	돌아가시겠습니까?
d98c0a5e1f	안쪽으로 가시겠습니까?
6f757f76a7	간다
338229a803	가지 않는다
6c46e5cdcd	저쪽에서 안쪽으로 갈 수 있을 것 같아요%b
8bfbc349bb	허나, 양쪽에 있는 병사가 성가시군%b
4273a42998	　이 나라의 왕녀 뮤와\n는, 어릴 적부터 아는\n사이인데, 그녀는 만날\n때마다 예뻐지는 것\n같다\n　그런데 성격은 여전히\n짓궂다 다른 사람에게는,\n그런대로 대하면서,\n어째서 나에게만 그녀는\n짓궂게 구는 걸까 여자\n마음은 모르겠구나
b2f305857f	　내 이름은 러스티　퀸즈랜드의 왕자로, 드라군 왕국의 왕녀 뮤와는 소꿉친구다\n　드라군 왕가는, 용기사의 수장이기도 하며, 우리 리그로드 대륙 주민들에겐 든든한 존재다\n　나는 전투훈련을 받기 위해, 드라군을 방문 중이었는데,
bd1f9080cd	그때 갑자기 공격을 가해 온 것은 카달이라는 들어본 적 없는 나라의 군대와, 그것을 이끄는 갈자드라는 남자였다 갑작스런 공격에 드라군 왕은, 뮤에게 야마타이의 이가로 가라고 명하며, 성을 탈출시켰다\n　이렇게, 나와 뮤의 여정은 싸움과 함께 막을 올렸다・
39005becb2	　우리는 우선 자루마로 향했다 자루마 사람들은,\n드라군에게 일어난 일을 모르는 눈치다 우리는, 사람들에게 진실을 알려 공황이 일어나는 것을 두려워해, 드라군이 카달을 자칭하는 군대와 갈자드에 의해 제압당한 것을 말할 수 없었다
7a13c92928	　뮤는, 거짓말을 하는 것이 괴로운지, 사람들의 전적인 신뢰가 담긴 미소와 따뜻한 말에서, 얼굴을 돌리고 있었다\n나도 마을 사람들을 배신하는 것 같아 몹시 괴로웠다\n　다시 이 마을에 돌아왔을 때, 마을 사람들에게, 어떤 얼굴을 해야 할까・
3302262620	　새로운 동료가 늘었다 그의 이름은 아스카 이가 최강의 시노비 집단 월조의 두령으로 인술의 달인이다\n　아스카는, 그 전투능력의 높음을 카달에게 인정받아, 협력하라는 명령을 받았다 하지만, 그는 따르지 않아, 카달은, 아스카의 부하들을 붙잡아 닌자 저택에 가두
2cb1aff125	었다\n　그와 동시에, 이가 사람들에게 아스카가 배신자인 것처럼 오해하게 만들어, 아스카를 고립시켰다\n　하지만, 우리의 협력으로 닌자 저택을 공략해, 아스카의 부하들을 되찾음으로써 이가 사람들의 오해를 풀 수 있었다
1b5de4d2ee	　야마타이 최대의 도시, 고조 그곳에서 우리는 함정에 빠져, 호쇼인이라는 곳에 갇혔다\n　우리를 도와준 것은, 여도적 시라나미 그녀는, 아무래도 아스카의 소꿉친구였던 모양이다 시라나미는 이제 고조를 어지럽히는 대도적이
64350e2def	되어 있다 게다가, 훔치는 상대는 악인이고, 훔친 금품을 가난한 사람들에게 나눠 주고 있어서, 고조 주민들에게는 큰 인기다\n　시라나미는, 우리 동료가 됐지만, 아무래도, 동기는 그다지 순수하지 않은 듯하다
3466e8ba8d	　새로 나즈나가 동료가 됐다\n　나즈나는, 식신이라고 해서, 정령계라는 곳에서 오는 일종의 요정이라나 보다\n　나즈나는, 뿌리 없는 자라고 해서, 의식도 없이 이쪽으로 온 식신이다\n　본인이 몰래 알려 준 바로는, 정령계에 질려서 이쪽
c0a6632879	세상에 왔지만, 여기도 그다지 재미없어서, 동굴 안에서 스스로를 봉인하고 잠들어 있었다던가・\n　어쨌든, 아스카에게 딱 붙어 있고, 지켜보기에 매우 재밌다 하지만, 그걸 말하면 아스카가 몹시 화내니 비밀로 하자
6768c2b2dd	　새로운 동료가 또 늘었다\n　그의 이름은, 카무이 카무이코탄이라는 작은 산골 마을의 족장으로, 정령의 힘으로 곰이나 매 같은 짐승으로 변신하는 힘을 지녔다\n　유카리 씨라는 연인이 있어서, 카무이는 그녀를 매우 소중히 여긴다
d0196a0b61	　그의 마을 사람들이 카달에게 인질로 잡혀 있던 것을, 협력해서 구해 낸 것이, 카무이가 우리 동료가 된 계기였다\n　동료 중에서는 가장 상식적이라, 우리에게는, 나이 많은 형처럼 느껴진다 가끔, 그의 이야기가, 설교처럼 들리긴 해도
b6381db94e	　오보로계곡이란, 으스스한 곳이다\n끊임없이 안개인지 아지랑이인지 모를 묘한 연기가 감돌아, 우리의 침입을 막는 듯한 면이 있다\n　오보로계곡에는, 그 특이한 풍경 말고도, 하나 더, 달갑잖은 명물이 있다
b739aa1baf	　오보로계곡의 아야공주라 하면, 리그로드의 영웅들이 싸운 그 전쟁에서, 뮤와 내 선조들을 괴롭힌 상대다\n　여기에는, 그 아야공주의 피를 이은 미즈타마라는 여도적이 있었다\n　지기 싫어하는 성격인지 앞으로도 계속 우리에게 덤벼들지 모른다고 생각하니, 진저리가 난다
020e85a4db	　쿠리카라 마을에는, 포술이라는, 화약을 다루는 기술이 있다 그 일인자가 타타라라는 거한이다\n　카달군은 포술에 전략적 가치를 발견하고, 타타라 일행에게 협력을 명했다\n　하지만, 자신들의 기술이 무익한 대량살인에 쓰이는 것을 싫어한 타타라 일행은, 카달의 요구에 계속 반대했다
d73de6c2ba	　그리고, 우리가 쿠리카라 마을을 찾은 그날, 카달 무리에 의해, 마을에 불이 놓였다\n　우리는 결사의 각오로 화약창고로 향해, 대폭발이 일어나기 전에 불을 끌 수 있었다\n　이렇게, 쿠리카라에서 제일가는 솜씨를 지닌 타타라가 동료가 됐다
52e2376789	　그리고, 우리가 쿠리카라 마을을 찾은 그날, 카달 무리에 의해, 마을에 불이 놓였다\n　우리는 결사의 각오로 화약창고로 향했지만, 폭발을 막지 못했다\n　쿠리카라 마을은 폭발과 함께 날아갔고, 우리는, 힘이 부족했음을 후회했다\n　그 다정한 사람들의 미소가 돌아오는 일은 이제 없다
1d82fd04b1	　결계동은, 야마타이 중앙에 위치한 영봉 후지를 관통하는 지하동굴이다\n　이곳은 예로부터 뒷야마타이 지방과 앞야마타이 지방을 가르는 요충지로, 게텐성의 주인을 지키기 위해 한번 봉인되면 특별한 아이템을 세 개 모으지 않으면, 봉인을 풀 수 없다
ee1877d9e6	　우리는 고생 끝에, 세 아이템을 모아, 게텐성으로 향하기 위해, 결계동의 봉인을 풀었다\n　갈자드와 카달군이 거점으로 삼은 게텐성은, 이제 코앞이다
a16fa4af4e	　나는, 이 게텐이라는 성에서 일어난 일을 평생 잊지 못할 것이다・\n　우리는 카달의 장군 갈자드를 게텐성 가장 깊은 곳에서 찾아냈다 거기까지 몰아붙였다고 생각한 것은 우리의 큰 오산이었다\n　갈자드는 자신의 필요에 따라, 그 장소
8a4013bd15	로 이동했을 뿐이었고, 우리를 위협으로 여기지 않았던 것이다\n　갈자드는 갑자기 사라졌고, 그것을 막으려 한 뮤도 또한, 갈자드와 함께 사라져 버렸다\n　대체, 뮤는 어디로 가 버린 걸까・
67d8c17bd7	　항구마을 히가타에서 어찌할 바를 모르고 있는데 낯익은 얼굴을 만났다\n　리그로드에서 야마타이까지 나와 뮤를 배로 실어 준 디아네 씨였다\n　디아네 씨는, 뮤에 대해 듣더니, 카달까지 배로 데려다주겠다고 제안해 주었다
3e4d9012aa	　우리는, 디아네 씨의 호의에 기대어, 곧장, 카달을 향하게 됐다\n　뮤・부디 우리가 카달에 도착할 때까지, 무사히 있어 줘・
856b55e220	　뮤와 재회！ 이렇게 기쁜 일은 없었다 만나지 못해 불안해서, 따라붙는 불길한 생각을 몇 번이나 억눌렀던가\n　항구마을 포포론은 카달의 바다 관문 이곳은 늘 다른 대륙에서 새롭고 진귀한 문화가 밀려드는 곳이다
917e94746a	　그래서, 사람들도, 한쪽 생각에 치우치지 않는 것 같아 카달의 방식에 반대하는 움직임도 있는 듯하다\n　뮤는, 갈자드에게 붙잡혀 있던 감옥 안에서 앙주라는 새로운 동료를 만났다
20c212c4db	　７인위원회의 탑에 쳐들어간 우리는, 갈자드와 싸워, 그를 물리쳤다\n　하지만, ７인위원회는, 이미 그들의 야망을 이루기 위해 떠난 뒤였다\n　그들은, 세상의 숙정과 지배를 바라고 있었다 그러기 위해, 카카루크란으로 가서, 카오스의 힘을 이용하려는 것이다, 라고
af061086bd	　진정으로 우수한 인간에 의한 새로운 이상세계, 라고 그들은 표현하는 모양이지만, 무엇 하나 사라져 없어지고, 아무도 없는 왕국을 지배해서, 대체 무슨 의미가 있단 말인가\n　저들 ７인위원회의 행동은, 무슨 일이 있어도 막아야 한다
53b0113788	　포포론은, 그날, 현실적으로도, 상징적으로도 죽음의 거리가 되었다\n　７인위원회는, 포포론에 사는 사람들을 피로 숙정했다\n　우리는 아무것도 할 수 없었다
17dc4b8f48	　알렉트리아 대도서관의 관장실에, 비밀 입구가 있었다\n　안에 들어가 보니, 귀중한 문헌이 보관되어 있어서, 우리는 여러 가지를 알 수 있었다\n　앙주에 따르면, 거기 숨겨진 문헌은, 하나같이, 허가 없이 볼 수 없는 중요서류라고 한다
6906937903	　지하열람실에서 찾은 정보를 바탕으로, 우리는, 그래비티라는 마을을 찾아가기 위해, 알렉트리아 대도서관의 지하통로를 나아갔다
ce3886c8a1	　그래비티는, 하늘을 나는 배 익시즈에 관한 비밀을 지키기 위해, 세상 한구석에서 잊혀져 있던 마을이었다\n　이곳에는, 알렉트리아 도서관조차 잊은 지식이 살아 있었다
5a694b5414	　장로의 이야기에 따르면, 그래비티 근처에 있는 해저신전에 익시즈가 잠들어 있다는 것과, 익시즈의 원동력인 갈만오브가 ７인위원회에 의해 도둑맞았기 때문에, 익시즈를 움직이려면, 어딘가에서 갈만오브를 찾아내는 수밖에 없다는 것이다
8231c4e4b5	　우리는 죽음의 사막이라 불리는 사막을 통과했다 그곳은, 가만히 있기만 해도 체력을 잃는 무더운 사막이었다\n　죽음의 사막을 통과해, 고대 유적으로 보이는, 거대한 돌로 만든 네모난 건물을 발견했다\n　여기에는, 뭔가 있을 것 같은 예감이 든다
68efde626d	　이시스피라미드라 불리는 그 고대유적은, 갈만오브를 보관하는, 오직 그 목적만을 위해 만들어졌다고 해도 과언이 아닌 듯했다
7d543696b0	　우리는, 거기서, 갈만오브를 찾을 수 있었다\n　이걸로, 그래비티 근처에 있는 해저신전에 가면, 염원하던 익시즈 부활이다！
e2dd4f8796	　마침내 우리는, 익시즈호를 손에 넣었다！\n７인위원회가 차원의 문 봉인을 깨고 카카루크란으로 가는 것만큼은 무슨 수를 써서든 막아야 한다\n　그리운 고향 리그로드로 서두르자！
a74af59f5e	　드림라비린스에 갇혀 있던 것은 자칭 천재 마도사 킹이었다\n　킹은 반인반마인 켄타우로스 종족으로, 스스로 말하는 만큼, 마법 실력은 뛰어난 모양이다\n　하지만, 성격에는, 여러모로 문제가 있어 보이는데말이지～・
3a0de9f8e5	　드라군 상공에 접어든 익시즈호에 갑자기 변화가 일어났다\n　우리를 태운 익시즈호는 추락했고, 수리할 방도는 서 있지 않다\n　대체, 익시즈호에 무슨 일이 일어난 걸까
ec5e23f3cd	　드라군성은 카달에 의해 파괴되어 있었다\n　수많은 드라군 기사들이 돌아오지 못했고, 무용으로 이름난 드라군 왕도, 또한, 돌아오지 못했다
e45e5cb192	　처음에는, 우리를 배신자라 부르던 자루마 사람들은, 드라군성을 되찾자, 손바닥 뒤집듯 친절해졌다\n　그들을 탓할 수는 없다 무너져 내린 드라군성처럼, 자루마 사람들의 마음도, 깊이 상처 입었을 테니까
081a097217	　새로운 동료가 느는 것은, 든든한 일이라고, 나는 생각한다\n　오르트마에서 장사를 하는 매인간 호크아이는, 독학으로 검술을 연마한 별난 남자였다\n　호크아이의 도움으로, 대지의 절규를 돌파할 수 있었다
6f5f2bb386	　놀라운 것은, 알렉트리아 대도서관 지하열람실에서 본 여러 고대마법문명에 관한 문헌의 저자, 팔코의 친형이었다는 것이다\n　우리는, 익시즈호의 수복에 협력을 구하고자 호크아이와 함께, 카달에 붙잡혀 있다는 팔코를 구하러 가기로 했다
86f4774543	　라그로스는 틀림없는 악당이었다고 생각한다 하지만, 그에게도 또한, 깊은 마음의 상처가 있었던 것처럼 느껴져 견딜 수 없다\n　라그로스를 쓰러뜨림으로써, 그로 인해 잃은 내 가족의 원수를 갚을 수는 있었다\n　그렇다고 해서, 잃은 목숨이 돌아오는 건 아니다
04f97f9460	　더는, 이런 아픔을 겪는 사람들이 느는 건 사양이다\n　유현의숲을 봉인한 루나에게서 얻은 정보로, ７인위원회는 이미 차원의 문에 다다르고 있는 듯하다\n　그들의 어리석은 짓을 막아야 한다
62aa28a29f	　고대마법문명, 특히 익시즈호에 관해 학술적 흥미를 가진 팔코를, 그가 갇혀 있던 곳에서 구해 냈다\n　필시 눈물 어린 감동의 재회가 기다릴 줄 알았건만, 냉담하다고 느껴질 만큼 담담한 재회였다
6def16f743	　하지만, 그렇다고 해서, 두 사람이 재회한 것에 아무런 감동도 없다고 여기는 건 잘못일 것이다\n　나에게는, 형제도 자매도 없어서 잘 모르겠지만\n　팔코가 우리를 도와주게 되면서, 익시즈호 수복에 희망이 보이기 시작했다
be0cc754b2	　팔코의 말로는, 익시즈를 다시 한번, 하늘에 띄우려면, 특별한 아이템이 두 개 필요하다고 했다\n　하나는 애로우스톤이라 불리는 것, 또 하나는 말라카이트라 불리는 것이라고 한다
8cfe23ae0b	　그것이 어떤 원리로 효력을 잃은 갈만오브에 작용하는지는, 설명을 듣긴 했지만, 결국, 잘 모르겠다\n　어쨌든, 이 두 가지를 찾아내야 한다
15bdd064b8	　그래비티의 장로에게, 말라카이트에 관한 정보가 알렉트리아 도서관에 있지 않겠냐는 말을 들었다
d38c160a24	　사모사섬에서 익시즈호 수복에 필요한 두 아이템 중 하나, 애로우스톤을 입수\n　이걸로 한 걸음, 익시즈호 수복에 가까워진 셈이다
978bc7189a	　알렉트리아 대도서관 지하통로에서 익시즈호 수복에 필요한 두 아이템 중 하나, 말라카이트를 입수\n　이걸로 한 걸음, 익시즈호 수복에 가까워진 셈이다
2362cc213b	　팔코, 디아네의 도움으로, 익시즈호 수복이 끝났다\n　지난번 실수를 되풀이하지 않기 위해, 이번엔 아마추어가 아니라, 디아네라는 조종 전문가와 팔코라는 고대마법문명 전문가에게 맡기기로 했다
7640c09c08	　디아네도 팔코도, 이 익시즈호에 타고 있는 것만으로 행복하다는 표정을 짓고 있었다
4d31cbda32	　차원의 길을 돌파했다 카카루크란은 눈앞이다 긴장한 탓에, 더 이상 써야 할 것이 떠오르지 않는다\n　전원, 살아서 돌아간다 그것만을 가슴에 품고, ７인위원회에 싸움을 건다
19e4a8d06e	　７인위원회를 쓰러뜨렸다！・일 텐데, 뭔가 이상하다고, 내 머릿속 한구석이 걸린다\n　뮤와 함께 세상을 익시즈로 돌아보기로 한다\n　정말로 세상에 평화가 찾아왔는지, 이 눈으로 확인해 보자
d16f7e2d21	　알렉트리아 도서관장의 유서를 발견 거기에는 놀라운 사실이 적혀 있었다\n　하지만, 무엇보다도, 마법구의 출현과 천재지변에 놀랐다\n　싸움은 아직 끝나지 않았다 진정한 평화를 쟁취하기 위해, 다시 한번, 카카루크란으로 여정을 떠난다
81c6530637	　이번에야말로, 사력을 다한 싸움이 될 것이다 하지만, 그래도, 우리가 이길 거라 믿고 싶다 짓눌려, 공포에 울부짖는 사람들의 마음에, 아름다운 단 하나의 진실을, 불어넣기 위해, 우리는 싸우자\n　긍지를 빼앗는 것은 누구도 할 수 없다고, 그 한마디를 증명하기 위해
4f7f5034f1	　이상으로 일기는 끝입니다\n\ncreate: 1 Aug.96\nupdate:20 Aug.96\n\n　마스터업하면 흑맥주에 불꽃놀이다(웃음)
a3e4521f9b	순풍만범,\n\n　세상만사\n\n　　버그도 없다\n\n\n\n\n\n　　・라고 일기에는\n　　　　　써 두자
b8f2d34576	떨어진 적을 날카롭게 찌르는 기술입니다
5555adbc5d	화염을 두른 검으로 적을 공격하는 기술입니다 대공공격이 가능합니다
ea7a2e9cda	점프해서 적을 베는 기술입니다 대공공격이 가능합니다
fc4fe2fe22	검을 휘둘러, 원형 충격파를 발생시켜 공격합니다
f450890f00	검끝에서 강력한 충격파를 발생시켜, 원형으로 휘두르는 기술입니다
b7c500a4b5	원형으로 얼어붙는 충격파를 휘둘러 공격합니다 1/4 확률로 동결시킵니다 대공공격이 가능합니다
a8879ddf13	춤추듯 검을 놀려 적을 공격하는 기술입니다 대공공격이 가능합니다
4a3910d51b	돌진하면서 찌르기를 날리는 기술입니다
cf5ef7cad1	자신의 분신이 적을 향해 돌진공격합니다
a11a739321	빛의 충격파를 발생시켜 적을 향해 공격합니다 대공공격이 가능합니다
1a5e91c2a8	충격파 ３개로 베어 가르는 기술입니다 적을 후방으로 날려 버립니다
0d297e6ddb	영체를 공격하는 충격파를 발생시킵니다 대공공격이 가능합니다
bfd39f41fb	더 강력한 충격파 ３개로 적을 베어 갑니다
da15d28e9f	적을 분쇄하는 충격파를 발생시킵니다 대공공격이 가능합니다
cbf15a76bc	분신 ３체가 동시에 적을 공격합니다 대공공격이 가능합니다
fbaad99067	은신의 기술로 날카롭게 베어 공격합니다
9f83bc922c	그림자와 함께 적을 베는 암흑검술입니다
55f9b93de3	떨어진 상대를 번개의 칼날로 베어 가르는 기술입니다 대공공격이 가능합니다
ed24bafa92	적을 던져 공격하는 기술입니다
31b3543d9c	던진 적에게 달려들어, 지면에 내리꽂습니다
f3231d8783	원을 그리는 칼놀림으로 적을 베는 기술입니다
a5d3fc6bd2	검과 함께 봉황이 춤추며, 적에게 큰 피해를 줍니다 대공공격이 가능합니다
a5a549fa11	주위의 적을 끌어들이며, 강력한 던지기 기술을 겁니다
1929417445	암흑의 검이 춤추며, 적을 죽음으로 이끕니다 1/16 확률로 사망시킵니다 대공공격이 가능합니다
a2e3e0628a	만자형 수리검으로 적을 베어 가르는 기술입니다 대공공격이 가능합니다
4f6920eba5	영적인 힘을 가진 빛의 충격파에 의한 직선공격입니다 대공공격이 가능합니다
7442f018a6	빛의 충격파로, 적을 베어 가릅니다
c4ebcda5a8	바람의 충격파로 적을 베어 가르는 기술입니다 적을 후방으로 날려 버립니다
8b73cf5495	대지를 이용해 증폭한 충격파를 적에게 주는 기술입니다
2091729e01	거대한 폭발로 충격파를 발생시킵니다 대공공격이 가능합니다
0b3e06467c	회오리 ３개로 단숨에 피해를 주는 기술입니다
6ff16a96bc	겉보기는 화려하지만, 효과는 기대할 수 없습니다
5d7b193a8a	상승하여, 상공비행으로 옮겨 갑니다
2326b1dafa	하강하여, 저공비행으로 옮겨 갑니다
b75cd9208e	하늘 높이 날아올라, 단숨에 뛰어드는 다이브공격입니다
c7f5334bc9	하늘 높이 날아올라, 멀리까지 공격 가능한 급강하공격입니다
f26060f337	상공에 있을 때만 쓸 수 있습니다 적과 아군을 붙잡을 수 있습니다 ３턴 후 자동으로 놓습니다
3d6b8edf80	지정한 지점에 붙잡은 캐릭터를 떨어뜨립니다
eacc3d5310	지면을 함몰시켜 피해를 주는 공격입니다 루스모어의 마법과 같은 효과가 있습니다
ca2a60dd3c	하늘에서 내려와, 적을 뛰어넘으며 충격파로 공격합니다
02d3f5dc85	적을 뛰어넘으며, 하늘에서 혼란의 음파를 흩뿌립니다
680424ba27	아군을 뛰어넘으며, 하늘에서 회복의 힘을 흩뿌립니다
f9f17b132e	적을 뛰어넘으며, 아래로 폭발을 일으켜, 그 충격파로 넓은 범위를 공격합니다
9fb6694373	적을 뛰어넘으며, 넓은 범위를 성스러운 힘으로 공격합니다
56facb7230	새의 모습에서 사람으로 돌아옵니다
c62b40a652	다이브 계열 기술로, 공격력은 있지만 ＭＰ 소비가 막대합니다
df831f07b4	용으로 변신하는 기술입니다
c2b993b138	바람을 일으켜, 적 하나를 후방으로 날려 버립니다
8545e91720	바람의 칼날을 전방으로 쏘아, 적을 공격하는 기술입니다
2ebc8581ae	하늘 높이 날아올라, 단숨에 적에게 뛰어드는 다이브공격입니다
cad41745dd	상공에 있을 때만, 적과 아군을 붙잡을 수 있습니다 ３턴 후 자동으로 놓습니다
32f8c99db1	공포의 음파를 발해, 적을 혼란시키는 기술입니다
b6800eccc9	입에서 강력한 불꽃을 내뿜어 공격합니다
4462b00a20	입에서 적을 죽음에 이르게 하는 브레스를 내뿜어, 1/8 확률로 사망시킵니다
63f6bec248	성스러운 힘을 가진 강력한 브레스로 적을 공격합니다
4ab3190a38	폭풍을 일으켜, 적 집단을 후방으로 날려 버립니다
ed076cc2e3	적 집단에게 축소 마법효과를 가진 울음소리를 퍼붓습니다 1/8 확률로 적을 축소시킵니다
879c05297d	휘몰아치는 화염폭풍을 일으켜, 적 집단을 공격하는 기술입니다
36c001e60b	용의 모습에서 사람으로 돌아옵니다
4c748673c9	작은 회오리바람을 일으키는 기술입니다
8b38ca8ebb	적에게서 돈을 훔쳐 내는 기술입니다
4bb7b20254	적에게서, 적이 가진 기술을 훔쳐 냅니다
0f28a52f79	적에게서 아이템을 훔쳐 내는 기술입니다
6ab7afb05a	적의 ＨＰ를 빼앗습니다
3f6a400fed	적의 ＭＰ를 빼앗습니다
3d6c3348ea	상대의 힘을 빼앗아, 약하게 만드는 기술입니다
18ce1b4ff4	상대의 마음을 빼앗아, 조종 상태로 만들어 버립니다
aecf828d8a	돈을 던져 적을 공격하는 기술입니다 피해량은 금액으로 정해집니다
39984bb3d5	아이템을 던져 적을 공격합니다 피해량은 던지는 물건으로 정해집니다
a8e1da304a	자신의 ＨＰ를 동료에게 나눠 줍니다
8e4308f18c	자신의 ＭＰ를 동료에게 나눠 줍니다
5f0772d2eb	적 집단에게서 한 번에 돈을 빼앗는 기술입니다
4651171fff	몬스터의 소지품이나 소지금을 조사합니다
8d000a0ee3	활로 적을 쏘아 뚫는 기술입니다
9092cd0b2f	번개의 힘을 가진 화살로 적을 쏘아 뚫습니다
debf5a28d6	먼 거리까지 닿는 화살로 적을 쏘아 뚫습니다
bec1c017d9	적을 관통하는 화살을 쏘아 공격합니다
7ae22ec661	적을 관통하는 불꽃 화살로 공격합니다
48f2e25407	더 먼 거리까지 닿는, 관통하는 화살을 쏘아 공격합니다
e5c66f163c	화살 ３발을 동시에 쏘는 기술입니다
1d502b659c	적을 관통하는 화살 ３발을 동시에 쏘는 기술입니다
aae12645b6	성스러운 힘을 가진 화살을 쏘는 기술입니다
2866c4a332	쏘아 낸 화약화살이 떨어진 지점에서 폭발합니다
6ed8b96a6a	마법의 화살을 쏘아, 떨어진 지점에 지진을 일으킵니다
9d2ccad166	쏘아 낸 화약화살이 떨어진 지점에서 대폭발을 일으킵니다
498d11c29a	화살 여러 발을 흩뜨려 쏩니다 그 탓에 공격력은 있지만, 명중률이 낮은 기술입니다
9bcdc0e59b	총으로 탄환을 쏘는 기술입니다 사거리는 짧습니다
b020ade663	포신에서 강력한 로켓탄을 발사합니다 적을 후방으로 날려 버립니다
d463a2f8ea	적을 태워 버리는 불꽃을 내뿜습니다
d03753ce08	적을 관통하는 철탄을 쏘아 내는 포신입니다
3ac541b849	적을 관통하는 거대한 철탄을 쏘아 냅니다
4b514f2555	적을 불태우는 불꽃 ３줄기를 발사합니다
1d9506cda3	얼어붙는 듯한 물살을 발사해, 1/4 확률로 동결시킵니다
441303b970	낙하지점에서 폭발해, 적에게 피해를 줍니다
52eda70e17	낙하지점에서 폭발해, 주위에 수면효과가 있는 가스를 살포합니다
751281b183	낙하지점에서 폭발해, 주위에 축소효과가 있는 가스를 살포합니다
98ba36fa3e	낙하지점에서 폭발해, 주위에 조종 가스를 살포합니다
f2a4a485af	낙하지점에서 작렬해, 주위에 동결 가스를 살포합니다
472b5a4ab8	낙하지점에서 작렬해, 주위에 혼란 가스를 살포합니다
be50c30749	지면을 함몰시키는 위력을 가진 박격포입니다
3e66f79616	화려한 소리와 빛의 폭발을 일으킵니다 폭발력은 약합니다
dbac8fea2b	힘껏 후려치는 기술입니다
0e45e62ff2	적을 튕겨 날려 버리는 강력한 몸통박치기입니다
ffceb14e40	날카로운 발톱에 의한 공격입니다
588ef37b97	전격을 두른 발톱으로 공격합니다
12b114dbd4	강력한 송곳니에 의한 공격입니다
8c755fdab6	적에게 나무열매를 던져 공격합니다 대공공격이 가능합니다
8f5b1f80f2	튀어 오른 진동으로 주위에 피해를 줍니다
3c5abfa0b5	튀어 오른 진동으로, 넓은 범위에 진동으로 인한 지진을 일으킵니다
063b9d52ad	튀어 오른 진동으로, 주위에 회복의 파동을 전합니다
f4417c3a4d	분신과 함께 온 힘을 실은, 맹렬한 펀치입니다
e18c70b014	분신과 함께 적을 튕겨 날리는 맹렬한 펀치를, 넓은 범위에 휘두릅니다
62611ccd75	바위를 던져, 낙하와 동시에 폭쇄시켜, 주위를 공격하는 기술입니다
dfe353a47a	화염을 던져, 낙하와 함께 흩날리게 해, 주위를 공격합니다
c0bbf243a1	곰의 모습에서 사람으로 돌아옵니다
8680aee8eb	여러 분신과 함께 곰이 뛰어다닙니다 그다지 유효한 공격은 아닙니다
bba41a9019	책에서 거대한 팔이 나타나, 적을 짓뭉갭니다
fbb28c95ce	책에서 거대한 검이 나타나 떨어져, 적을 꿰뚫어 버립니다
b860e2e87b	책에서 저승사자가 나타나, 적을 공격합니다
26f28e0777	책에서 거대한 낫이 나타나, 공격과 함께 저주를 걸어 1/16 확률로 사망시킵니다
6f75769420	책 속에서 어둠의 존재가 속삭여, 1/8 확률로 혼란시킵니다
8275330a48	아군의 상태를 회복할 수 있습니다
207a89f6c8	아군의 ＨＰ를 ３００포인트 회복할 수 있습니다
c2d9c0a071	책에서 불꽃이 뿜어져, 적을 공격합니다
3fa16fa211	책에서 얼음이 튀어나와, 적을 공격합니다
b6b2737d64	책에서 회오리바람이 뿜어져, 적을 공격합니다 적을 후방으로 날려 버립니다
5204eef174	책에서 번개가 튀어나와, 적을 공격합니다
f0f3d0d065	책에서 운석이 튀어나와, 적을 공격합니다
e0c6b52bb1	1/4 확률로 잠들게 하는 주문입니다 적과 아군을 가리지 않습니다
f692e585ad	새로 변신할 수 있습니다
0dff5b9d05	곰으로 변신할 수 있습니다
3bc81b3533	정령의 힘을 빌려, 모습을 투명하게 만드는 기술입니다
1440ef2d54	번개의 정령을 깃들여, 적을 향해 전격을 날리는 술법입니다
ed3d0c8936	정령의 기운으로 체력을 ３００포인트 회복할 수 있습니다
2ee29c64e0	리버스큐어와 마찬가지로, 죽은 동료를 되살리는 비법입니다
076e8f9f09	가스를 주위에 퍼뜨려, 휘말린 대상을 1/16 확률로 죽음으로 이끕니다
4c117e60e5	적을 향해 용해성이 강한 액체를 뿜습니다
e3519a8946	나무정령의 힘으로, 강렬한 졸음을 유발하는 술법입니다
7dfcbb4f5a	이것을 뒤집어쓴 자는, 축소되어 버립니다
bbf41777a6	강력한 화염으로 적을 공격합니다
2981ef9fc2	이 목소리를 들은 자는, 속삭이는 대로 조종당해 버립니다
8433ecb454	바람정령의 힘을 빌려, 물건을 밀 수 있습니다
bd8ac93f9d	술자 자신과 그 주위를 휘말리게 하는 대폭발을 일으키는 폭탄입니다
3253bef85b	함성으로 힘을 북돋아 ＭＰ를 １０포인트 회복시킵니다
fa0dbdec21	수비를 굳혀, 적에게 받는 피해를 1/4까지 줄여 줍니다
2f38109e3e	사거리 ３ 이내 적의 공격에 반격을 합니다 받는 피해는 평소의 1/2이 됩니다
cff9b55f96	튕겨 날리는 성질의 공격을 받아도, 평소의 1/2 피해로 버틸 수 있습니다
90f1066e3a	3/4 확률로, 받은 피해만큼의 ＨＰ를 회복할 수 있습니다 첫 번째 공격에만 효과가 있습니다
346c2c6e18	적의 마법을, 명중률・위력 모두 완전히 봉쇄합니다
9bedfcb50a	휴식을 취해 최대 ＨＰ의 １０％를 회복할 수 있습니다
1d91b97def	명상에 들어가 최대 ＭＰ의 １０％를 회복할 수 있습니다
8732eca211	기합을 모아, 다음 턴의 공격력을 １．５배로 끌어올립니다
b5ed7443da	기운을 다스려, 다음 턴의 지혜를 １．５배까지 높입니다
af0cf2b1f7	높은 확률로 적의 공격을 회피합니다
780cc0f49a	3/4 확률로 적의 공격을 그대로 튕겨 냅니다
8fa22819bc	구슬 모양 화염이 적을 덮치는 술법입니다
ea68140ea4	새의 모습을 본뜬 불꽃이 적을 덮칩니다
7f4d5f466b	불꽃이 솟아올라, 대지를 불태우는 경이로운 술법입니다
fbf7b651c3	전격을 적에게 날리는 술법입니다
d9a0f37cb7	썬더드래곤에 의한 강력한 방전공격입니다
582a8f77d2	휘몰아치는 플라즈마를 만들어 내, 적을 향해 내리칩니다
790e9393f8	적을 향해 냉기공격을 날립니다 1/2 확률로 동결시킵니다
09af0dbb7b	우박을 사용한 공격입니다 1/4 확률로 동결시킵니다
127c71d506	맹렬한 눈보라를 일으켜 1/4 확률로 동결시킵니다
e4f20ea330	지면을 흔들어 지진을 일으켜, 공격하는 술법입니다
4e8702d7ac	중력을 조종해 적을 짓눌러, 1/4 확률로 「무거움」 상태로 만들어 상공비행을 못 하게 합니다
ee72d862a7	대지진을 일으켜 적을 휘말리게 합니다
a3ce9dc833	사거리 범위 내에서 가장 약한 캐릭터의 목숨을 빼앗습니다
0a16d7da69	운석이 떨어져 폭발해, 큰 피해를 줍니다
9de575b162	죽음의 그림자가 적을 암흑으로 이끌어 1/16 확률로 사망시킵니다
8f15b3462b	검은 새가 춤추며, 세상을 뒤덮은 뒤 사라지는 암흑마법입니다
76fb933936	하늘에서 별빛이 쏟아져, 큰 피해를 주는 술법입니다
c722a85c14	눈부신 빛이 주위를 꿰뚫어, 대폭발을 일으킵니다
81ade58759	암흑의 입자가 몸을 뒤덮어, ＨＰ를 두 자릿수까지 깎아 냅니다
9c9c3fddeb	모든 것을 멸한다는 강력한 술법입니다
994f8977d1	상대나 아군이 가진 ＨＰ를 １０％~５０％ 흡수합니다
9c1e063c06	상대나 아군이 가진 ＭＰ를 １０％~５０％ 흡수합니다
2b003c46a5	3/4 확률로 자신이 받은 피해를 완전히 메울 만큼의 ＨＰ를 상대에게서 빼앗아, 흡수하는 술법입니다
871aa99979	지면을 솟아오르게 해, 지형을 변화시킵니다 변화한 지형은 ４턴 후 원래대로 돌아갑니다
2e5bbb2cf1	지면을 파 내려, 지형을 변화시킵니다 변화한 지형은 ４턴 후 원래대로 돌아갑니다
d61f1b9bb5	이 술법을 받은 자는 공격력 등이 떨어져, 약해져 버립니다
d7c28d1d18	이 술법에 걸린 자는 공격력 등이 올라, 강력해집니다
db5d85a2b3	적 집단을 약화시킵니다
3640a8dbe3	아군 집단에게 강력해지는 술법을 겁니다
c5b4c729b4	아군 한 명의 행동력이 올라, 평소의 １．５배 행동력을 가지게 됩니다
9fd260d4f3	적 하나의 행동력을 낮춰, 그 적의 행동력을 평소의 절반으로 만듭니다
ec458a59e4	자신의 모습을 지워, 적에게 공격받지 않게 합니다
c2990964bc	보이지 않는 적을 보이는 상태로 만드는 술법입니다
ba2f475eda	마법에 대한 방어벽을 만듭니다 마법 명중률을 낮추고, 마법효과를 줄입니다
9c0f4920c6	적의 직접공격에 대한 방어벽을 만듭니다 적의 타격을 줄입니다
7e7dbe91c5	회복효과를 가진 필드를 만들어 냅니다
2f78e4047c	지정한 위치에, 이동 불가능한 블록을 만들어 냅니다
f653d32d9d	탈락！！
4ad24c8842	공중에 뜬 상태가 되어, 이동능력이 오릅니다 게다가, 땅 계열 공격을 받지 않게 됩니다
5fdf991d5f	적 집단 내 비행 캐릭터를 날 수 없게 하거나, 아군이 날려가지 않도록 무겁게 만드는 술법입니다
0ab6645ea8	적의 졸음을 유발해, 잠들게 해 버립니다
ae7db95880	적을 꼭두각시처럼 조종하는 술법입니다
bca2497137	적의 마음을 사로잡아, 조종하는 술법입니다
db7e391987	적의 사고를 흐트러뜨려 혼란을 유발합니다
79a6ed8bb2	사거리 범위 내 모든 캐릭터를 혼란시킵니다
bd039218fe	아군 캐릭터의 상태이상을 회복시킵니다
b3a5faad77	아군 캐릭터의 상태이상을 회복시킴과 동시에, ＨＰ를 ３００포인트 회복시킵니다
4a9d9aa046	죽어 버린 동료의 영혼을 불러와 되살릴 수 있는, 소생의 마법입니다
f47e2b924b	아군 캐릭터가 받은 피해를 １００포인트 회복시킵니다
1ee2df128d	아군 캐릭터가 받은 피해를 ２００포인트 회복시킵니다
951ab4442f	아군 캐릭터가 받은 피해를 ４００포인트 회복시킵니다
3331ae7b1e	아군 캐릭터가 받은 피해를 １０００포인트 회복시킵니다
81c4ba216e	아군 캐릭터가 받은 피해를 ９９９９포인트 회복시킵니다
0612ab82c3	성스러운 에너지를 빔 형태로 방출해 공격합니다
bc64c5093b	강력한 성스러운 에너지가, 빔 ３줄기가 되어 적을 꿰뚫습니다
e4f6a510c0	그 압도적인 성스러운 에너지 앞에, 신성한 힘에 약한 자들은 멸망하고 맙니다
1a04546560	어덜트터치로 적 하나에게 큰 피해를 줍니다:-)
242e6b253b	어덜트터치로 주위 모든 적에게 큰 피해를 줍니다:-)
05b3bc23e3	어덜트터치로 아군 한 명에게 큰 피해를 줍니다:-)
e3504856a3	어덜트터치로 주위 아군 전원에게 큰 피해를 줍니다 아마 재기불능일 겁니다:-)
e2d48271af	누군가 한 명의 ＨＰ를 １００ 회복할 수 있습니다
2add0363ae	누군가 한 명의 ＨＰ를 ５００ 회복할 수 있습니다
b4c4c34016	누군가 한 명의 ＨＰ를 완전히 회복할 수 있습니다
6db7f9a3ce	누군가 한 명의 ＭＰ를 ５０ 회복할 수 있습니다
9d89dcc80e	누군가 한 명의 ＭＰ를 ２００ 회복할 수 있습니다
f81dc1c3a2	누군가 한 명의 ＭＰ를 ５００ 회복할 수 있습니다
88404a6e0c	누군가 한 명의 ＨＰ와 ＭＰ를 완전히 회복할 수 있습니다
bbf1c736bc	누군가 한 명의 상태이상을 회복할 수 있습니다
7207540f9d	사용한 이의 모습을 숨겨 주는, 야마타이에 전해지는 아이템입니다
a457d20663	용조차 취한다는 강력한 술입니다 적에게 던져 봅시다
38880abfdf	ＨＰ를 ５００ 회복할 수 있습니다
753e7fbc6c	ＨＰ를 완전히 회복할 수 있습니다
c325fa7df5	ＭＰ를 ５０ 회복할 수 있습니다
2470dc5af8	ＭＰ를 ２００ 회복할 수 있습니다
797925ae30	ＭＰ를 ５００ 회복할 수 있습니다
913eb12928	ＨＰ와 ＭＰ를 완전히 회복할 수 있습니다
4edf11cdcd	상태이상을 회복할 수 있습니다
4d5aa87163	야마타이에 전해지는 아이템으로, 일정 시간 모습을 숨깁니다
7af54b6616	강력한 술입니다 적에게 던지면 혼란시킬 수 있습니다
235124a500	굶주려 고통받은 사람들의 영혼이 형태를 갖춘 물건 지닌 사람에게 불행을 가져옵니다
1d82f8694e	아름다운 진주입니다 상점에서 팔 수 있습니다
665f9a8650	아름다운 보석입니다 진주보다 비싸게 팔립니다
335252f3d2	훌륭한 보석입니다 자수정보다 비싸게 팔립니다
f3edecbe7b	진귀한 보석입니다 매우 비싸게 팔릴 것입니다
1e0ed59052	매우, 진귀한 보석입니다 어떤 보석보다도 비싸게 팔립니다
b798c87c92	몸에 지니면 전투 중 적이 다가오지 않게 됩니다
d49041b8ab	몸에 지니면 마음이 편안해져, 공격이 잘 맞게 됩니다
37536764df	몸에 지니면, 명인 이상으로 공격이 잘 맞게 됩니다
26a41352ee	부적의 일종입니다 몸에 지니면 회심의 일격이 조금 더 잘 나옵니다
666cae6d1c	부적의 일종입니다 몸에 지니면 회심의 일격이 잘 나옵니다
0215daf77f	부적의 일종입니다 몸에 지니면 행운을 가져다줍니다
7b51c26f5c	몸에 지니면 재빠르게 움직일 수 있습니다
799880cad0	몸에 지니면, 매우 재빠르게 움직일 수 있습니다
df71bcf3e9	몸에 지니면, 행동범위가 넓어집니다
e2f874517a	몸에 지니면, 행동범위가 크게 넓어집니다
d9a0884a3d	손가락에 끼면 마법을 받았을 때의 피해를 줄여 줍니다
55ba188fde	손가락에 끼면 마법으로부터 몸을 지키는 데 절대적인 효과를 발휘합니다
9e3a7795c7	몸에 지니면 비탈길에서도 가볍게 나아갈 수 있습니다
f73bf347cf	몸에 지니면, 힘이 늘어 공격력이 오릅니다
045fa8863a	숨겨진 힘을 끌어내는 아이템입니다 공격력이 오릅니다
5b7c2acb7e	몸에 지니면, 방어력이 오릅니다
8a5b249dfe	바람의 정령이 깃든 팔찌입니다 몸에 지니면 적의 피해를 줄여 줍니다
9ab909532f	몸에 지니면, 전투 중 잠들거나, 적에게 조종당하거나, 혼란 상태가 되지 않습니다
88742d30bf	장비한 이가 목숨을 잃을 뻔한 경우, 한 번 대신 희생해 주는 귀중한 아이템입니다
ff82e54b08	팔에 차는 아이템입니다 움직이기 불편해지지만 완력을 키울 수 있습니다
6e3c43f47e	다리에 차는 아이템입니다 움직이기 불편해지지만, 재빠름을 키울 수 있습니다
cd382acc48	시간이 지나면 ＭＰ를 회복시켜 주는 귀중한 돌입니다
cda39eb8e4	시간이 지나면 ＨＰ를 회복시켜 주는 훌륭한 아이템입니다
9c7896e0e5	이 돌이 있으면, 튕겨 날아가는 일도 없어집니다
ef828b33d4	책에도 요정이 깃들 때가 있습니다 소중히 여겨 주세요
fd75c8d023	불의 오의서 불과 바람의 융합에 대해 쓰여 있습니다
c250bd7d08	바람의 오의서 바람과 번개의 융합에 대해 쓰여 있습니다
34278d3c70	번개의 오의서 번개와 물의 융합에 대해 쓰여 있습니다
e672ed49a5	물의 오의서 물과 땅의 융합에 대해 쓰여 있습니다
68f9d4d0bf	땅의 오의서 땅과 불의 융합에 대해 쓰여 있습니다
f935df0cdd	라이트워드 빛과 어둠의 융합에 대해 쓰여 있습니다
17d7db2d1f	블랙워드 어둠과 영혼의 융합에 대해 쓰여 있습니다
fb5d9a5d8b	소울워드 영혼과 정기의 융합에 대해 쓰여 있습니다
b91476676d	마인드워드 정기와 별의 융합에 대해 쓰여 있습니다
7a6403a23a	스타워드 별과 빛의 융합에 대해 쓰여 있습니다
93a15af114	오보로계곡에서 미즈타마에게 얻은 아이템입니다
64732d2d18	닌자 저택에서 얻은 아이템입니다
792147740e	호쇼인에서 얻은 아이템입니다
a8de104e16	성릉곽에서 얻은 아이템입니다
e598f41ed1	물이 가득 든 물통입니다
bc9e9dc77e	텅 빈 물통입니다
862861abff	피라미드의 신비한 문을 여는 열쇠입니다
3cc6b1a046	마법구 힘을 품은 고대마법문명의 유산입니다
42a79f6ee0	카오스게이트를 사용하기 위한 아이템입니다
4f93c354e9	고대유적의 문을 여는 열쇠입니다
122f6cdcef	익시즈호 수리에 필요한 아이템입니다
1a5a36dd35	환영을 지우고, 진짜 모습을 드러냅니다
9ed14a9432	익시즈호를 불러내기 위한 아이템입니다
dae8bb155f	전설의 금속입니다 철보다 훨씬 단단한데도, 철보다 훨씬 가벼운 것이 특징입니다
54c8b45bda	타카오가 아케미에게 보낸, 정 넘치는 편지입니다
d706e689eb	아케미가 타카오에게 보낸, 애정 넘치는 편지입니다
fd08b7bf5c	일반적으로 쓰이는 짧은 검입니다
03cb6cabe0	실전용으로 벼린 장검입니다
83e5426ccd	경량화된 검입니다 재빠름이 오릅니다
d1a2be9661	거대한 검입니다 공격력도 높습니다
432f874712	공격력이 매우 높은 대형 검입니다
9342a8116d	수인에게 특히 유효한, 전설의 검입니다
0fec3190e3	성기사라 불리는 특별한 기사들이 애용한 강력한 검입니다
292a4eb544	이름은 특이하지만, 공격력은 훌륭한 검입니다
5bfca94e22	소유자의 운을 높이는 검입니다 무기로서의 효과도 충분합니다
5ade968b0f	사용하는 이의 목숨을 빨아들인다는 강력한 검입니다
eaa64ed5c7	용의 비늘을 벨 만큼 특별한 위력을 지닌 검입니다
a6b8805245	사용하는 이의 행동력을 낮추지만, 암흑의 힘으로 벼려진 강력한 검입니다
0f266fbdb1	성스러운 힘의 축복을 받은 기적의 검입니다 소유한 이에게 행복을 가져다줍니다
b535eb5f96	신조차 죽일 수 있다는 전설의 검입니다
04f538dfae	닌자가 일상적으로 사용하는 무기입니다 가볍지만, 위력은 기대하기 어렵습니다
2a0be827ac	닌자가 사용하기 위해 고안된 도입니다
8309e50b45	명인 오사후네가 벼린 명도입니다
64d5737a93	가늘고 예리하며, 다루기 쉬운 도입니다
0100893f27	달빛처럼 맑은 색을 띤 칼날을 가진 도로, 몸에 지니면 명중률이 약간 오릅니다
761650e222	예로부터, 모두가 탐냈다는 명도 중의 명도입니다
f529cc1713	그 날카로운 예리함 탓에, 사람의 피를 빤다는 요도라 불릴 정도인 명도입니다
8737e13403	번개 같은 일격을 적에게 주는 도입니다
5a2d3b7aed	이 도에 상처 입은 자를 잠재웁니다
b166cb02db	강력한 도지만, 손에 쥔 자는 혼란 상태가 됩니다
b4282782f1	신성한 빛을 칼날에서 뿜는 도입니다 소유자에게 행운을 가져다준다고도 합니다
a624aef030	암흑의 힘이 소유자의 행동력을 낮추지만, 날카로움만은 무시할 수 없습니다
250ce989b7	영적인 힘을 품은 도로, 장비하면 행동력이 오릅니다
ca99a7d6d1	성스러운 용의 힘을 깃든 최강의 도입니다
80d5cf0c05	그냥 책입니다
bcd3c10937	사서의 책입니다
b82aaac132	철학을 다룬 책입니다
c4f8966e3e	초보 마법책입니다 장비하면 마법에 대한 방어력이 약간 오릅니다
87305a1f1e	격투술 입문서입니다 장비하면 방어력이 약간 오릅니다
2d750102c1	상급자용 마법책입니다 장비하면 마법에 대한 방어력이 오릅니다
b45ac755fb	오래된 유적에서 발굴된 책입니다 묵직한 세월의 무게가 느껴집니다
4310d501f6	격투기의 비법에 대해 쓰인 책입니다 장비하면 방어력이 오릅니다
2a65db2970	고명한 현자가 쓴 책입니다 지혜가 오릅니다
8c3438dc4e	아는 사람만 안다는 「사자의 서」입니다 무서운 암흑의 저주가 느껴집니다
85e2dff499	신을 기리는 성스러운 책입니다 마법에 대한 방어력이 상당히 오릅니다
b21955e697	새까만 장정의 수수께끼에 싸인 책입니다 매우 불길한 것이 느껴집니다
260504a7a9	전설의 명도 이름의 유래는, 칼날에 떠오른 무늬에서
8df2f627cb	지극히 평범한 활입니다
15d5e94654	보통 활보다 강력한 화살을 쏘는 활입니다
9ef60f7007	레버를 당겨 화살을 쏘는 특이한 활입니다 보통 활보다 위력이 있습니다
a24a775687	이 활에서 쏜 화살은, 때로 상대를 잠재우기도 합니다
5ac7f6b4ee	맹수 가젤의 수염을 시위로 쓴 진귀한 활입니다
a894fb0966	이 활은, 쏘는 자를 잠재우는 암흑의 힘이 걸려 있습니다
e9e4d53322	고대 솔리톤 전역에서 발명된, 궁병용 강력한 장궁입니다
d6731802c8	이 활에서 날아간 화살을 맞은 자는, 사수에게 마음을 빼앗겨 버립니다
3fa081d05b	메긴 화살에 빛이 깃들어, 영적인 효력을 발휘합니다
f56b8aa610	메긴 화살에 영적인 힘을 준다는 특수한 활입니다
469a6a4db7	이 활에서 쏜 화살은, 때로 적을 일격에 쓰러뜨리는 효과를 발합니다
dfeb486bb5	룬이라 불리는 특수한 문자가 새겨진 화살을 쓰는 활입니다 영적인 효과를 발합니다
d3a6d7fd38	성스러운 빛에 감싸인 화살로, 어둠을 꿰뚫는 힘이 있다고 합니다
1b0573f3a4	높은 확률로 사수 자신의 목숨을 앗아가 버리는 무서운 활입니다
cf1bd2ada3	이름 그대로, 머리장식입니다 여성만 사용할 수 있습니다
41d7ebbb96	도의 스승이 집중력을 높이기 위해 사용한 것입니다 여성만 사용할 수 있습니다
7c8a928b9e	머리에 씀으로써 암흑의 힘에서 몸을 지키는 작용을 강화합니다 여성만 사용할 수 있습니다
2bddfa0144	영적인 힘으로 몸을 지키고 지성을 높이는 작용을 가집니다 여성만 사용할 수 있습니다
024f3e0b83	옛날 하늘의 사자가 인간 소녀에게 주었다는 지성의 반지입니다 여성만 사용할 수 있습니다
f152f0802d	지극히 평범한 모자입니다
fbef9b8d3c	마법을 쓰는 이를 위한 모자입니다 바람의 정령이 지켜 줍니다
e2e5571012	마법을 쓰는 이의 능력을 끌어내기 위해, 가란실로 짠 모자입니다
12633500da	마법사를 위한 모자입니다 마법에 대한 술자의 집중력을 높이는 작용이 있습니다
d5f7371a29	지성을 높이는 작용을 가진 모자지만, 마법사 외에는 쓸 수 없습니다
f018f10be6	마법사만 쓸 수 있는 모자지만, 지성을 크게 높이는 효과가 있습니다
21a9cba1ae	전사가 쓰는, 지극히 평범한 헬멧입니다
497b3943fa	트라키아식이라 불리는 전사용 헬멧입니다
a26a8b3c2c	움직이기 편함에 중점을 둔 전사용 헬멧입니다
6331e477ba	갈리아 전역에서 레브로우군 병사가 썼던 헬멧입니다
2aed75ee1c	방어력을 높이는 데 중점을 둔 전사용 헬멧입니다
a61d24f4d7	옛날 이 땅에서, 여정 중 목숨을 잃은 이름 없는 전사의 투구로 보입니다
353b441db7	성스러운 힘이 깃든 아름다운 투구입니다 물론 방어구로서도 일급품입니다
8164ae5188	전설의 세상을 구한 용사와 함께 싸운 투구 그야말로 일품입니다
0952aaabc0	머리에 착용해, 머리를 완전히 보호합니다
6f794d2b49	무거운 갑옷을 입을 수 없는 마법사를 위한 옷입니다
f7b546497b	무명에 두께를 더해 만든 마법사를 위한 옷입니다
9b30eb2f9f	짐승 가죽을 무두질해 만든 마법사용 옷입니다
a6cfc2fc6b	마법을 쓰는 이를 위한 경장복입니다
d5ca526dc0	영적인 힘을 봉인한 마법사를 위한 옷입니다
60ee4f9ff0	마법을 쓰는 이의 지성을 한층 높이는 작용을 가진 옷입니다
db747ba83a	마법을 쓰는 이를 위한, 마법공격으로부터 몸을 지키는 옷입니다
78f077614a	화려하게 타오르는 불꽃을 디자인한 드레스 어떤 눈보라에도 지지 않습니다 여성만 사용할 수 있습니다
1e206df6dd	여성의 매력을 강조한 여성전용 드레스 적조차도 공격을 늦추게 될 것입니다
fc7ccdc02f	몸에 지님으로써 공중에 뜰 수 있는 멋진 아이템입니다 여성만 사용할 수 있습니다
808063e2f3	사슬을 엮어 만든 갑옷입니다 방어력은 그다지 기대할 수 없습니다
ed2bdc45d3	비늘 모양 금속조각을 이어 붙인 전사용 갑옷입니다
7d56c3d1ec	무두질한 가죽 위에 얇은 철판을 덧대 방어력을 강화한 갑옷입니다
91d39d5a5d	철판을 두드려 만든, 방어력 높은 전사전용 갑옷입니다
c0a902aa48	마법공격에 대한 효과를 높인 전사용 갑옷입니다
c2d8d368cd	각 부위 보강에 드래곤의 비늘을 쓴 전사용 갑옷입니다
35b2749bcf	기사의 방어구로 특별히 만들어진 품격 있는 갑옷입니다
e33362f4bc	대지정령의 힘을 받아, 마법에 대한 힘을 높인 전사용 갑옷입니다
49305b3473	승려를 위한 옷입니다
7121ac8d9f	축전 등에서 착용하는 보라색 법의입니다 승려만 사용할 수 있습니다
4afaac19c3	마법에 대한 방어력을 높인 법의로, 암흑의 힘도 물리칩니다
c2f5fcfee9	특별한 이만 착용을 허락받는다는 성스러운 법의입니다
055dba29b2	무아의 경지에 이른 고승만이 입을 수 있었다고 전해지는 특별한 법의입니다
4029c67839	손에 끼워 손을 보호하는 방어구입니다
5d01c0b326	무두질한 가죽을 써, 보통 장갑보다 튼튼하게 만든 장갑입니다
1e64bde942	금속조각을 이어 붙인 장갑입니다
1333f96a90	주먹에 끼는 방어구지만, 동시에 무기로서의 효과도 기대할 수 있습니다
b0823d3e7f	암흑의 힘을 물리치는 성스러운 장갑입니다
35efff08ff	황금빛으로 빛나는, 아름답고 튼튼한 방어구입니다
719aefc6cc	기묘하게 빛나는 별을 깃든 특별한 장갑입니다
3525dbb716	말 그대로 주먹을 강철로 바꾸는 최고급 장갑입니다
b0ebaf034b	여성전용 털실을 엮은 장갑입니다 방어구로서는 미덥지 못하게 느껴집니다
69f6067510	고급 실크를 사용한 장갑은, 지성의 힘을 사용자에게 줍니다 여성전용입니다
7727b712e7	고귀한 품격과 지성을 느끼게 하는 여성전용 장갑 지성과 영적인 힘을 줍니다
6091750d57	나무로 만든 방패입니다
ddb2905e10	전투용으로 만들어진 방패로, 다루기 쉽게 만들어졌습니다
af79b1ce90	원형 방패입니다 적의 무기를 흘려보냅니다
e70276c0e1	마를 막는다고 전해지는 은을 사용한 방패입니다
d8842936f5	특히 물에 대한 방어를 높이는 방패입니다
51b35266c7	전신을 지키기에 적합한 대형 방패입니다
b4aa0f2f1c	번개에 대한 방어를 높이는 방패입니다
16761ef43c	암흑의 힘을 얼씬 못 하게 하는 성스러운 방패입니다
85b70e7ad9	불에 대한 방어를 높이는 방패입니다
3082ed8b69	정신면에 작용해 영적인 공격에 대한 방어를 높이는 방패입니다
694b3de6fb	방어구로서의 효과는 높은 방패지만, 동시에 사악한 기운도 깃들어 있는 듯합니다
88f8951641	백금을 가공해 만든, 매우 높은 방어력을 자랑하는 방패입니다
e27ff2009d	마법에 대한 힘을 거의 빼앗아 버리는 방패입니다
92826d9609	　　　　　　　　　　　　　　　　　　　［２／７］\nＨｐ（히트포인트）\n　체력값을 나타냅니다\n　０이 되면, 행동불능 상태가 되어 화면에서 사라지지만,\n　월드맵으로 돌아가면 부활합니다\nＭｐ（매직포인트）\n　마법력을 나타냅니다\n　마법을 쓸 때마다 소비하며, 마법에 필요한 Ｍｐ가\n　모자라면 마법을 쓸 수 없게 됩니다
2bb7f847b9	상태 종류（１）　　　　　　　　　［３／７］\n비－공중에 떠 있어, 이즈나떨구기나 던지기로 공격\n　　받지 않습니다 또한, 땅 계열 공격기로 피해를\n　　받지 않습니다\n투－투명화 상태입니다 타격 계열 공격을 받지 않습니다\n수－잠들어 있습니다 자는 동안은 아무것도 할 수 없\n　　습니다\n공－공포로 이성을 잃었습니다 상대에게서 도망치는\n　　것밖에 할 수 없습니다
2270e7de9a	상태 종류（２）　　　　　　　　　［４／７］\n동－얼어붙어 있습니다 녹을 때까지는 움직일 수도\n　　없습니다\n마－마비되었습니다 움직일 수 없습니다\n란－혼란 상태입니다 적, 아군 구분 없이 공\n　　격해 올 것입니다\n조－적에게 조종당하고 있습니다 아군을 공격해 옵니다
e72d88b684	상태 종류（３）　　　　　　　　　［５／７］\n대－자신이 커져 있어,\n　　공격력도 높아져 있습니다\n소－자신이 작아져 있어,\n　　공격력도 낮아져 있습니다\n승－행동력이 상승해, 이동범위가 넓어져\n　　있습니다\n저－행동력이 저하해, 이동범위도 좁아\n　　집니다
3d1421847a	파라미터 종류（１）　　　　　　　　　［６／７］\n행동력　－이동과 공격기에 쓰이는 값 턴마다\n　　　　　회복됩니다\n등판　　－비탈을 오르는 능력이나 물 위 등을 비행할\n　／수상　수 있는 능력을 나타냅니다\n빠르기　－회피율과 필살률에 영향을 줍니다\n공격력　－공격기의 피해량입니다\n방어력　－공격기를 받았을 때의 피해를 줄이\n　　　　　는 힘입니다
44148705ca	파라미터 종류（２）　　　　　　　　　［７／７］\n행운　　－운은 회피율을 올려 줍니다\n지혜　　－마법공격력에 영향을 줍니다\n항마력　－마법기를 받았을 때의 피해를 줄이\n　　　　　는 힘입니다\n회피율　－자신과 비슷한 빠르기의\n　　　　　몬스터에 대한 회피율입니다\n필살률　－자신과 비슷한 능력을 가진,\n　　　　　몬스터에 대한 크리티컬률입니다
0ad0b1a9bc	\rh　　　　　　　　　　　　　　　　　　　［１／５］\n기Ｌｖ　　　－현재 기술의 레벨입니다\n기Ｅｘｐ　　－기술을 쓸 때마다 경험치가 더해\n　　　　　　집니다 일정치가 되면 기레벨\n　　　　　　이 올라, 기술을 익히거나, 쓸 수\n　　　　　　있게 됩니다
ca0e8d68a6	　　　　　　　　　　　　　　　　　　　［２／５］\n각 기술의 기Ｌｖ－기술을 쓰기 위해 필요한 기레벨\n　　　　　　입니다 또 하나의 값은 쓸 때마다 더\n　　　　　　해지는 경험치입니다\n필요행동력　－기술을 쓰기 위해 필요한 행동력입니다\n　　　　　　이동했을 때, 이 필요행동력만큼의\n　　　　　　행동력이 남아 있지 않으면 기술을 쓸\n　　　　　　수 없습니다
7800bb733c	　　　　　　　　　　　　　　　　　　　［３／５］\n필요Ｍｐ　　－마법을 쓰기 위해 필요한 Ｍｐ입니다\n　　　　　　남은 Ｍｐ가 이보다 적으면 마법\n　　　　　　을 쓸 수 없습니다\n파워　　　－공격력이나 회복력 값입니다\n
3f05a4b1a4	　　　　　　　　　　　　　　　　　　　［４／５］\n사거리　　　－기술이나 마법이 닿는 범위입니다\n　　（단）한 명만 공격합니다\n　　（술）한 명만 공격합니다\n　　　　　장애물의 영향을 받지 않습니다\n　　（호）부채꼴 범위를 공격합니다\n　　（선）부채꼴 범위를 공격합니다\n　　　　　장애물의 영향을 받지 않습니다
37bc9adca9	　　　　　　　　　　　　　　　　　　　［５／５］\n　　（원）원형 범위를 공격합니다\n　　（전）원형 범위를 공격합니다\n　　　　　장애물의 영향을 받지 않습니다\n　　（직）직선상을 공격합니다\n　　　　　장애물의 영향을 받지 않습니다\n　　（자）자기 자신에게 기술을 겁니다
