key	file	bytes	chars	tokens	jp
dd534303cb	/NT31.MAP	39	16	%b %V0	　\n　\n　　　扉は開きませんでした。%b%V0
cf245c218d	/NT31.MAP	35	14	%b %V0	　\n　\n宝箱は開きませんでした。%b%V0
87fed37f3c	/NT31.MAP	4	2		入る
20f2cd4097	/NT31.MAP	8	4		入らない
b257ff8b8f	/NT31.MAP	4	2		通る
5ad0a15b28	/NT31.MAP	8	4		通らない
4250ca1e44	/NT31.MAP	8	4		話を聞く
5d15dfd67a	/NT31.MAP	12	6		もう一度聞く
4837e62b83	/NT31.MAP	8	4		家をでる
3179a8e644	/NT31.MAP	37	7	%H %m1 %V100 %m0 %V0	%H%m1%V100［%m0７人委員会%m1］%V0%m0\n
5bfdf583d4	/NT31.MAP	17	7	%z	%z機は熟したり。\n
f88cc66c0c	/NT31.MAP	27	13		今こそ、我ら委員会の計画を\n
474432655c	/NT31.MAP	17	8		実行に移すとき。\n
02546a6dc7	/NT31.MAP	22	11		世界に覇をとなうべし！
bb9c7fa458	/NT31.MAP	22	10	%z	%zガルザードよ・・・。
910cc97a44	/NT31.MAP	37	7	%H %m1 %V100 %m0 %V0	%H%m1%V100［%m0ガルザード%m1］%V0%m0\n
8e0f1d0f40	/NT31.MAP	6	2	%z	%zは！
bcd4958a34	/NT31.MAP	74	35	%z	%zそなたを我らの牙となす。\n兵馬を率いて\n我らカダールの名を世にしらしめよ！
a251ce54ae	/NT31.MAP	18	8	%z	%zありがたき幸せ！
bbbb7400bc	/NT31.MAP	20	9	%z	%zラグロスよ・・・。
8a20c51240	/NT31.MAP	35	6	%H %m1 %V100 %m0 %V0	%H%m1%V100［%m0ラグロス%m1］%V0%m0\n
1f796b0e76	/NT31.MAP	93	44	%z	%zそのたぐいまれなる魔法力で\nガルザードを補佐し、\nリグロードでの勝利を\n確実なものとするのだ。
63575f5ec5	/NT31.MAP	113	54	%z	%zお待ちを！\nリグロード大陸に住む猿を制圧するなど、\n赤児の手をひねるよりもたやすいこと。\n私一人におまかせを・・・
03c18d47b1	/NT31.MAP	107	51	%z	%zガルザード、\n我々は意見を聞いているのではない。\n命令しているのだ。\nラグロスを従えリグロードをおとせ、と。
1dfc2f184a	/NT31.MAP	14	6	%z	%z・・・承知。
cf5e669680	/NT21.MAP	59	28	%b	これと同じ物に乗って、\nボクはカダールまで飛ばされたんだ。%b
cb8ed474cc	/NT21.MAP	59	28	%b	どうやら３つの大陸を\n一瞬に行き来できるシロモノらしいな。%b
c49025f428	/NT21.MAP	39	18	%b	よし、\nどこに行くか、確かめてみよう。%b
b839fdd0c3	/NT21.MAP	14	7		塔を出ますか？
a3d1505175	/NT21.MAP	4	2		出る
22fb0b31c9	/NT21.MAP	6	3		出ない
c5ac222d2d	/NT21.MAP	45	11	%H %m1 %V100 %m0 %V0	%H%m1%V100［%m0７人委員会リーダー%m1］%V0%m0\n
ed23787db8	/NT21.MAP	16	7	%b	機は熟したり。%b
2ed54ce893	/NT21.MAP	63	30	%b	今こそ、我らの計画を実行に移すとき。\nもって世界に覇を為さん！%b
15903ef60e	/NT21.MAP	41	19	%b	では、後のことを頼んだぞ、\nガルザード。%b
04012ab630	/NT21.MAP	37	17	%b	は！\n成功をお祈りいたしております。%b
6a4b6af542	/NT21.MAP	10	4	%b	・・・。%b
fc47e44888	/NT21.MAP	63	30	%b	ふ、どうやら、客が到着したようだ。\nせいぜい遊んでやることだ。%b
7d861fa1c1	/NT21.MAP	16	7	%b	仰せのままに。%b
7f2b875b61	/NT21.MAP	106	51	%b	もしアレクトリア大図書館の武闘司書が\n連中の仲間に加わっていたとしたら、\nできれば、生け捕りにするように。%b
70cc173930	/NT21.MAP	32	15	%b	何故、そのような些末なことを？%b
6b2c28ef7b	/NT21.MAP	28	13	%b	・・・いや、なんでもない。%b
5746326a2f	/NT21.MAP	32	15	%b	我らの計画は最終段階に入った。%b
56ebd18e99	/NT21.MAP	53	25	%b	ついに、我らの希望の星を\nこの手に掴む時がきたのだ！%b
eb3592e587	/NT21.MAP	45	21	%b	ガルザードよ。\n行って、奴らを叩き潰すのだ！%b
5601b995de	/NT21.MAP	38	18	%b	・・・誰だろうとかまわん、叩き潰せ。%b
389013595d	/NT21.MAP	6	2	%b	は！%b
83fa5a134a	/NT21.MAP	40	19	%b	こっちはヤマタイ行きのゲートだったね。%b
d7f32f6049	/NT21.MAP	51	24	%b	これは、ボクがヤマタイから来た\nカオスゲートだね。%b
90b7248dcf	/NT21.MAP	26	13		カオスゲートを使いますか？
3f7592b3e4	/NT21.MAP	4	2		使う
0d74d434a0	/NT21.MAP	8	4		使わない
f49c32e0d9	/NT21.MAP	42	20	%b	こっちはリグロード行きのゲートだったね。%b
68cd6b2966	/NT21.MAP	63	30	%b	これは、ボクがヤマタイから来た時の\nカオスゲートとは違うよね。%b
cc15310942	/NT21.MAP	36	17	%b	一体、どこにつながっているんだろ？%b
88345026ed	/NT20.MAP	18	9		監禁室を出ますか？
036c6cdb90	/NT20.MAP	116	54	%b %h	ゲテン城でガルザードとともに\nカダールに飛ばされたミュウは、%b%h７人委員会の塔の監禁室に\nとらわれの身となっていた。%b
19f21a497c	/NT20.MAP	26	12	%b	ボクをどうするつもり？！%b
1998d29182	/NT20.MAP	67	32	%b	明朝、日の出とともに公開処刑する。\nこれは７人委員会の命令である。%b
a6ed0d1aa4	/NT20.MAP	24	11	%b	謹んで拝命するように。%b
07072f5040	/NT20.MAP	14	6	%b	処刑・・・。%b
0f0a41e6d8	/NT20.MAP	73	35	%b	・・・お互い、不快な事態に至らぬよう、\n明日の朝までおとなしく願いたい。%b
32490a607c	/NT20.MAP	51	24	%b	到着の報告をせねばなりませんので、\n失礼しますよ。%b
945fd358df	/NT20.MAP	47	22	%b	報告を終えたら、\nまた様子を見に参りますので。%b
a1451d684e	/NT20.MAP	68	20	%H %m1 %V100 %m0 %s0 %V0 %b	%H%m1%V100［%m0%s0%m1］%V0%m0\nこんなところで・・・散るのか・・・。%b
e82630f126	/NT20.MAP	43	20	%b	なな・・・・は・・・き・・・\nおか・・・・%b
3e66fa081d	/NT20.MAP	25	11	%b	あれ？\n誰かいる・・・？%b
5588e59273	/NT20.MAP	94	45	%b	７人委員会は、絶対不可侵の禁を侵して、\nアレクトリア大図書館の\n自治独立を脅かしてきた・・・。%b
c878827114	/NT20.MAP	102	49	%b	ということは、アレクトリア大図書館の\n「古代魔法文明」に関する文献を狙ったと\n考えるのが妥当ですわね。%b
be7359070a	/NT20.MAP	59	28	%b	きっと彼らはそこから\n何か得たい情報があるのですわ・・・。%b
1dfcc4cae0	/NT20.MAP	37	17	%b	そうですわ！\nそうに違いないですわ！%b
887d33cd70	/NT20.MAP	38	18	%b	彼女は自分の世界に入っているようだ。%b
c4879de84d	/NT20.MAP	18	8	%b	もしもし・・・？%b
c851500df2	/NT20.MAP	51	24	%b	やはり、どう考えましても、\nアレクトリア大図書館の%b
e4b3aa5420	/NT20.MAP	71	34	%b	古代魔法文明に関する文献の中に、\n何か得たい情報があるのですわ・・・。%b
1f1729e6be	/NT20.MAP	37	17	%b	居心地はどうですかな？\nミュウ王女。%b
f73f0ca6e8	/NT20.MAP	14	6	%b	ガルザード！%b
35c3162544	/NT20.MAP	65	31	%b	キサマらの目的は何だ！？\nどうしてボク達の国を襲ったりしたんだ！%b
4118d81d95	/NT20.MAP	71	34	%b	・・・そういった、余計な好奇心は、\nおのが身を滅ぼす原因となりますよ。%b
1d40ecf992	/NT20.MAP	20	9	%b	・・・ミュウ王女。%b
fa37e77e70	/NT20.MAP	36	17	%b	しかし、貴殿の命も明朝まで・・・。%b
6adb692b38	/NT20.MAP	94	45	%b	いずれ死する身なれば、\n少々、その好奇心をみたしてあげても\n７人委員会はお許し下さいましょう。%b
d4d9402424	/NT20.MAP	96	46	%b	己の利益と欲望のため、\nこの美しい世界を浸食していく者達を\n委員会は許しておけなかったのですよ。%b
170d30cb81	/NT20.MAP	80	38	%b	我らの目的は、より良い時代の到来を\nより優秀な者の手で\nきずくことにあるのです。%b
c2aacd5064	/NT20.MAP	76	36	%b	リグロードやヤマタイを\n侵略した口実としては、\nずいぶんお粗末じゃないか！？%b
4ae3b620c4	/NT20.MAP	53	25	%b	きたるべき時代を切り開く、\n優秀な者を選ぶためです。%b
42ede8cefe	/NT20.MAP	32	15	%b	多少の流血はやむをえませんよ。%b
081dd1afd6	/NT20.MAP	88	42	%b	もっとも、ヤマタイとリグロードには、\n生き残るに値する優れた人々は\nいませんでしたがね。%b
4db366f47c	/NT20.MAP	18	8	%b	言わせておけば！%b
94eee1532c	/NT20.MAP	36	17	%b	すべては「大事の前の小事」ですよ。%b
14d758dabb	/NT20.MAP	10	4	%b	ふふふ。%b
75db196f18	/NT20.MAP	45	21	%b	これは、\n７人委員会を統べる長の口癖ですが。%b
a74867227c	/NT20.MAP	74	35	%b	偉大なる計画のためには、\n多少のギセイはつきものだと、\n歴史にはあります。%b
dc1fa8fd71	/NT20.MAP	34	16	%b	お前達の思い通りにはさせないゾ！%b
c93c63ed0f	/NT20.MAP	59	28	%b	７人委員会が何を企もうと、\n必ず、この手で叩き潰してやる！%b
5a69c9b85c	/NT20.MAP	30	14	%b	負け犬の遠吠え・・・ですか。%b
32e40d0bd7	/NT20.MAP	67	32	%b	まぁ、それも、明日までのこと。\nせいぜい吠えておくがいいでしょう。%b
dae79c4144	/NT20.MAP	24	11	%b	ま、待って下さいまし！%b
fb9744a676	/NT20.MAP	53	25	%b	アレクトリア大図書館\n武闘司書官アンジュ殿か・・・。%b
fd2500e43e	/NT20.MAP	63	30	%b	父上はアレクトリア大図書館館長の\n要職にあるというのに・・・。%b
707995698d	/NT20.MAP	88	42	%b	７人委員会への反対運動を行う\nレジスタンスに荷担するとは、\n軽率なことをしたものですな。%b
cbaf046ea3	/NT20.MAP	108	52	%b	アレクトリア大図書館がカダールで唯一\n自治独立を認められているのは、\n不穏分子を育てるためではありませぬぞ。%b
43fc905513	/NT20.MAP	57	27	%b	刑が定まるまで、自分の行いを\nこの中で反省するのですな。%b
5aac400b4f	/NT20.MAP	73	35	%b	わたくし、この暗くて冷たい牢の中で\n自分のしたことを反省いたしましたわ。%b
12ae91f08f	/NT20.MAP	49	23	%b	ここを出たあかつきには、\nわたくしの仲間達にも、%b
b98910896b	/NT20.MAP	61	29	%b	反体制運動を止めるよう、\n説いてまわりたいと思っていますの。%b
c099384afa	/NT20.MAP	92	44	%b	けれど、活動仲間を説得するためには、\n７人委員会様の目的を\n詳しく知らなければなりませんわ。%b
08c231a99d	/NT20.MAP	30	14	%b	・・・なるほど・・・それで？%b
1c5c1cf3dc	/NT20.MAP	57	27	%b	７人委員会様の目的とは、\nずばり、歴史の中に埋もれていた%b
22e98b10a1	/NT20.MAP	59	28	%b	古代魔法技術の復活と\nその利用による世界征服にあるのでは？%b
5c81a1d5ba	/NT20.MAP	57	27	%b	・・・その件に関して、\n申し上げられることはありません。%b
07944e63d4	/NT20.MAP	84	40	%b	アレクトリア大図書館館長の娘である\nこのわたくしにも、\n明かしてはいただけませんの？%b
690d80c740	/NT20.MAP	65	31	%b	その前にあなたは委員会への\n反対運動をしていたではありませんか。%b
7c4460100e	/NT20.MAP	53	25	%b	改心したと言われても、\nにわかには信じられませんな。%b
ada501d64f	/NT20.MAP	14	6	%b	うふふふふ。%b
05383b31fb	/NT20.MAP	73	35	%b	やはり、思った通りでしたわ。\nついに、７人委員会の尻尾を掴みましたわよ！%b
e66dc302e3	/NT20.MAP	14	6	%b	あの・・・。%b
cff67809b5	/NT20.MAP	45	21	%b	まぁ、あなた、\nいつの間にいらしたんですの？%b
11bf9c6a53	/NT20.MAP	34	16	%b	さっきからいたんですケド・・・。%b
69fb120646	/NT20.MAP	61	29	%b	まぁ、そうでしたの、\n全然気付きませんでしたわ、ほほほほっ☆%b
104fa6044e	/NT20.MAP	75	36	%b	わたくし、アレクトリア大図書館で、\n武闘司書官を務めるアンジュと申します。%b
6551d0d782	/NT20.MAP	12	5	%b	あなたは？%b
72fd502710	/NT20.MAP	34	16	%b	ドラグーン王国の竜騎士、ミュウ。%b
7e564bf063	/NT20.MAP	26	12	%b	まぁ、ドラグーン王国の？%b
5d17387335	/NT20.MAP	30	14	%b	ドラグーン王国を知ってるの？%b
7d46a3540a	/NT20.MAP	59	28	%b	アレクトリア大図書館は知識の殿堂、\n学者の社交場ですわよ。%b
0b7e2b3125	/NT20.MAP	61	29	%b	リグロード大陸の主だった王家ぐらい、\n知っていて当然ですわ。%b
18c350b736	/NT20.MAP	22	10	%b	へぇ、そうなんだァ。%b
cc01cea251	/NT20.MAP	71	34	%b	それで、さっきから話に出ている\nアレクトリア大図書館って、一体何なの？%b
e6235f4de3	/NT20.MAP	69	33	%b	・・・ま、まぁ、リグロードの方が、\nご存知ないのも無理はないですわ。%b
e849d06fde	/NT20.MAP	92	44	%b	アレクトリア大図書館は、\nカダール建国当初より自治独立を\n認められている唯一の場所ですのよ。%b
023585b1cd	/NT20.MAP	47	22	%b	全世界の書物が収められた\nまさに、知識の殿堂！%b
fda8b23c10	/NT20.MAP	38	18	%b	それが、アレクトリア大図書館ですわ！%b
ececefa9b5	/NT20.MAP	59	28	%b	ちなみに、わたくしの父が、\nそこの館長を務めていますのよ。%b
93f03920fe	/NT20.MAP	73	35	%b	もっとも、父・・・いえ館長は、\n７人委員会に頭があがらないようですけど。%b
8ff5dced95	/NT20.MAP	59	28	%b	ふゥ～ん・・・。\nじゃ、どうしてアンジュは捕まっているの？%b
6c7efc1a4e	/NT20.MAP	63	30	%b	さっきの話からすると、\n７人委員会に反対しているみたいだけど。%b
d0aa6e9610	/NT20.MAP	57	27	%b	７人委員会の行動は、\n全世界に混乱と破壊をもたらすもの。%b
9a3393b53d	/NT20.MAP	30	14	%b	絶対に阻止せねばなりません。%b
6dbb5db15f	/NT20.MAP	88	42	%b	わたくしがこのような\n汚らしい場所に入り込んだのも、\n全ては７人委員会の行動を探るため。%b
976b6a115a	/NT20.MAP	57	27	%b	委員会の目的が、\n古代魔法文明時代の失われた技術の復活と%b
6267705219	/NT20.MAP	73	35	%b	その利用にある、と知った以上、\nいつまでもこんな場所に用はありませんわ。%b
1de61c3c8f	/NT20.MAP	10	4	%b	そうだ！%b
cb4b377841	/NT20.MAP	43	20	%b	じゃあ、ここを逃げ出すために\n協力しない？%b
cf8b544309	/NT20.MAP	53	25	%b	わたくし、こう見えても\n司書武闘法の使い手ですのよ！%b
52b6bcab0f	/NT20.MAP	20	9	%b	助力は無用ですわ！%b
fbeeededd5	/NT20.MAP	90	43	%b	・・・と言いたいところですけれど、\nドラグーン竜騎士の力が\n借りられるとなれば別ですわね。%b
4bd2025951	/NT20.MAP	16	7	%b	いいでしょう。%b
c217d1f516	/NT20.MAP	69	33	%b	この塔を脱出するまで、お互いに助け合う、\nということで参りましょう。%b
ed8287c925	/NT20.MAP	8	3	%b	うん！%b
2d448bd1a7	/NT20.MAP	57	27	%b	では、この不潔な場所から\n退出することにいたしましょう。%b
28e6e776f5	/NT20.MAP	26	12	%b	アン・ドゥ・トロワ～ッ！%b
e115744983	/NT20.MAP	47	22	%b	あら、\n少し気合いが足りなかったようですわね。%b
6ecb941b8b	/NT20.MAP	16	7	%b	どっこいしょ、%b
77771896fb	/NT20.MAP	25	11	%b	で、\nございますわ～ッ！%b
ee95be50bd	/NT20.MAP	20	9	%b	ほ、ほほ、ほほほ。%b
95d4e448e7	/NT20.MAP	41	19	%b	仕方ありませんわ、\n本気をだしましょう。%b
210bf91543	/NT20.MAP	28	13	%b	きてはアアアァァァァ～ッ！%b
0b2cf74df8	/NT20.MAP	28	13	%b	ざっと、こんなものですわ。%b
1da385600f	/NT20.MAP	41	19	%b	司書武闘法って・・・\nす、すごいんだね。%b
59f1007480	/NT20.MAP	24	11	%b	淑女のたしなみですわ。%b
835c10f273	/NT20.MAP	31	4	%H %m1 %V100 %m0 %V0	%H%m1%V100［%m0町人%m1］%V0%m0\n
7ce1375431	/NT20.MAP	36	17	%b	俺は港町ポポロンで、捕まったんだ。%b
010ffc4a45	/NT20.MAP	67	32	%b	７人委員会に対する反対運動をしていたから\nっていうのが理由なんだ。%b
75c965dae4	/NT20.MAP	86	41	%b	けど、俺は友達をかくまっただけで、\n７人委員会に反対する運動なんか\nしちゃいないんだ。%b
c7b086bdb4	/NT20.MAP	40	19	%b	正義はどこにいっちまったのかね・・・。%b
5e14cb8688	/NT20.MAP	21	10		ひどい、ひどいわっ！\n
3e2359a753	/NT20.MAP	34	16	%b	デバックモードを使うなんて・・・%b
e4b2565cc6	/NT20.MAP	36	17	%b	そんなあなたには餓鬼玉をあげるね。%b
e1c9250bf9	/NT30.MAP	28	13	%b	ガルザードォォォォッッ！！%b
d79692af79	/NT30.MAP	35	16	%b	おひさしぶりですな、\nミュウ王女。%b
d32ffc972b	/NT30.MAP	65	31	%b	沢山の罪もない人々を傷つけた代償を、\n今ここで支払ってもらうッ！%b
a204b9d454	/NT30.MAP	49	23	%b	私にいわせれば、\n弱いということは、それだけで、%b
76b00ed425	/NT30.MAP	47	22	%b	強い者に虐げられても\n文句はいえないのですよ。%b
e9293c2876	/NT30.MAP	53	25	%b	人の命の重さを考えたことはないのか！\nガルザードッ！%b
86c690a856	/NT30.MAP	55	26	%b	命なぞ、長い歴史の中に\n束の間浮かんだ泡に過ぎません。%b
1b6b306f40	/NT30.MAP	65	31	%b	いずれは消えていくもの・・・\n遅いか早いか、それだけのことです。%b
ebaaf6b58c	/NT30.MAP	51	24	%b	だからって、それを決定する権利は、\n誰にもない！！%b
5b64188ef2	/NT30.MAP	51	24	%b	力を持たぬ正義から生まれる\n理想論に過ぎませんな。%b
529292e514	/NT30.MAP	51	24	%b	理想に近付こうとするからこそ、\n人は進歩するんだ！%b
dc4ba9bd92	/NT30.MAP	45	21	%b	議論したところで、\n結局は、時間の無駄です。%b
725ba3b278	/NT30.MAP	63	30	%b	魔導王国カダールの未来のために、\n消えてもらわねばなりません！%b
3685d01e4b	/NT30.MAP	68	32	%b	ヤマタイで戦った時は\n手加減をしましたが、\n今回は全力で行きますよ！%b
a2b0300377	/NT30.MAP	34	16	%b	あいつを倒すことだけを考えよう。%b
614de8d27a	/NT30.MAP	36	17	%b	ふふふ、わたしの負けですか・・・。%b
d1e32f4890	/NT30.MAP	59	28	%b	しかし、あなた方には、\nまだ楽をさせるわけにはいきません。%b
cbc710db48	/NT30.MAP	26	12	%b	ふふふ、知っていますか？%b
b39ac105fa	/NT30.MAP	80	38	%b	このゲートキーは、\n魔法の転移装置カオスゲートを\n作動させるための道具なのです。%b
5c83bd5dd9	/NT30.MAP	65	31	%b	カオスゲートが使えないとなれば、\nあなた達の足もにぶるでしょう。%b
7ea8bd87b9	/NT30.MAP	57	27	%b	だから・・・ゲートキーは\nあなたがたの手には渡せません。%b
08376c2ea0	/NT30.MAP	24	11	%b	何をする、やめるんだ！%b
31ec015368	/NT30.MAP	32	15	%b	・・・こわしてしまいましょう。%b
8f16f6dac5	/NT30.MAP	41	19	%b	ゲートキーは、\nこなごなにくだけちった。%b
5edbfd6744	/NT30.MAP	71	34	%b	７人委員会は何を企んでるんだ！\n古代魔法文明で何をしようって言うんだ！%b
c4835caf9b	/NT30.MAP	26	12	%b	教えてさしあげましょう。%b
f9d7490ba1	/NT30.MAP	57	27	%b	我らは、古代魔法文明の謎を\nひも解こうとしているのです。%b
35b47a4326	/NT30.MAP	22	10	%b	なぜそんな事をする！%b
53b671f0a3	/NT30.MAP	36	17	%b	愚かな人類を粛正せんがため・・・。%b
381b549f4d	/NT30.MAP	98	47	%b	そして、知性と肉体の調和の元、\n７人委員会が統治する完全なる世界を、\n地上に実現せんがため・・・。%b
4fea38060f	/NT30.MAP	36	17	%b	その世界で何をするつもりですの！？%b
81ed6a68cd	/NT30.MAP	38	18	%b	・・・第２の魔法文明を築くのですよ。%b
e5c59ab716	/NT30.MAP	69	33	%b	７人委員会は、今よりはるかにすばらしく、\n豊かな世界を築くでしょう。%b
69c17a6dc1	/NT30.MAP	63	30	%b	しかし、我らがこの覇を世に成さねば、\n人類の進歩はあり得ない！%b
e70651ac7e	/NT30.MAP	34	16	%b	そんな・・・ことのために・・・？%b
9dcac879a2	/NT30.MAP	61	29	%b	そんなことのために、\n罪もない人々を傷つけたというのかッ！！%b
ed62b8cc11	/NT30.MAP	53	25	%b	偉大なる目的のためには、\n多少の犠牲はつきものです。%b
3e59ec8668	/NT30.MAP	42	20	%b	再生のために、破壊は必要不可欠なのです。%b
ba690b799c	/NT30.MAP	42	20	%b	ポポロン・・・でしたね、その街の名前は。%b
fbd3613b3a	/NT30.MAP	63	30	%b	きたるべき世界にふさわしくない\nゴミ溜めのような街でしたから、%b
d1b60275f3	/NT30.MAP	30	14	%b	粛正させていただきましたよ。%b
68b5551aad	/NT30.MAP	16	7	%b	なんですって！%b
6b79bd7621	/NT30.MAP	77	37	%b	７人委員会に反抗するレジスタンスや\nそれを支援する愚かな人々を粛正するのも、%b
ffa5e956f9	/NT30.MAP	53	25	%b	新たな時代の幕開けには\n必要なことだと思いませんか？%b
ea83d484ab	/NT30.MAP	78	37	%b	許さないぞ、ガルザード！\nお前達は自分たちの力を使うことに\n酔っているだけだ！%b
6ef0526792	/NT30.MAP	34	16	%b	それが・・・どうだというのです？%b
b78a8debf5	/NT30.MAP	69	33	%b	力を持った者が、全てを定める事でのみ\n正義や、歴史が生まれるのです。%b
29280d764a	/NT30.MAP	61	29	%b	言い換えれば、力を持たぬ者は\nそれだけで悪なのですよ・・・。%b
cec2e678aa	/NT30.MAP	20	9	%b	だが、我々は違う。%b
264c2fdf66	/NT30.MAP	74	35	%b	７人委員会こそ、\n古代魔法文明以上の知識と\n技術を持つにふさわしいのです。%b
3375d29a6f	/NT30.MAP	30	14	%b	そして・・・もうすぐ・・・。%b
7f82e3b157	/NT30.MAP	78	37	%b	７人委員会はリグロードで、\n全人類を大粛正する最終段階に\n入るでしょう・・・。%b
9ab43c58e7	/NT30.MAP	30	14	%b	そんなこと、絶対に許さない！%b
daf6198a1e	/NT30.MAP	49	23	%b	もし、あなた方の理想が\n真に正しいのなら・・・。%b
ca77179d48	/NT30.MAP	57	27	%b	あなた達が何を成すか、\n見届けてみたいものですが・・・。%b
acc86b44d5	/NT30.MAP	10	4	%b	ぐふっ！%b
6a26a483f5	/NT30.MAP	55	26	%b	私には・・・もう・・・\n時間が・・・ありませ・・・ん。%b
4778f49eb2	/NT30.MAP	16	7	%b	ミュウ・・・。%b
af367ac5d0	/NT30.MAP	68	32	%b	７人委員会のやつら、\n世界をひっくりかえそうと\nしてやがるらしいな。%b
a87c57d3bb	/NT30.MAP	22	10	%b	どうするよ、ミュウ？%b
d6c67ddc4d	/NT30.MAP	35	16	%b	７人委員会の計画を\n阻止しなきゃ！%b
5aab843519	/NT30.MAP	30	14	%b	リグロードが、世界が危ない！%b
34ac51f6b7	/NT30.MAP	39	18	%b	その前に\nポポロンの様子が心配ですわ！%b
d43262820a	/NT30.MAP	40	19	%b	今は時間を浪費している場合じゃないよ！%b
041ccd6c41	/NT30.MAP	96	46	%b	あの街はわたくし達に協力したため\n災難にあっていますのに、\nそれを無視するとおっしゃいますの！？%b
96b3e0e7f8	/NT30.MAP	69	33	%b	ミュウ、焦る気持ちは分かるけど、\nこういう時ほど冷静にならなくちゃ。%b
2eef03e657	/NT30.MAP	76	36	%b	ミュウ、ガルザードが持っていた、\nゲートキーは、\n完全に破壊されてるんだぜ。%b
ca4980687a	/NT30.MAP	34	16	%b	どうやってリグロードに戻るんだ？%b
4fb38f0db5	/NT30.MAP	39	18	%b	それがあれば、\nカオスゲートを使って、%b
7b1abbd753	/NT30.MAP	61	29	%b	ミュウがここに来た時のように\n移動できたかもしれないのにね。%b
25c3423182	/NT30.MAP	71	34	%b	ならばどのみち、リグロードに行くには\n港町ポポロンを経由するしかない。%b
b5b308478e	/NT30.MAP	55	26	%b	どうだろう、とりあえず\nポポロンの様子を探ってみては？%b
7f092bc322	/NT30.MAP	18	8	%b	・・・分かった。%b
1ac3685e37	/NT00.MAP	7	5		dДDd痔
e7022b557e	/NT00.MAP	8	6		M誅匇5md
943ed857b9	/NT00.MAP	43	20	%b	このあたりの道は\n滑りやすいようですわね。%b
e6cac41dfd	/NT00.MAP	28	13	%b	気をつけてまいりましょう。%b
4a6ff154df	/NT00.MAP	14	6	%b	な、何の音？%b
3d5ef66a20	/NT00.MAP	41	19	%b	わたくし達の逃避行が\n露見したのですわ。%b
9bcf34a066	/NT00.MAP	55	26	%b	こうなったら血路を切り開いて\n進むしかありませんわよ。%b
e924928a94	/NT00.MAP	20	9	%b	覚悟はよろしくて？%b
5f9794537b	/NT00.MAP	59	28	%b	今までだって、何度も不利な状況を\nひっくり返してきたんだ。%b
d4aa92c09c	/NT00.MAP	24	11	%b	今度だって、やれるよ！%b
0a753d7c4d	/NT00.MAP	51	24	%b	ラスティ・・・お願い・・・\nボクを、守って・・・。%b
00b4dda9ff	/NT00.MAP	24	11	%b	何かおっしゃいました？%b
7daff87d7f	/NT00.MAP	28	13	%b	あ、ううん、なんでもない。%b
8b6eacbec9	/NT00.MAP	16	7	%b	いきますわよ！%b
4278fe7fbc	/NT00.MAP	28	13	%b	ここから外に出られますわ。%b
ae19f8c262	/NT00.MAP	43	20	%b	今度だって、やれるよ！\n行こう、ラスティ！%b
d72f4a980c	/NT00.MAP	32	15	%b	わたくしは「アンジュ」ですわ。%b
7487cf4ed7	/NT00.MAP	27	12	%b	・・・あ！\n・・・ごめん。%b
39d1752a30	/NT00.MAP	22	10	%b	さぁ、いきますわよ！%b
36fa1f0088	/NT00.MAP	20	10		監禁室に戻りますか？
9d37226027	/NT00.MAP	4	2		戻る
7d2b4c2472	/NT00.MAP	8	4		戻らない
6de00524e1	/NT00.MAP	14	7		外へ出ますか？
c47d650454	/NT00.MAP	37	17	%b	ここを抜ければ、\n外に出られますわ。%b
6dd6fa7ed4	/NT00.MAP	8	3	%b	うん。%b
d931c02536	/NT00.MAP	45	21	%b	追っ手がかかる前に、\nここから逃げだそうよ。%b
7b0dc29eb8	/NT00.MAP	31	14	%b	そうですわね。\n行きましょう！%b
ff170a3fcb	/NT00.MAP	32	15	%b	よし、ここから外にでられるぞ！%b
8480b51208	/NT00.MAP	47	22	%b	追っ手がかかる前に、\n早くここから逃げだそう。%b
cd23fad34c	/NT00.MAP	43	20	%b	ここを抜ければ、\nこの場所を出られますわ。%b
ad3a5e539d	/NT00.MAP	36	17	%b	不潔なベッドはもうこりごりですわ。%b
7f72eaf881	/NT00.MAP	43	20	%b	少しでも早く、\nここから逃げ出しましょう。%b
4e7b34150c	/NT00.MAP	76	25	%H %m1 %V100 %m0 %V0 %b	%H%m1%V100［%m0ガルザード%m1］%V0%m0\n逃げられた・・・か。\nまぁ、よかろう。%b
8a0fd797d6	/NT00.MAP	96	35	%H %m1 %V100 %m0 %V0 %b	%H%m1%V100［%m0ガルザード%m1］%V0%m0\n小娘２人が逃げ出したところで、\n計画全体に影響はあるまい。%b
4b2eded933	/NT00.MAP	94	34	%H %m1 %V100 %m0 %V0 %b	%H%m1%V100［%m0ガルザード%m1］%V0%m0\n７人委員会の意思と、\n魔法球の力は絶対なのだから・・・。%b
59bf24a3cc	/NT10.MAP	11	6		戻りますか?
d98c0a5e1f	/NT10.MAP	15	8		奥へ進みますか?
6f757f76a7	/NT10.MAP	4	2		進む
338229a803	/NT10.MAP	8	4		進まない
6c46e5cdcd	/NT10.MAP	32	15	%b	あそこから奥に行けそうですわ。%b
8bfbc349bb	/NT10.MAP	36	17	%b	だが、両側にいる兵がやっかいだな。%b
b8f2d34576	/WAZAHELP.MSG	26	13		離れた敵を鋭く突く技です。
5555adbc5d	/WAZAHELP.MSG	54	27		火炎を伴う剣で敵を攻撃する技です。対空攻撃が可能です。
ea7a2e9cda	/WAZAHELP.MSG	54	27		ジャンプして敵を斬りつける技です。対空攻撃が可能です。
fc4fe2fe22	/WAZAHELP.MSG	44	22		剣を振るい、円形の衝撃波を発して攻撃します。
f450890f00	/WAZAHELP.MSG	54	27		剣先から強力な衝撃波を発生させ、円形に振り出す技です。
b7c500a4b5	/WAZAHELP.MSG	85	44		円形に凍てつく衝撃波を振るい攻撃します。1/4の確率で凍結させます。対空攻撃が可能です。
a8879ddf13	/WAZAHELP.MSG	60	30		舞うような剣さばきで敵を攻撃する技です。対空攻撃が可能です。
4a3910d51b	/WAZAHELP.MSG	38	19		ダッシュしながら突きを繰りだす技です。
cf5ef7cad1	/WAZAHELP.MSG	42	21		自分の分身が敵に向かって突進攻撃をします。
a11a739321	/WAZAHELP.MSG	66	33		光の衝撃波を発生させ敵に向かって攻撃をします。対空攻撃が可能です。
1a5e91c2a8	/WAZAHELP.MSG	64	32		３本の衝撃波を使って斬りつける技です。敵を後方に吹き飛ばします。
0d297e6ddb	/WAZAHELP.MSG	56	28		霊体を攻撃する衝撃波を発生させます。対空攻撃が可能です。
bfd39f41fb	/WAZAHELP.MSG	42	21		より強力な３本の衝撃波で敵に斬りつけます。
da15d28e9f	/WAZAHELP.MSG	54	27		敵を粉砕する衝撃波を発生させます。対空攻撃が可能です。
cbf15a76bc	/WAZAHELP.MSG	54	27		３体の分身が同時に敵を攻撃します。対空攻撃が可能です。
fbaad99067	/WAZAHELP.MSG	36	18		忍びの技で鋭く斬り付けて攻撃します。
9f83bc922c	/WAZAHELP.MSG	30	15		影共々に敵を斬る暗黒剣技です。
55f9b93de3	/WAZAHELP.MSG	56	28		離れた相手を雷の刃で切り裂く技です。対空攻撃が可能です。
ed24bafa92	/WAZAHELP.MSG	26	13		敵を投げ攻撃をする技です。
31b3543d9c	/WAZAHELP.MSG	54	27		投げた敵に飛びつき、地面にまっさかさまに叩きつけます。
f3231d8783	/WAZAHELP.MSG	32	16		円を描く太刀筋で敵を斬る技です。
a5d3fc6bd2	/WAZAHELP.MSG	66	33		剣と共に鳳凰が舞い、敵に大ダメージを与えます。対空攻撃が可能です。
a5a549fa11	/WAZAHELP.MSG	52	26		周囲の敵を巻き込みながら、強力な投げ技をしかけます。
1929417445	/WAZAHELP.MSG	86	45		暗黒の剣が舞い踊り、敵を死へと誘います。1/16の確率で死亡させます。対空攻撃が可能です。
a2e3e0628a	/WAZAHELP.MSG	54	27		卍型の手裏剣で敵を切り裂く技です。対空攻撃が可能です。
4f6920eba5	/WAZAHELP.MSG	66	33		霊的な力を持った光の衝撃波による直線攻撃です。対空攻撃が可能です。
7442f018a6	/WAZAHELP.MSG	32	16		光の衝撃波で、敵を切り裂きます。
c4ebcda5a8	/WAZAHELP.MSG	58	29		風の衝撃波で敵を切り裂く技です。敵を後方に吹き飛ばします。
8b73cf5495	/WAZAHELP.MSG	46	23		大地を使って増幅した衝撃波を敵に与える技です。
2091729e01	/WAZAHELP.MSG	52	26		巨大爆発で衝撃波を発生させます。対空攻撃が可能です。
0b3e06467c	/WAZAHELP.MSG	48	24		３本の竜巻によって一気にダメージを与える技です。
6ff16a96bc	/WAZAHELP.MSG	42	21		見た目は派手ですが、効果は期待できません。
5d7b193a8a	/WAZAHELP.MSG	30	15		上昇して、上空飛行に移ります。
2326b1dafa	/WAZAHELP.MSG	30	15		下降して、低空飛行に移ります。
b75cd9208e	/WAZAHELP.MSG	48	24		大空に舞い上がり、一気に飛び込むダイブ攻撃です。
c7f5334bc9	/WAZAHELP.MSG	56	28		空に高く舞い上がり、遠くまで攻撃可能な飛び込み攻撃です。
f26060f337	/WAZAHELP.MSG	82	41		上空時のみ使う事が出来ます。敵や味方を捕まえられます。３ターンで自動的に放します。
3d6b8edf80	/WAZAHELP.MSG	48	24		指定ポイントにつかんだキャラクターを落とします。
eacc3d5310	/WAZAHELP.MSG	84	42		地面をへこませてダメージを与える攻撃です。ルースモーアの魔法と同様の効果があります。
ca2a60dd3c	/WAZAHELP.MSG	54	27		空から舞い下りて、敵を飛び越えつつ衝撃波で攻撃します。
02d3f5dc85	/WAZAHELP.MSG	54	27		敵を飛び越えながら、空から混乱の音波をまき散らします。
680424ba27	/WAZAHELP.MSG	56	28		味方を飛び越えながら、空から回復のパワーを振りまきます。
f9f17b132e	/WAZAHELP.MSG	70	35		敵を飛び越えながら、下に爆発をおこし、その衝撃波で広範囲を攻撃します。
9fb6694373	/WAZAHELP.MSG	50	25		敵を飛び越えながら、広範囲を聖なる力で攻撃します。
56facb7230	/WAZAHELP.MSG	24	12		鳥の姿から人に戻ります。
c62b40a652	/WAZAHELP.MSG	56	28		ダイブ系の技で、攻撃力は有りますがＭＰの消費が絶大です。
df831f07b4	/WAZAHELP.MSG	20	10		竜に変化する技です。
c2b993b138	/WAZAHELP.MSG	44	22		風を起こして、敵一体を後方に吹き飛ばします。
8545e91720	/WAZAHELP.MSG	46	23		風の刃を前方に打ち出して、敵を攻撃する技です。
2ebc8581ae	/WAZAHELP.MSG	52	26		大空に舞い上がり、一気に敵に飛び込むダイブ攻撃です。
cad41745dd	/WAZAHELP.MSG	66	33		上空時のみ、敵や味方を捕まえられます。３ターンで自動的に放します。
32f8c99db1	/WAZAHELP.MSG	42	21		恐怖の音波を発して、敵を混乱させる技です。
b6800eccc9	/WAZAHELP.MSG	38	19		口から強力な炎をふきつけて攻撃します。
4462b00a20	/WAZAHELP.MSG	67	35		口から敵を死に至らしめるブレスをふきつけ、1/8の確率で死亡させます。
63f6bec248	/WAZAHELP.MSG	44	22		聖なる力を持つ強力なブレスで敵を攻撃します。
4ab3190a38	/WAZAHELP.MSG	58	29		嵐を巻き起こし、敵の集団を後方へと吹き飛ばしてしまいます。
ed076cc2e3	/WAZAHELP.MSG	83	43		敵の集団にスモールの魔法効果をもつ鳴き声を浴びせます。1/8の確率で敵を縮小させます。
879c05297d	/WAZAHELP.MSG	56	28		荒れ狂う火炎の嵐を巻き起こし、敵の集団を攻撃する技です。
36c001e60b	/WAZAHELP.MSG	24	12		竜の姿から人に戻ります。
4c748673c9	/WAZAHELP.MSG	30	15		小さな竜巻を発生させる技です。
8b38ca8ebb	/WAZAHELP.MSG	28	14		敵からお金を盗み出す技です。
4bb7b20254	/WAZAHELP.MSG	34	17		敵から、敵の持つ技を盗み取ります。
0f28a52f79	/WAZAHELP.MSG	32	16		敵からアイテムを盗み出す技です。
6ab7afb05a	/WAZAHELP.MSG	24	12		敵のＨＰを奪い取ります。
3f6a400fed	/WAZAHELP.MSG	24	12		敵のＭＰを奪い取ります。
3d6c3348ea	/WAZAHELP.MSG	34	17		相手の力を奪い、弱くさせる技です。
18ce1b4ff4	/WAZAHELP.MSG	42	21		相手の心を奪い、操り状態にしてしまいます。
aecf828d8a	/WAZAHELP.MSG	66	33		お金を投げつけて敵を攻撃する技です。ダメージ量は金額で決まります。
39984bb3d5	/WAZAHELP.MSG	72	36		アイテムを投げつけて敵を攻撃します。ダメージ量は投げるもので決まります。
a8e1da304a	/WAZAHELP.MSG	32	16		自分のＨＰを仲間に受け渡します。
8e4308f18c	/WAZAHELP.MSG	32	16		自分のＭＰを仲間に受け渡します。
5f0772d2eb	/WAZAHELP.MSG	40	20		敵の集団から一度にお金を奪い取る技です。
4651171fff	/WAZAHELP.MSG	38	19		モンスターの持ち物や持ち金を調べます。
8d000a0ee3	/WAZAHELP.MSG	24	12		弓矢で敵を射抜く技です。
9092cd0b2f	/WAZAHELP.MSG	34	17		雷の力をもつ弓矢で敵を射抜きます。
debf5a28d6	/WAZAHELP.MSG	36	18		遠距離まで届く弓矢で敵を射抜きます。
bec1c017d9	/WAZAHELP.MSG	36	18		敵を貫通する弓矢を放って攻撃します。
7ae22ec661	/WAZAHELP.MSG	34	17		敵を貫通する炎の弓矢で攻撃します。
48f2e25407	/WAZAHELP.MSG	52	26		より長距離まで届く、貫通する弓矢を放って攻撃します。
e5c66f163c	/WAZAHELP.MSG	28	14		弓矢を３本同時に放つ技です。
1d502b659c	/WAZAHELP.MSG	40	20		敵を貫通する弓矢を３本同時に放つ技です。
aae12645b6	/WAZAHELP.MSG	32	16		聖なる力を持つ弓矢を放つ技です。
2866c4a332	/WAZAHELP.MSG	40	20		放った火薬矢が落下した地点で爆発します。
6ed8b96a6a	/WAZAHELP.MSG	52	26		魔法の弓矢を放ち、落下した地点に地震を発生させます。
9d2ccad166	/WAZAHELP.MSG	48	24		放った火薬矢が落下した地点で大爆発を起こします。
498d11c29a	/WAZAHELP.MSG	78	39		数本の矢をばらばらに撃ちます。このため攻撃力はありますが、命中率の低い技です。
9bcdc0e59b	/WAZAHELP.MSG	44	22		鉄砲から弾を撃ち出す技です。射程は短いです。
b020ade663	/WAZAHELP.MSG	64	32		砲筒から強力なロケット弾を発射します。敵を後方に吹き飛ばします。
d463a2f8ea	/WAZAHELP.MSG	30	15		敵を焼き払う炎を吹き出します。
d03753ce08	/WAZAHELP.MSG	38	19		敵を貫通する鉄の弾を撃ち出す砲筒です。
3ac541b849	/WAZAHELP.MSG	40	20		敵を貫通する巨大な鉄の弾を撃ち出します。
4b514f2555	/WAZAHELP.MSG	36	18		敵を焼きつくす３本の炎を発射します。
1d9506cda3	/WAZAHELP.MSG	51	27		凍てつくような水流を発射し、1/4の確率で凍結します。
441303b970	/WAZAHELP.MSG	42	21		落下地点で爆発し、敵にダメージを与えます。
52eda70e17	/WAZAHELP.MSG	56	28		落下地点で爆発し、周囲に催眠効果をもつガスを散布します。
751281b183	/WAZAHELP.MSG	56	28		落下地点で爆発し、周囲に縮小効果をもつガスを散布します。
98ba36fa3e	/WAZAHELP.MSG	48	24		落下地点で爆発し、周囲に操りのガスを散布します。
f2a4a485af	/WAZAHELP.MSG	48	24		落下地点で爆裂し、周囲に凍結のガスを散布します。
472b5a4ab8	/WAZAHELP.MSG	48	24		落下地点で爆裂し、周囲に混乱のガスを散布します。
be50c30749	/WAZAHELP.MSG	38	19		地面を陥没させる威力を持つ迫撃砲です。
3e66f79616	/WAZAHELP.MSG	50	25		ハデな音と光の爆発をおこします。爆発力は弱いです。
dbac8fea2b	/WAZAHELP.MSG	26	13		力任せに殴り付ける技です。
0e45e62ff2	/WAZAHELP.MSG	42	21		敵を弾き飛ばしてしまう強力な体当たりです。
ffceb14e40	/WAZAHELP.MSG	22	11		鋭い爪による攻撃です。
588ef37b97	/WAZAHELP.MSG	28	14		電撃を宿した爪で攻撃します。
12b114dbd4	/WAZAHELP.MSG	24	12		強力な牙による攻撃です。
8c755fdab6	/WAZAHELP.MSG	54	27		敵に木の実を投げつけて攻撃します。対空攻撃が可能です。
8f5b1f80f2	/WAZAHELP.MSG	42	21		飛び跳ねた振動で周囲にダメージを与えます。
3c5abfa0b5	/WAZAHELP.MSG	56	28		飛び跳ねた振動で、広い範囲に振動による地震を起こします。
063b9d52ad	/WAZAHELP.MSG	46	23		飛び跳ねた振動で、周囲に回復の波動を伝えます。
f4417c3a4d	/WAZAHELP.MSG	54	27		分身とともにありったけの力を込めた、猛烈なパンチです。
e18c70b014	/WAZAHELP.MSG	64	32		分身とともに敵を弾き飛ばす猛烈なパンチを、広範囲に振り回します。
62611ccd75	/WAZAHELP.MSG	58	29		岩を投げつけ、落下と同時に爆砕させ、周囲に攻撃する技です。
dfe353a47a	/WAZAHELP.MSG	56	28		火炎を投げつけ、落下と共に飛び散らせ、周囲に攻撃します。
c0bbf243a1	/WAZAHELP.MSG	24	12		熊の姿から人に戻ります。
8680aee8eb	/WAZAHELP.MSG	72	36		いくつもの分身とともに熊が跳ね回ります。あまり有効な攻撃ではありません。
bba41a9019	/WAZAHELP.MSG	42	21		本から巨大な腕が出現し、敵を叩き潰します。
fbb28c95ce	/WAZAHELP.MSG	56	28		本から巨大な剣が出現し落下、敵を串刺しにしてしまいます。
b860e2e87b	/WAZAHELP.MSG	42	21		本から黄泉の使者が出現し、敵を攻撃します。
26f28e0777	/WAZAHELP.MSG	72	38		本から巨大な鎌が出現し、攻撃とともに呪いをかけ1/16の確率で死亡させます。
6f75769420	/WAZAHELP.MSG	51	27		本の中から闇の者がささやき、1/8の確率で混乱します。
8275330a48	/WAZAHELP.MSG	32	16		味方のステータスを回復できます。
207a89f6c8	/WAZAHELP.MSG	40	20		味方のＨＰを３００ポイント回復できます。
c2d9c0a071	/WAZAHELP.MSG	36	18		本から炎が吹き出し、敵を攻撃します。
3fa16fa211	/WAZAHELP.MSG	36	18		本から氷が飛び出し、敵を攻撃します。
b6b2737d64	/WAZAHELP.MSG	64	32		本から竜巻が吹き出し、敵を攻撃します。敵を後方に吹き飛ばします。
5204eef174	/WAZAHELP.MSG	38	19		本から稲妻が飛び出し、敵を攻撃します。
f0f3d0d065	/WAZAHELP.MSG	38	19		本から隕石が飛び出し、敵を攻撃します。
e0c6b52bb1	/WAZAHELP.MSG	57	30		1/4の確率で眠りをもたらす呪文です。敵味方を区別しません。
f692e585ad	/WAZAHELP.MSG	28	14		鳥に変化することができます。
0dff5b9d05	/WAZAHELP.MSG	28	14		熊に変化することができます。
3bc81b3533	/WAZAHELP.MSG	40	20		精霊の力を借りて、姿を透明にする技です。
1440ef2d54	/WAZAHELP.MSG	46	23		雷の精霊を宿し、敵に向かって電撃を放つ術です。
ed3d0c8936	/WAZAHELP.MSG	48	24		精霊の気の力で体力を３００ポイント回復できます。
2ee29c64e0	/WAZAHELP.MSG	58	29		リバースキュアと同じく、死んだ仲間を生き返らせる秘法です。
076e8f9f09	/WAZAHELP.MSG	64	34		ガスを周囲に漂わせ、巻き込まれたものを1/16の確率で死に誘います。
4c117e60e5	/WAZAHELP.MSG	42	21		敵に向かって溶解性の強い液体を噴出します。
e3519a8946	/WAZAHELP.MSG	40	20		木霊の力で、強烈な眠気を催させる術です。
7dfcbb4f5a	/WAZAHELP.MSG	42	21		これを浴びたものは、縮小されてしまいます。
bbf41777a6	/WAZAHELP.MSG	28	14		強力な火炎で敵を攻撃します。
2981ef9fc2	/WAZAHELP.MSG	60	30		この声を聞いたものは、ささやかれるままに操られてしまいます。
8433ecb454	/WAZAHELP.MSG	46	23		風の精霊の力を借りて、物を押すことができます。
bd8ac93f9d	/WAZAHELP.MSG	52	26		術者自身とその周囲を巻き込む大爆発を起こす爆弾です。
3253bef85b	/WAZAHELP.MSG	56	28		雄叫びで力をふるい起こしＭＰを１０ポイント回復させます。
fa0dbdec21	/WAZAHELP.MSG	55	29		守りを固め、敵から受けるダメージを1/4まで軽減させます。
2f38109e3e	/WAZAHELP.MSG	79	41		３射程内の敵の攻撃に対して反撃を行います。受けるダメージは通常の1/2となります。
cff9b55f96	/WAZAHELP.MSG	81	42		弾き飛ばす性質の攻撃を受けても、通常の1/2のダメージで踏みとどまることができます。
90f1066e3a	/WAZAHELP.MSG	93	48		3/4の確率で、受けたダメージ分のＨＰを回復することができます。一度目の攻撃のみ効果があります。
346c2c6e18	/WAZAHELP.MSG	46	23		敵の魔法を、命中率・威力ともに完全に封じます。
9bedfcb50a	/WAZAHELP.MSG	46	23		休憩することで最大ＨＰの１０％を回復できます。
1d91b97def	/WAZAHELP.MSG	48	24		瞑想に入ることで最大ＭＰの１０％を回復できます。
8732eca211	/WAZAHELP.MSG	58	29		気合いをためて、次ターンの攻撃力を１．５倍に引き上げます。
b5ed7443da	/WAZAHELP.MSG	54	27		気を練り上げ、次ターンでの賢さを１．５倍まで高めます。
af0cf2b1f7	/WAZAHELP.MSG	30	15		高確率で敵の攻撃を回避します。
780cc0f49a	/WAZAHELP.MSG	43	23		3/4の確率で敵の攻撃をそのまま弾き返します。
8fa22819bc	/WAZAHELP.MSG	34	17		球状の火炎が敵に襲いかかる術です。
ea68140ea4	/WAZAHELP.MSG	40	20		鳥の姿を型どった炎が敵に襲いかかります。
7f4d5f466b	/WAZAHELP.MSG	50	25		炎が舞い上がり、大地を燃え上がらせる驚異の術です。
fbf7b651c3	/WAZAHELP.MSG	26	13		電撃を敵にぶつける術です。
d9a0f37cb7	/WAZAHELP.MSG	42	21		サンダードラゴンによる強力な放電攻撃です。
582a8f77d2	/WAZAHELP.MSG	54	27		荒れ狂うプラズマを産み出し、敵に向かって叩きつけます。
790e9393f8	/WAZAHELP.MSG	63	33		敵に向かって冷気の攻撃を繰り出します。1/2の確率で凍結させます。
09af0dbb7b	/WAZAHELP.MSG	49	26		ヒョウを使った攻撃です。1/4の確率で凍結させます。
127c71d506	/WAZAHELP.MSG	45	24		猛烈な吹雪を作り出し1/4の確率で凍結させます。
e4f20ea330	/WAZAHELP.MSG	44	22		地面を揺らして地震を起こし、攻撃する術です。
4e8702d7ac	/WAZAHELP.MSG	81	42		重力を操って敵を押し潰し、1/4の確率で「重い」状態にして上空飛行ができなくします。
ee72d862a7	/WAZAHELP.MSG	34	17		大地震を起こして敵を巻き込みます。
a3ce9dc833	/WAZAHELP.MSG	64	32		射程範囲内にいる中でもっとも弱いキャラクターの命を奪い取ります。
0a16d7da69	/WAZAHELP.MSG	46	23		隕石が落ちてきて爆発し、大きな被害を与えます。
9de575b162	/WAZAHELP.MSG	54	29		死の影が敵を暗黒へと誘い込み1/16の確率で死亡させます。
8f15b3462b	/WAZAHELP.MSG	62	31		黒い鳥が舞い踊り、世界を覆い尽くした後に消え去る暗黒魔法です。
76fb933936	/WAZAHELP.MSG	52	26		天空より星の光が降り注ぎ、大ダメージを与える術です。
c722a85c14	/WAZAHELP.MSG	44	22		まばゆい光が周囲を貫き、大爆発を起こします。
81ade58759	/WAZAHELP.MSG	50	25		暗黒の粒子が体を覆い、ＨＰを２桁まで削り取ります。
9c9c3fddeb	/WAZAHELP.MSG	38	19		全てを滅ぼすといわれる強力な術法です。
994f8977d1	/WAZAHELP.MSG	54	27		相手もしくは味方の持つＨＰを１０％～５０％吸収します。
9c1e063c06	/WAZAHELP.MSG	54	27		相手もしくは味方の持つＭＰを１０％～５０％吸収します。
2b003c46a5	/WAZAHELP.MSG	93	48		3/4の確率で自分の受けているダメージを完全に補う分のＨＰを相手から奪い、吸収してしまう術です。
871aa99979	/WAZAHELP.MSG	78	39		地面をもり上げて、地形を変化させます。変化した地形は４ターンでもとに戻ります。
2e5bbb2cf1	/WAZAHELP.MSG	78	39		地面を掘り下げて、地形を変化させます。変化した地形は４ターンでもとに戻ります。
d61f1b9bb5	/WAZAHELP.MSG	62	31		この術を受けたものは攻撃力などが下がり、弱くなってしまいます。
d7c28d1d18	/WAZAHELP.MSG	58	29		この術をかけられた者は攻撃力などが上がり、強力になります。
db5d85a2b3	/WAZAHELP.MSG	26	13		敵の集団を弱体化させます。
3640a8dbe3	/WAZAHELP.MSG	48	24		味方の集団に対して強力になる術をかけるものです。
c5b4c729b4	/WAZAHELP.MSG	70	35		味方一人の行動力が上がり、これにより通常の１．５倍の行動力を持ちます。
9fd260d4f3	/WAZAHELP.MSG	66	33		敵一体の行動力を下げ、これを受けた敵の行動力を通常の半分にします。
ec458a59e4	/WAZAHELP.MSG	52	26		自らの姿を消して、敵から攻撃を受けないようにします。
c2990964bc	/WAZAHELP.MSG	36	18		見えない敵を見える状態にする術です。
ba2f475eda	/WAZAHELP.MSG	74	37		魔法に対する防御壁を作ります。魔法の命中率を下げ、魔法効果を減少させます。
9c0f4920c6	/WAZAHELP.MSG	66	33		敵の直接攻撃に対する防御壁を作ります。敵からの打撃を減少させます。
7e7dbe91c5	/WAZAHELP.MSG	40	20		回復効果を持つフィールドを作り出します。
2f78e4047c	/WAZAHELP.MSG	52	26		指定した位置に、移動不可能なブロックを作り出します。
f653d32d9d	/WAZAHELP.MSG	8	4		ボツ！！
4ad24c8842	/WAZAHELP.MSG	82	41		宙に浮いた状態となり、移動能力が上がります。さらに、地系の攻撃を受けなくなります。
5fdf991d5f	/WAZAHELP.MSG	84	42		敵集団内の飛行キャラを飛べなくしたり、仲間を飛ばされないように重くしてしまう術です。
0ab6645ea8	/WAZAHELP.MSG	36	18		敵の眠気を誘い、眠らせてしまいます。
ae7db95880	/WAZAHELP.MSG	32	16		敵を操り人形のように操る術です。
bca2497137	/WAZAHELP.MSG	28	14		敵の心を虜にし、操る術です。
db7e391987	/WAZAHELP.MSG	38	19		敵の思考を乱すことで混乱をさそいます。
79a6ed8bb2	/WAZAHELP.MSG	50	25		射程範囲内にいる全てのキャラクターを混乱させます。
bd039218fe	/WAZAHELP.MSG	48	24		味方キャラクターのステータス異常を回復させます。
b3a5faad77	/WAZAHELP.MSG	86	43		味方キャラクターのステータス異常を回復させると共に、ＨＰを３００ポイント回復させます。
4a9d9aa046	/WAZAHELP.MSG	72	36		死んでしまった仲間の魂を呼び戻して生き返らせられる、生き返りの魔法です。
f47e2b924b	/WAZAHELP.MSG	62	31		味方キャラクターの受けたダメージを１００ポイント回復させます。
1ee2df128d	/WAZAHELP.MSG	62	31		味方キャラクターの受けたダメージを２００ポイント回復させます。
951ab4442f	/WAZAHELP.MSG	62	31		味方キャラクターの受けたダメージを４００ポイント回復させます。
3331ae7b1e	/WAZAHELP.MSG	64	32		味方キャラクターの受けたダメージを１０００ポイント回復させます。
81c4ba216e	/WAZAHELP.MSG	64	32		味方キャラクターの受けたダメージを９９９９ポイント回復させます。
0612ab82c3	/WAZAHELP.MSG	48	24		聖なるエネルギーをビーム状に放出して攻撃します。
bc64c5093b	/WAZAHELP.MSG	66	33		強力な聖なるエネルギーが、３本のビーム状となって敵を撃ち抜きます。
e4f6a510c0	/WAZAHELP.MSG	86	43		その圧倒的なまでの聖なるエネルギーの前に、聖なる力に弱い者達は滅び去ることになります。
1a04546560	/WAZAHELP.MSG	51	27		アダルトタッチで敵一体に大ダメージをあたえます:-)。
242e6b253b	/WAZAHELP.MSG	61	32		アダルトタッチで周囲のすべての敵に大ダメージをあたえます:-)。
05b3bc23e3	/WAZAHELP.MSG	53	28		アダルトタッチで味方一人に大ダメージをあたえます:-)。
e3504856a3	/WAZAHELP.MSG	81	42		アダルトタッチで周囲の味方全員に大ダメージをあたえます。まず再起不能でしょう:-)。
e2d48271af	/WAZAHELP.MSG	52	26		どなたかお一人のＨＰを１００回復することができます。
2add0363ae	/WAZAHELP.MSG	52	26		どなたかお一人のＨＰを５００回復することができます。
b4c4c34016	/WAZAHELP.MSG	52	26		どなたかお一人のＨＰを完全に回復することができます。
6db7f9a3ce	/WAZAHELP.MSG	50	25		どなたかお一人のＭＰを５０回復することができます。
9d89dcc80e	/WAZAHELP.MSG	52	26		どなたかお一人のＭＰを２００回復することができます。
f81dc1c3a2	/WAZAHELP.MSG	52	26		どなたかお一人のＭＰを５００回復することができます。
88404a6e0c	/WAZAHELP.MSG	58	29		どなたかお一人のＨＰとＭＰを完全に回復することができます。
bbf1c736bc	/WAZAHELP.MSG	56	28		どなたかお一人のステータス異常を回復することができます。
7207540f9d	/WAZAHELP.MSG	60	30		使用した方の姿を隠してくれる、ヤマタイに伝わるアイテムです。
a457d20663	/WAZAHELP.MSG	74	37		竜でさえ酩酊すると云われるほどの強力なお酒です。敵に投げつけてみましょう。
44f6c5cc75	/ITEMHELP.MSG	38	20		-怩gＰを１００回復することができます。
38880abfdf	/ITEMHELP.MSG	36	18		ＨＰを５００回復することができます。
753e7fbc6c	/ITEMHELP.MSG	36	18		ＨＰを完全に回復することができます。
c325fa7df5	/ITEMHELP.MSG	34	17		ＭＰを５０回復することができます。
2470dc5af8	/ITEMHELP.MSG	36	18		ＭＰを２００回復することができます。
797925ae30	/ITEMHELP.MSG	36	18		ＭＰを５００回復することができます。
913eb12928	/ITEMHELP.MSG	42	21		ＨＰとＭＰを完全に回復することができます。
4edf11cdcd	/ITEMHELP.MSG	42	21		ステータスの異常を回復することができます。
4d5aa87163	/ITEMHELP.MSG	50	25		ヤマタイに伝わるアイテムで、一定時間姿を隠します。
7af54b6616	/ITEMHELP.MSG	56	28		強力なお酒です。敵に投げつけると混乱させる事ができます。
235124a500	/ITEMHELP.MSG	70	35		飢え苦しんだ人々の魂が形になった物。持っている人に不幸をもたらします。
1d82f8694e	/ITEMHELP.MSG	42	21		美しい真珠です。お店で売ることができます。
665f9a8650	/ITEMHELP.MSG	40	20		美しい宝石です。真珠よりも高く売れます。
335252f3d2	/ITEMHELP.MSG	50	25		すばらしい宝石です。アメジストよりも高く売れます。
f3edecbe7b	/ITEMHELP.MSG	50	25		めずらしい宝石です。とても高く売れることでしょう。
1e0ed59052	/ITEMHELP.MSG	58	29		とても、めずらしい宝石です。どんな宝石よりも高く売れます。
b798c87c92	/ITEMHELP.MSG	50	25		身につけていると戦闘中に敵がよってこなくなります。
d49041b8ab	/ITEMHELP.MSG	56	28		身につけていると心が落ち着き、攻撃が当りやすくなります。
37536764df	/ITEMHELP.MSG	52	26		身につけると、名人以上に攻撃が当たりやすくなります。
26a41352ee	/ITEMHELP.MSG	66	33		お守りの一種です。身につけると会心の一撃が少しだけ出易くなります。
666cae6d1c	/ITEMHELP.MSG	58	29		お守りの一種です。身につけると会心の一撃が出易くなります。
0215daf77f	/ITEMHELP.MSG	56	28		お守りの一種です。身につけると幸運をもたらしてくれます。
7b51c26f5c	/ITEMHELP.MSG	42	21		身につけると素早く動き回ることができます。
799880cad0	/ITEMHELP.MSG	50	25		身につけると、とても素早く動き回ることができます。
df71bcf3e9	/ITEMHELP.MSG	36	18		身につけると、行動範囲が広がります。
e2f874517a	/ITEMHELP.MSG	42	21		身につけると、行動範囲が大きく広がります。
d9a0884a3d	/ITEMHELP.MSG	60	30		指にはめると魔法を受けたときのダメージをやわらげてくれます。
55ba188fde	/ITEMHELP.MSG	56	28		指にはめると魔法から身を守るのに絶大な効果を発揮します。
9e3a7795c7	/ITEMHELP.MSG	48	24		身につけると坂道でも軽やかに進むことができます。
f73bf347cf	/ITEMHELP.MSG	42	21		身につけると、力が増し攻撃力が上がります。
045fa8863a	/ITEMHELP.MSG	56	28		秘められた力を引き出すアイテムです。攻撃力が上がります。
5b7c2acb7e	/ITEMHELP.MSG	34	17		身につけると、防御力が上がります。
8a5b249dfe	/ITEMHELP.MSG	70	35		風の精霊がやどる腕輪です。身につけると敵からのダメージをやわらげます。
9ab909532f	/ITEMHELP.MSG	80	40		身につけると、戦闘中に眠らされる、敵に操られる、混乱状態になることがありません。
88742d30bf	/ITEMHELP.MSG	96	48		装備している方が命を落しそうになった場合、一度だけその身代わりとなってくれる貴重なアイテムです。
ff82e54b08	/ITEMHELP.MSG	74	37		腕につけるアイテムです。動きづらくなりますが腕力を成長させる事ができます。
6e3c43f47e	/ITEMHELP.MSG	78	39		足につけるアイテムです。動きづらくなりますが、素早さを成長させる事ができます。
cd382acc48	/ITEMHELP.MSG	42	21		時と共にＭＰを回復してくれる貴重な石です。
cda39eb8e4	/ITEMHELP.MSG	54	27		時とともにＨＰを回復してくれるすばらしいアイテムです。
9c7896e0e5	/ITEMHELP.MSG	50	25		この石があれば、はじき飛ばされる事も無くなります。
ef828b33d4	/ITEMHELP.MSG	60	30		本にも妖精が宿ることがあります。大切にしてあげてくださいね。
fd75c8d023	/ITEMHELP.MSG	48	24		火の奥義書。火と風の融合について書かれています。
c250bd7d08	/ITEMHELP.MSG	48	24		風の奥義書。風と雷の融合について書かれています。
34278d3c70	/ITEMHELP.MSG	48	24		雷の奥義書。雷と水の融合について書かれています。
e672ed49a5	/ITEMHELP.MSG	48	24		水の奥義書。水と地の融合について書かれています。
68f9d4d0bf	/ITEMHELP.MSG	48	24		地の奥義書。地と火の融合について書かれています。
f935df0cdd	/ITEMHELP.MSG	50	25		ライトワード。光と闇の融合について書かれています。
17d7db2d1f	/ITEMHELP.MSG	52	26		ブラックワード。闇と霊の融合について書かれています。
fb5d9a5d8b	/ITEMHELP.MSG	50	25		ソウルワード。霊と精の融合について書かれています。
b91476676d	/ITEMHELP.MSG	52	26		マインドワード。精と星の融合について書かれています。
7a6403a23a	/ITEMHELP.MSG	50	25		スターワード。星と光の融合について書かれています。
93a15af114	/ITEMHELP.MSG	46	23		おぼろ谷でミズタマから手に入れたアイテムです。
64732d2d18	/ITEMHELP.MSG	34	17		忍者屋敷で手に入れたアイテムです。
792147740e	/ITEMHELP.MSG	38	19		ホウショウ院で手に入れたアイテムです。
a8de104e16	/ITEMHELP.MSG	32	16		星陵郭で手に入れたアイテムです。
e598f41ed1	/ITEMHELP.MSG	30	15		たっぷりと水の入った水桶です。
bc9e9dc77e	/ITEMHELP.MSG	18	9		空っぽの水桶です。
862861abff	/ITEMHELP.MSG	36	18		ピラミッドの神秘の扉を開くカギです。
3cc6b1a046	/ITEMHELP.MSG	42	21		魔法球。力を秘めた古代魔法文明の遺産です。
42a79f6ee0	/ITEMHELP.MSG	42	21		カオスゲートを使用するためのアイテムです。
4f93c354e9	/ITEMHELP.MSG	28	14		古代遺跡の扉を開くカギです。
122f6cdcef	/ITEMHELP.MSG	40	20		イクシーズ号の修理に必要なアイテムです。
1a5a36dd35	/ITEMHELP.MSG	42	21		幻影を打ち消し、真実の姿を明らかにします。
9ed14a9432	/ITEMHELP.MSG	42	21		イクシーズ号を呼び出すためのアイテムです。
dae8bb155f	/ITEMHELP.MSG	82	41		伝説的な金属です。鉄よりもずっと固いにもかかわらず、鉄よりずっと軽いのが特徴です。
54c8b45bda	/ITEMHELP.MSG	48	24		タカオからアケミへの、思いやりあふれる手紙です。
d706e689eb	/ITEMHELP.MSG	44	22		アケミからタカオへの、愛情あふれる手紙です。
fd08b7bf5c	/ITEMHELP.MSG	34	17		一般的に使われている短めの剣です。
03cb6cabe0	/ITEMHELP.MSG	26	13		実戦用にきたえた長剣です。
83e5426ccd	/ITEMHELP.MSG	40	20		軽量化された剣です。素早さが上がります。
d1a2be9661	/ITEMHELP.MSG	32	16		巨大な剣です。攻撃力も高いです。
432f874712	/ITEMHELP.MSG	32	16		とても攻撃力の高い大型の剣です。
9342a8116d	/ITEMHELP.MSG	38	19		獣人に対して特に有効な、伝説の剣です。
0fec3190e3	/ITEMHELP.MSG	54	27		聖騎士と呼ばれる特別な騎士たちが愛用した強力な剣です。
292a4eb544	/ITEMHELP.MSG	46	23		変わった名前ですが、攻撃力はすばらしい剣です。
5bfca94e22	/ITEMHELP.MSG	54	27		所有者の運を高める剣です。武器としての効果も十分です。
5ade968b0f	/ITEMHELP.MSG	48	24		使用する者の命をすいとると言われる強力な剣です。
eaa64ed5c7	/ITEMHELP.MSG	50	25		竜のウロコを斬りさくほど特別な威力を持った剣です。
a6b8805245	/ITEMHELP.MSG	64	32		使う者の行動力を下げますが、暗黒の力できたえられた強力な剣です。
0f266fbdb1	/ITEMHELP.MSG	68	34		聖なる力の祝福を受けた奇跡の剣です。所有する方に幸福をもたらします。
b535eb5f96	/ITEMHELP.MSG	44	22		神をも殺す事ができるといわれる伝説の剣です。
04f538dfae	/ITEMHELP.MSG	66	33		忍者が日常的に使用する武器です。手軽ですが、威力は期待できません。
2a0be827ac	/ITEMHELP.MSG	38	19		忍者が使用するために工夫された刀です。
8309e50b45	/ITEMHELP.MSG	28	14		名人長船がきたえた名刀です。
64d5737a93	/ITEMHELP.MSG	40	20		細身で斬れ味鋭く、あつかいやすい刀です。
0100893f27	/ITEMHELP.MSG	78	39		月光のごとく澄んだ色をした刃を持った刀で、身につけると命中率が少し上昇します。
761650e222	/ITEMHELP.MSG	60	30		古来より、こぞって人々がもとめたと言われる名刀中の名刀です。
f529cc1713	/ITEMHELP.MSG	64	32		その切れ味の鋭さゆえに、人の血を吸う妖刀とまで呼ばれた名刀です。
8737e13403	/ITEMHELP.MSG	36	18		雷のごとき一撃を敵にあたえる刀です。
5a2d3b7aed	/ITEMHELP.MSG	46	23		この刀によってキズを負わされた者を眠らせます。
b166cb02db	/ITEMHELP.MSG	48	24		強力な刀ですが、手にした者は混乱状態になります。
b4282782f1	/ITEMHELP.MSG	70	35		神聖な光を刀身からはなつ刀です。所有者に幸運をもたらすとも言われます。
a624aef030	/ITEMHELP.MSG	72	36		暗黒の力がもつ者の行動力を下げますが、斬れ味のするどさは見すごせません。
250ce989b7	/ITEMHELP.MSG	52	26		霊的な力を秘めた刀で、装備すると行動力が上がります。
ca99a7d6d1	/ITEMHELP.MSG	34	17		聖なる竜の力を宿した最強の刀です。
80d5cf0c05	/ITEMHELP.MSG	14	7		ただの本です。
bcd3c10937	/ITEMHELP.MSG	14	7		司書の本です。
b82aaac132	/ITEMHELP.MSG	20	10		哲学を扱った本です。
c4f8966e3e	/ITEMHELP.MSG	66	33		初歩の魔法の本です。装備すると魔法に対する防御力が少し上がります。
87305a1f1e	/ITEMHELP.MSG	54	27		格闘術の入門書です。装備すると防御力が少し上がります。
2d750102c1	/ITEMHELP.MSG	68	34		上級者向けの魔法の本です。装備すると魔法に対する防御力が上がります。
b45ac755fb	/ITEMHELP.MSG	68	34		古い遺跡から発掘された本です。ずっしりとした時の重みが感じられます。
4310d501f6	/ITEMHELP.MSG	72	36		格闘技における奥義について書かれた本です。装備すると防御力が上がります。
2a65db2970	/ITEMHELP.MSG	46	23		高名な賢者が書いた書物です。賢さが上がります。
8c3438dc4e	/ITEMHELP.MSG	60	30		知る人ぞしる「死者の書」です。恐ろしい暗黒の呪いを感じます。
85e2dff499	/ITEMHELP.MSG	66	33		神をたたえる聖なる書物です。魔法に対する防御力がかなり上がります。
b21955e697	/ITEMHELP.MSG	64	32		真っ黒な装丁の謎に包まれた書物です。非常に不吉なものを感じます。
260504a7a9	/ITEMHELP.MSG	58	29		伝説の名刀。名前の由来は、刀身に浮かびあがったもようから。
8df2f627cb	/ITEMHELP.MSG	20	10		ごく一般的な弓です。
15d5e94654	/ITEMHELP.MSG	36	18		普通の弓よりも強力な矢を放つ弓です。
9ef60f7007	/ITEMHELP.MSG	72	36		レバーを引いて矢を打ち出す変わった弓です。ふつうの弓より威力があります。
a24a775687	/ITEMHELP.MSG	74	37		この弓から打ち出された矢は、ときとして相手に眠りをもたらすことがあります。
5ac7f6b4ee	/ITEMHELP.MSG	48	24		猛獣ガジェルのひげを弦に用いためずらしい弓です。
a894fb0966	/ITEMHELP.MSG	58	29		この弓は、射る者を眠りに誘う暗黒の力がほどこされています。
e9e4d53322	/ITEMHELP.MSG	54	27		古代ソリトン戦役で発明された、弓兵用の強力な長弓です。
d6731802c8	/ITEMHELP.MSG	72	36		この弓からはなたれた矢を受けた者は、射手にその心をうばわれてしまいます。
3fa081d05b	/ITEMHELP.MSG	46	23		つがえた矢に光が宿り、霊的な効力を発揮します。
f56b8aa610	/ITEMHELP.MSG	54	27		つがえた矢に霊的な力をあたえるといわれる特殊な弓です。
469a6a4db7	/ITEMHELP.MSG	70	35		この弓から打ち出される矢は、時として敵を一撃でしとめる効果を発します。
dfeb486bb5	/ITEMHELP.MSG	78	39		ルーンと呼ばれる特殊な言語がきざまれた矢を用いる弓です。霊的な効果を発します。
d3a6d7fd38	/ITEMHELP.MSG	62	31		聖なる光につつまれた矢で、闇を射ちくだく力があると言われます。
1b0573f3a4	/ITEMHELP.MSG	62	31		高い確率で射手みずからの命を奪い取ってしまうおそろしい弓です。
cf1bd2ada3	/ITEMHELP.MSG	62	31		その名のとおり、かみかざりです。女性の方のみご使用になれます。
41d7ebbb96	/ITEMHELP.MSG	78	39		タオの導師が集中力を高めるために使ったものです。女性の方のみご使用になれます。
7c8a928b9e	/ITEMHELP.MSG	86	43		頭にかぶることで暗黒の力から身を守るはたらきを強めます。女性の方のみご使用になれます。
2bddfa0144	/ITEMHELP.MSG	80	40		霊的な力で身を守り知性を高めるはたらきをもちます。女性の方のみご使用になれます。
024f3e0b83	/ITEMHELP.MSG	94	47		かつて天よりの使いが人間の乙女に授けたとされる知性のリングです。女性の方のみご使用になれます。
f152f0802d	/ITEMHELP.MSG	22	11		ごく一般的な帽子です。
fbef9b8d3c	/ITEMHELP.MSG	64	32		魔法をお使いになる方のための帽子です。風の精霊が守ってくれます。
e2e5571012	/ITEMHELP.MSG	76	38		魔法をお使いになる方の能力を引き出すために、ガーラン糸でおりこんだ帽子です。
12633500da	/ITEMHELP.MSG	78	39		魔法使いのための帽子です。魔法に対する術者の集中力を高めるはたらきがあります。
d5f7371a29	/ITEMHELP.MSG	78	39		知性を高めるはたらきをもつ帽子ですが、魔法使いの方以外にはお使いになれません。
f018f10be6	/ITEMHELP.MSG	78	39		魔法使いの方のみがご使用になれる帽子ですが、格段に知性を高める効果があります。
21a9cba1ae	/ITEMHELP.MSG	42	21		戦士がかぶる、ごく一般的なヘルメットです。
497b3943fa	/ITEMHELP.MSG	44	22		トラキア式と呼ばれる戦士用のヘルメットです。
a26a8b3c2c	/ITEMHELP.MSG	58	29		動きやすさに重点をおいてつくられた戦士用のヘルメットです。
6331e477ba	/ITEMHELP.MSG	52	26		ガリア戦役にてレブロウ軍兵士が用いたヘルメットです。
2aed75ee1c	/ITEMHELP.MSG	60	30		守りの力を高めることに重点をおかれた戦士用のヘルメットです。
a61d24f4d7	/ITEMHELP.MSG	74	37		かつてこの地にて、旅なかばに命をおとした名もなき戦士のかぶとと思われます。
353b441db7	/ITEMHELP.MSG	62	31		聖なる力を宿した美しい兜です。もちろん防具としても一級品です。
8164ae5188	/ITEMHELP.MSG	58	29		伝説の世界を救いし勇者と共に戦い抜いた兜。まさに逸品です。
0952aaabc0	/ITEMHELP.MSG	38	19		頭に装着し、頭部を完全にガードします。
6f794d2b49	/ITEMHELP.MSG	60	30		重いよろいを身につけることができない魔法使いのための服です。
f7b546497b	/ITEMHELP.MSG	54	27		木綿にあつみをもたせて作られた魔法使いのための服です。
9b30eb2f9f	/ITEMHELP.MSG	48	24		けものの皮をなめして作られた魔法使い用の服です。
a6cfc2fc6b	/ITEMHELP.MSG	40	20		魔法をお使いになる方のための軽装服です。
d5ca526dc0	/ITEMHELP.MSG	46	23		霊的な力をふうじこめた魔法使いのための服です。
60ee4f9ff0	/ITEMHELP.MSG	64	32		魔法をお使いになる方の知性をいっそう高めるはたらきをもつ服です。
db747ba83a	/ITEMHELP.MSG	56	28		魔法をお使いになる方のための魔法攻撃から身を守る服です。
78f077614a	/ITEMHELP.MSG	92	46		激しく彩る炎をデザインしたドレス。いかなる吹雪にも負けません。女性の方のみご使用になれます。
1e206df6dd	/ITEMHELP.MSG	80	40		女性のみりょくを強調した女性専用のドレス。敵でさえも攻撃の手をゆるめるでしょう。
fc7ccdc02f	/ITEMHELP.MSG	90	45		身につけることで宙に浮くことができる素晴らしいアイテムです。女性の方のみご使用になれます。
808063e2f3	/ITEMHELP.MSG	58	29		鎖を編み上げたよろいです。防御力はそれほど期待できません。
ed2bdc45d3	/ITEMHELP.MSG	62	31		ウロコの形をした金属片をつなぎ合わせた戦士のためのよろいです。
7d56c3d1ec	/ITEMHELP.MSG	60	30		なめし皮の上に薄い鉄板をはりつけて守りを強化したよろいです。
91d39d5a5d	/ITEMHELP.MSG	58	29		鉄板を打ち出して作った、防御力の高い戦士専用のよろいです。
c0a902aa48	/ITEMHELP.MSG	50	25		魔法の攻撃に対する効果を高めた戦士用のよろいです。
c2d8d368cd	/ITEMHELP.MSG	56	28		各部の補強にドラゴンのウロコを用いた戦士用のよろいです。
35b2749bcf	/ITEMHELP.MSG	52	26		騎士の防具として特別に作られた風格のあるよろいです。
e33362f4bc	/ITEMHELP.MSG	62	31		大地の精霊の力を受け、魔法に対する力を高めた戦士用よろいです。
49305b3473	/ITEMHELP.MSG	20	10		僧侶のための服です。
7121ac8d9f	/ITEMHELP.MSG	64	32		祝典などで着用する紫色の法衣です。僧侶の方のみお使いになれます。
4afaac19c3	/ITEMHELP.MSG	56	28		魔法への防御力を高めた法衣で、暗黒の力をも打ち消します。
c2f5fcfee9	/ITEMHELP.MSG	52	26		特別な者にのみ着用がゆるされるという聖なる法衣です。
055dba29b2	/ITEMHELP.MSG	68	34		無我の境地に到達した高僧のみが着用できたと伝えられる特別な法衣です。
4029c67839	/ITEMHELP.MSG	34	17		手にはめて手を守るための防具です。
5d01c0b326	/ITEMHELP.MSG	64	32		なめした皮を用い、ふつうのグローブより丈夫に作ったグローブです。
1e64bde942	/ITEMHELP.MSG	34	17		金属片をはり合わせたグローブです。
1333f96a90	/ITEMHELP.MSG	64	32		こぶしにつける防具ですが、同時に武器としての効果も期待できます。
b0823d3e7f	/ITEMHELP.MSG	40	20		暗黒の力を打ちくだく聖なるグローブです。
35efff08ff	/ITEMHELP.MSG	40	20		黄金色にかがやく、美しく頑丈な防具です。
719aefc6cc	/ITEMHELP.MSG	44	22		妖しくかがやく星を宿した特別なグローブです。
3525dbb716	/ITEMHELP.MSG	52	26		文字どおりにその拳を鋼鉄と化す最高級のグローブです。
b0ebaf034b	/ITEMHELP.MSG	72	36		女性の方専用の毛糸を編み上げた手袋です。防具としては頼りなさを感じます。
69f6067510	/ITEMHELP.MSG	78	39		高級なシルクを使用した手袋は、知性の力を使用者に与えてくれます。女性専用です。
7727b712e7	/ITEMHELP.MSG	78	39		高貴な上品さと知性を感じさせる女性専用の手袋。知性と霊的な力を与えてくれます。
6091750d57	/ITEMHELP.MSG	14	7		木製の盾です。
ddb2905e10	/ITEMHELP.MSG	52	26		戦闘用に作られた盾で、あつかいやすく作られています。
af79b1ce90	/ITEMHELP.MSG	38	19		円形の盾です。敵の武器を受け流します。
e70276c0e1	/ITEMHELP.MSG	38	19		魔を防ぐと伝えられる銀を用いた盾です。
d8842936f5	/ITEMHELP.MSG	36	18		特に水に対しての守りを高める盾です。
51b35266c7	/ITEMHELP.MSG	34	17		全身を守るのに適した大型の盾です。
b4aa0f2f1c	/ITEMHELP.MSG	32	16		雷に対しての守りを高める盾です。
16761ef43c	/ITEMHELP.MSG	36	18		暗黒の力をよせつけない聖なる盾です。
85b70e7ad9	/ITEMHELP.MSG	32	16		火に対しての守りを高める盾です。
3082ed8b69	/ITEMHELP.MSG	58	29		精神面にはたらきかけ霊的な攻撃に対して守りを高める盾です。
694b3de6fb	/ITEMHELP.MSG	70	35		防具としての効果は高い盾ですが、同時に邪悪な気もやどっているようです。
88f8951641	/ITEMHELP.MSG	54	27		白金を加工して作られた、非常に高い防御力を誇る盾です。
e27ff2009d	/ITEMHELP.MSG	50	25		魔法に対する力をほとんどうばいとってしまう盾です。
4273a42998	/DIARY.MSG	248	119		　この国の王女ミュウと\nは、小さいころからの知\n合いなんだけど、彼女は\n会うたびにきれいになっ\nていくように思える。\n　でも性格は相変わらず\n意地悪だ。他の人には、\nそれなりに応じるのに、\nどうして僕にだけ彼女は\n意地悪するんだろう。女\n心はわからないなぁ。
b2f305857f	/DIARY.MSG	242	120		　僕の名前はラスティ。　クィーンズランドの王子で、ドラグーン王国の王女ミュウとはおさななじみ。\n　ドラグーン王家は、竜騎士の長でもあり、僕らリグロード大陸の住民には頼もしい存在だ。\n　僕は戦闘訓練を受けるため、ドラグーンを訪問中だったんだけど、
bd1f9080cd	/DIARY.MSG	259	129		そこへ突然攻撃をしかけてきたのはカダールっていう聞いたことのない国の軍隊と、それを率いるガルザードという男だった。突然の攻撃にドラグーン王は、ミュウにヤマタイのイガへ行けと命じて、城を脱出させたんだ。\n　こうして、僕とミュウとの旅は戦いともに幕を開けた・・・。
39005becb2	/DIARY.MSG	235	117		　僕達はまずザルマへ向った。ザルマの人々は、\nドラグーンに起こったことを知らない様子だ。僕達は、人々に真実を知らせてパニックが起きるのを恐れて、ドラグーンがカダールを名乗る軍隊とガルザードによって制圧されたことを話すことができなかった。
7a13c92928	/DIARY.MSG	222	110		　ミュウは、ウソをつくのがつらいらしくて、人々の信頼しきった笑顔や温かい言葉から、顔をそむけていた。\n僕も町の人達を裏切るようでとてもつらかった。\n　またこの町に戻ってきた時、町の人々に、どんな顔をすればいいんだろう・・・。
3302262620	/DIARY.MSG	243	121		　新しい仲間が増えた。彼の名前はアスカ。イガ最強のシノビ集団月組の頭領で忍術の使い手だ。\n　アスカは、その戦闘能力の高さをカダールに見込まれ、協力するよう命令された。しかし、彼は従わなかったため、カダールは、アスカの部下を捕らえて忍者屋敷に閉じ
2cb1aff125	/DIARY.MSG	204	101		込めた。\n　その一方で、イガの人々にアスカが裏切り者であるかのように誤解させ、アスカを孤立させた。\n　けれど、僕達の協力で忍者屋敷を攻略し、アスカの部下を取り戻したことでイガの人々の誤解をとくことができた。
1b5de4d2ee	/DIARY.MSG	233	116		　ヤマタイ最大の都市、ゴジョウ。そこで僕達はワナにはめられ、ホウショウ院という場所に閉じ込められた。\n　僕達を助けてくれたのは、女盗賊のシラナミ。彼女は、どうやらアスカのおさななじみだったらしい。シラナミは今やゴジョウを騒がす大盗賊に
64350e2def	/DIARY.MSG	191	95		なっている。しかも、盗む相手は悪人で、盗んだ金品を貧しい人に分け与えているので、ゴジョウの住民には大人気だ。\n　シラナミは、僕達の仲間になったんだけど、どうも、動機はあまり純粋ではないようだ。
3466e8ba8d	/DIARY.MSG	239	118		　新しくナズナが仲間になった。\n　ナズナは、式神といって、精霊界とかいうところからやってくる一種の妖精らしい。\n　ナズナは、根無しと言って、儀式もなしにこちら側に来た式神だ。\n　本人がこっそり教えてくれたところでは、精霊界に飽きたのでこちらの
c0a6632879	/DIARY.MSG	215	107		世界に来たものの、こちらも大して面白くなかったので、洞窟の中で自分自身を封印して眠っていたのだとか・・・。\n　ともかく、アスカにベッタリで、見ていてとても面白い。でも、それを言うとアスカがとても怒るので内緒にしよう。
6768c2b2dd	/DIARY.MSG	228	113		　新しい仲間がまた増えた。\n　彼の名前は、カムイ。カムイコタンという小さな山あいの村の族長で、精霊の力によって熊や鷹といった獣に変化する力を持っている。\n　ユーカリさんという恋人がいて、カムイは彼女のことをとても大切に思っている。
d0196a0b61	/DIARY.MSG	235	117		　彼の村人がカダールによって人質にとられていたのを、協力して助け出したのが、カムイが僕達の仲間になるきっかけだった。\n　仲間の中では一番常識的で、僕達にとっては、年上の兄のような感じられる。時々、彼の話が、お説教っぽく聞こえたとしても。
b6381db94e	/DIARY.MSG	190	94		　オボロ谷というのは、不気味なところだ。\n絶えず霧ともモヤとも知れない奇妙な煙が漂い、僕達の侵入を拒むような面がある。\n　オボロ谷には、その変った風景以外にも、もう一つ、楽しくない名物がある。
b739aa1baf	/DIARY.MSG	250	124		　オボロ谷のアヤ姫といえば、リグロードの英雄達が戦ったあの戦いで、ミュウや僕の先祖達を苦しめた相手だ。\n　ここには、そのアヤ姫の血をつぐミズタマという女盗賊がいた。\n　負けず嫌いな性格らしくて今後も僕達に挑んでくるのかもしれないと思うと、うんざりする。
020e85a4db	/DIARY.MSG	260	129		　クリカラ村では、砲術という、火薬を扱う技術がある。その第一人者がタタラという大男だ。\n　カダール軍は砲術に戦略的価値を見いだし、タタラ達に協力を命じた。\n　しかし、自分達の技術が無益な大量殺人に使われることを嫌ったタタラ達は、カダールの要求に反対し続けていた。
d73de6c2ba	/DIARY.MSG	224	111		　そして、僕達がクリカラ村を訪れたその日、カダールの連中によって、村に火が放たれた。\n　僕達は決死の覚悟で火薬倉庫に向い、大爆発を起こすまえに火を消すことができた。\n　こうして、クリカラでも一番の腕を持つタタラが仲間になった。
52e2376789	/DIARY.MSG	257	127		　そして、僕達がクリカラ村を訪れたその日、カダールの連中によって、村に火が放たれた。\n　僕達は決死の覚悟で火薬倉庫に向ったが、爆発を止められなかった。\n　クリカラ村は爆発とともに吹き飛び、僕達は、力不足を後悔した。\n　あの優しい人達の笑顔が戻ることはもうない。
1d82fd04b1	/DIARY.MSG	235	117		　結界洞は、ヤマタイ中央に位置する霊峰フジを縦断する地下洞窟だ。\n　ここは昔から裏ヤマタイ地方と表ヤマタイ地方とを分断する要害で、ゲテン城の主を守るために一度封印されてしまうと特別なアイテムを３つ揃えなければ、封印を解くことはできない。
ee1877d9e6	/DIARY.MSG	153	76		　僕達は苦労の末、３つのアイテムを集め、ゲテン城へ向うべく、結界洞の封印を解いた。\n　ガルザードとカダール軍が拠点にしているゲテン城は、もう目と鼻の先だ。
a16fa4af4e	/DIARY.MSG	248	123		　僕は、このゲテンという城で起こったことを一生忘れることはできないだろう・・・。\n　僕達はカダールの将軍ガルザードをゲテン城の最奥部に見つけ出した。そこまで追い詰めたと思ったのは、僕達の大きな誤算だった。\n　ガルザードは自分の必要性のために、その場所
8a4013bd15	/DIARY.MSG	232	115		に移動しただけのことであって、僕達のことを脅威と見なしていなかったのだ。\n　ガルザードは突然消え去り、それを妨害しようとしたミュウもまた、ガルザードとともに消え去ってしまった。\n　いったい、ミュウはどこに行ってしまったのだろう・・・。
67d8c17bd7	/DIARY.MSG	218	108		　港町ヒガタで途方にくれていると懐かしい顔に出会った。\n　リグロードからヤマタイまで僕とミュウを船で運んでくれたディアーネさんだ。\n　ディアーネさんは、ミュウのことを聞くと、カダールまで船で連れていくとを申し出てくれた。
3e4d9012aa	/DIARY.MSG	149	74		　僕達は、ディアーネさんの好意に甘え、一路、カダールを目指すことになった。\n　ミュウ・・・どうか僕達がカダールにたどりつくまで、無事でいてくれ・・・。
856b55e220	/DIARY.MSG	207	103		　ミュウと再会！　これほど嬉しいことはなかった。会えなくて不安で、つきまとう不吉な考えを何度押し殺しただろう。\n　港町ポポロンはカダールの海の玄関口。ここは常に他の大陸から新しく珍しい文化が押し寄せる場所だ。
917e94746a	/DIARY.MSG	197	98		　だから、人々も、一つの考え方に偏ってしまうことがないようでカダールのやり方に反対する動きもあるようだ。\n　ミュウは、ガルザードによって捕らわれていた牢の中でアンジュという新しい仲間を見つけていた。
20c212c4db	/DIARY.MSG	240	119		　７人委員会の塔に乗り込んだ僕達は、ガルザードと戦い、彼を打ち破った。\n　だが、７人委員会は、すでに彼らの野望を果たすために旅だっていた。\n　彼らは、世界の粛正と支配を望んでいた。そのために、カカルクランに行き、カオスの力を利用するのだ、と。
af061086bd	/DIARY.MSG	211	105		　真に優秀な人間による新しい理想世界、と彼らは表現したらしいが、何もかもが滅び去り、誰もいない王国を支配して、いったいどんな意味があるというのだろう。\n　彼ら７人委員会の行動は、何がなんでも止めなければならない。
53b0113788	/DIARY.MSG	144	71		　ポポロンは、その日、現実的にも、表現的にも死の町となった。\n　７人委員会は、ポポロンに住む人々を血によって粛正した。\n　僕達は何もできなかった。
17dc4b8f48	/DIARY.MSG	234	116		　アレクトリア大図書館の館長室に、秘密の入口があった。\n　中に入ってみると、貴重な文献が収納されていて、僕達は色々なことを知ることができた。\n　アンジュによれば、そこに隠された文献は、どれも、許可無く見ることのできない重要書類だそうだ。
6906937903	/DIARY.MSG	116	58		　地下閲覧室で見つけた情報をもとに、僕達は、グラビティという町を訪れるべく、アレクトリア大図書館の地下通路を進んだ。
ce3886c8a1	/DIARY.MSG	163	81		　グラビティは、空飛ぶ船イクシーズに関する秘密を守るために、世界の片隅で忘れ去られていた村だった。\n　ここには、アレクトリア図書館ですら忘れられた知識が生きていた。
5a694b5414	/DIARY.MSG	240	120		　長老の話によれば、グラビティの近くにある海底神殿にイクシーズが眠るらしいことと、イクシーズの原動力であるガルマンオーブが７人委員会によって盗まれたため、イクシーズを動かすためには、どこかでガルマンオーブを見つけてくるしかないということだ。
8231c4e4b5	/DIARY.MSG	230	114		　僕達は死の砂漠と呼ばれる砂漠を通り抜けた。そこは、じっとしているだけで体力を失うような暑い砂漠だった。\n　死の砂漠を通り抜け、古代の遺跡と思われる、巨大な石で作られた四角い建物を見つけた。\n　ここには、何かがありそうな予感がする。
68efde626d	/DIARY.MSG	140	70		　イシスのピラミッドと呼ばれるその古代遺跡は、ガルマンオーブを保管する、ただそれだけの目的のために作られたと言っても過言ではないようだった。
7d543696b0	/DIARY.MSG	131	65		　僕達は、そこで、ガルマンオーブを見つけることができた。\n　これで、グラビティの近くにある海底神殿に行けば、念願のイクシーズ復活だ！
e2dd4f8796	/DIARY.MSG	168	83		　ついに僕達は、イクシーズ号を手に入れた！\n７人委員会が次元の扉の封印を破ってカカルクランに行くことだけはなんとしても止めなければ。\n　なつかしい故郷リグロードへ急ごう！
a74af59f5e	/DIARY.MSG	218	108		　ドリームラビリンスに閉じ込められていたのは自称天才魔導士キングだった。\n　キングは半人半馬のセントールという種族で、自分でいうだけあって、魔法の腕は立つらしい。\n　でも、性格には、色々と問題がありそうなのだぜ～・・・。
3a0de9f8e5	/DIARY.MSG	170	84		　ドラグーン上空にさしかかったイクシーズ号に突然変化がおきた。\n　僕達を乗せたイクシーズ号は墜落し、修理のめどはたっていない。\n　一体、イクシーズ号に何が起こったんだろう。
ec5e23f3cd	/DIARY.MSG	149	74		　トラグーン城はカダールによって破壊されていた。\n　沢山のドラグーン騎士が帰らぬ人となり、武勇をもって知られるドラグーン王も、また、不帰の人となった。
e45e5cb192	/DIARY.MSG	239	119		　最初のうちは、僕達を裏切り者と呼んでいたザルマの人々は、ドラグーン城を取り返すと、手のひらを返したように親切になった。\n　彼らを責めることは僕にはできない。崩れ落ちたドラグーン城のように、ザルマの人々の心もまた、深く傷ついていたのだから。
081a097217	/DIARY.MSG	208	103		　新しい仲間が増えるというのは、頼もしいものだと、僕は思う。\n　オルトマで商売を営む鷹人間のホークアイは、我流で剣の修行を積んだ風変りな男だった。\n　ホークアイの助力によって、大地の叫びを突破することができた。
6f5f2bb386	/DIARY.MSG	257	128		　驚いたのは、アレクトリア大図書館の地下閲覧室で見たいくつもの古代魔法文明に関する文献の著者、ファルコの実兄だということだった。\n　僕達は、イクシーズ号の修復に協力を仰ぐためホークアイとともに、カダールに捕らわれているというファルコを助けに行くことになった。
86f4774543	/DIARY.MSG	242	120		　ラグロスはまぎれもなく悪党だったと思う。けれど、彼にもまた、深い心の傷があったように思えてならない。\n　ラグロスを倒したことで、彼によって失われた僕の家族のふくしゅうをすることはできた。\n　だからといって、失われた命が戻ってくるわけではない。
04f97f9460	/DIARY.MSG	174	86		　もう、こんな思いをする人々が増えるのはごめんだ。\n　幽玄の森を封印するルゥナからの情報で、７人委員会はすでに次元の扉にたどり着きつつあるようだ。\n　彼らの愚行を止めなければ。
62aa28a29f	/DIARY.MSG	217	108		　古代魔法文明、とりわけイクシーズ号に関して学術的興味を持っているファルコを、彼が閉じ込められてたいた場所から助け出した。\n　さぞや涙涙の感動の再会が待っているかと思いきや、そっけないとさえ感じられるほどの再会だった。
6def16f743	/DIARY.MSG	228	113		　しかし、だからといって、二人が再会できたことに何の感動もないと思い込むのは間違っているんだろう。\n　僕には、兄弟も姉妹もないから分からないけれど。\n　ファルコが僕達の手助けをしてくれることで、イクシーズ号の修復に望みがでてきた。
be0cc754b2	/DIARY.MSG	193	96		　ファルコが言うには、イクシーズをもう一度、空に浮かべるために、特別なアイテムが２つ必要だということだった。\n　ひとつはアローストーンと呼ばれるもの、もう一つはマラカイトと呼ばれるものだそうだ。
8cfe23ae0b	/DIARY.MSG	159	79		　それがどういう原理で効力を失ったガルマンオーブに作用するのかは、説明はしてもらったものの、結局のところ、分からない。\n　とにかく、この二つを捜しださなければ。
15bdd064b8	/DIARY.MSG	100	50		　グラビティの長老に、マラカイトに関しての情報がアレクトリア図書館にあるのではないかと、教えられた。
d38c160a24	/DIARY.MSG	137	68		　サモサ島でイクシーズ号修復に必要な２つのアイテムのうちの１つ、アローストーンを入手。\n　これで一歩、イクシーズ号の修復に近付いたわけだ。
978bc7189a	/DIARY.MSG	153	76		　アレクトリア大図書館地下通路でイクシーズ号修復に必要な２つのアイテムのうちの１つ、マラカイトを入手。\n　これで一歩、イクシーズ号の修復に近付いたわけだ。
2362cc213b	/DIARY.MSG	203	101		　ファルコ、ディアーネの助力により、イクシーズ号の修復が終った。\n　前回の過ちを繰り返さないため、今度は素人ではなく、ディアーネという操船の専門家とファルコという古代魔法文明の専門家に任せることになった。
7640c09c08	/DIARY.MSG	88	44		　ディアーネもファルコも、このイクシーズ号に乗っていられるだけで幸せという顔をしていた。
4d31cbda32	/DIARY.MSG	153	76		　次元の道を突破した。カカルクランは目の前。緊張のため、これ以上書くべきことを思い付かない。\n　全員、生きて帰る。それだけを胸に、７人委員会に戦いを挑む。
19e4a8d06e	/DIARY.MSG	198	98		　７人委員会を倒した！・・・はずなのに、何かがおかしいと、僕の頭の片隅にひっかかる。\n　ミュウとともに世界をイクシーズで回ってみることにする。\n　本当に世界に平和が訪れたのか、この目で確かめてみよう。
d16f7e2d21	/DIARY.MSG	216	107		　アレクトリア図書館長の遺書を発見。そこには驚くべき事実がかかれていた。\n　だが、何よりも、魔法球の出現と天変地異に驚かされた。\n　戦いはまだ終っていない。本当の平和を勝ち取るために、もう一度、カカルクランへと旅立つ。
81c6530637	/DIARY.MSG	243	121		　今度こそ、死力を尽くした戦いになるだろう。けれど、それでも、僕達が勝つのだと信じたい。うちひしがれ、恐怖に泣き叫ぶ人の心に、美しいただ一つの真実を、吹き込むために、僕達は戦おう。\n　誇りを奪うことは誰にもできないと、その一言を証明するために。
4f7f5034f1	/DIARY.MSG	107	68		　以上で日記はおしまいです。\n\ncreate: 1 Aug.96\nupdate:20 Aug.96\n\n　マスターアップしたら黒ビールに花火だ(笑)
a3e4521f9b	/DIARY.MSG	97	43		順風満帆、\n\n　すべてこの世は\n\n　　バグもなし。\n\n\n\n\n\n　　・・・と日記には\n　　　　　書いておこう。
92826d9609	/STATHELP.MAT	314	153		　　　　　　　　　　　　　　　　　　　［２／７］\nＨｐ（ヒットポイント）\n　体力値を表わします。\n　０になると、行動不能になり画面から消えますが、\n　ワールドマップにもどると復活します。\nＭｐ（マジックポイント）\n　魔法力を表わします。\n　魔法を使うごとに消費し、魔法の必要Ｍｐに\n　足らなくなると魔法が使えなくなります。
2bb7f847b9	/STATHELP.MAT	338	165		ステータス種類（１）　　　　　　　　　［３／７］\n飛－空中に浮いていて、いづな落としや投げで攻撃\n　　されません。また、地系の攻撃技でダメージを\n　　受けません。\n透－透明化しています。打撃系の攻撃を受けません。\n眠－眠らされています。寝ている間は何もできませ\n　　ん。\n恐－恐怖に理性を失っています。相手から逃げまわ\n　　ることしかできません。
2270e7de9a	/STATHELP.MAT	278	136		ステータス種類（２）　　　　　　　　　［４／７］\n凍－凍らされています。溶けるまでは動くこともで\n　　きません。\n痺－マヒさせられています。動くことができません。\n乱－混乱させられています。敵、味方の区別なく攻\n　　撃してくるでしょう。\n操－敵に操られています。味方を攻撃してきます。
e72d88b684	/STATHELP.MAT	288	140		ステータス種類（３）　　　　　　　　　［５／７］\n大－自分が大きくなっていて、\n　　攻撃力も高くなっています。\n小－自分が小さくなっていて、\n　　攻撃力も低下しています。\n昇－行動力が上昇していて、移動の範囲が広くなっ\n　　ています。\n低－行動力が低下していて、移動の範囲もせまく\n　　なります。
3d1421847a	/STATHELP.MAT	340	166		パラメータ種類（１）　　　　　　　　　［６／７］\n行動力　－移動と攻撃技で使用する値。ターン毎に\n　　　　　回復します。\n登坂　　－坂を登る能力や水の上などを飛行できる\n　／水上　能力を示します。\n速さ　　－回避率と必殺率に影響を与えます。\n攻撃力　－攻撃技でのダメージ力です。\n防御力　－攻撃技を受けた時のダメージを小さくす\n　　　　　る力です。
44148705ca	/STATHELP.MAT	350	171		パラメータ種類（２）　　　　　　　　　［７／７］\n幸運　　－運は回避率をアップします。\n賢さ　　－魔法攻撃力に影響を与えます。\n抗魔力　－魔法技を受けた時のダメージを小さくす\n　　　　　る力です。\n回避率　－自分と同程度の速さの\n　　　　　モンスターに対する回避率です。\n必殺率　－自分と同程度の能力を持つ、\n　　　　　モンスターに対するクリティカル率です。
0ad0b1a9bc	/STATHELP.MAT	259	127		\rh　　　　　　　　　　　　　　　　　　　［１／５］\n技Ｌｖ　　　－現在の技のレベルです。\n技Ｅｘｐ　　－技を使うごとに経験値が加算されて\n　　　　　　　いきます。一定値になると技レベル\n　　　　　　　がＵＰして、技を覚えたり、使える\n　　　　　　　ようになります。
ca0e8d68a6	/STATHELP.MAT	353	173		　　　　　　　　　　　　　　　　　　　［２／５］\n各技の技Ｌｖ－技を使うために必要となる技レベル\n　　　　　　　です。もう１つの値は使うごとに加\n　　　　　　　算される経験値です。\n必要行動力　－技を使うために必要な行動力です。\n　　　　　　　移動したときに、この必要行動力だ\n　　　　　　　けの行動力が残っていないと技を使\n　　　　　　　うことはできません。
7800bb733c	/STATHELP.MAT	221	108		　　　　　　　　　　　　　　　　　　　［３／５］\n必要Ｍｐ　　－魔法を使うために必要なＭｐです。\n　　　　　　　残りのＭｐがこれより少ないと魔法\n　　　　　　　を使うことはできません。\nパワー　　　－攻撃力や回復力の値です。\n
3f05a4b1a4	/STATHELP.MAT	293	143		　　　　　　　　　　　　　　　　　　　［４／５］\n射程　　　　－技や魔法が届く範囲です。\n　　（単）一体だけを攻撃します。\n　　（術）一体だけを攻撃します。\n　　　　　障害物の影響を受けません。\n　　（弧）扇の範囲に攻撃します。\n　　（扇）扇の範囲に攻撃します。\n　　　　　障害物の影響を受けません。
37bc9adca9	/STATHELP.MAT	254	124		　　　　　　　　　　　　　　　　　　　［５／５］\n　　（円）円の範囲に攻撃します。\n　　（全）円の範囲に攻撃します。\n　　　　　障害物の影響を受けません。\n　　（直）直線上に攻撃します。\n　　　　　障害物の影響を受けません。\n　　（自）自分自身に技をかけます。
