key	file	offset	bytes
00fcaf7ee1	/1_RIG2.BIN	591532	6
0317322a82	/1_RIG2.BIN	589696	10
04ad3df9a7	/1_RIG2.BIN	504652	4
04ad3df9a7	/1_RIG2.BIN	505996	4
04ad3df9a7	/1_RIG2.BIN	511712	4
04ad3df9a7	/RIG2MENU.OVL#1	10656	4
04b2417b6d	/1_RIG2.BIN	622177	8
04c1eaca0f	/1_RIG2.BIN	604440	10
04ecc55bb5	/1_RIG2.BIN	505876	12
0509b4d5cb	/1_RIG2.BIN	504764	10
0509b4d5cb	/1_RIG2.BIN	511828	10
0509b4d5cb	/1_RIG2.BIN	621231	10
0509b4d5cb	/1_RIG2.BIN	621512	10
0509b4d5cb	/1_RIG2.BIN	621931	10
0509b4d5cb	/RIG2MENU.OVL#1	44684	10
05714655d8	/RIG2MENU.OVL#1	34767	6
062ac1af5b	/1_RIG2.BIN	592612	8
07d83a3600	/1_RIG2.BIN	594412	8
086cba1424	/RIG2MENU.OVL#1	52992	13
08d5052cf7	/1_RIG2.BIN	593512	8
09b12179d2	/1_RIG2.BIN	505136	36
e4407122d8	/1_RIG2.BIN	601000	21
0c56cc3c5b	/1_RIG2.BIN	594700	8
0e0769c81c	/1_RIG2.BIN	513968	30
0e3be1df67	/1_RIG2.BIN	604200	8
0f92216927	/1_RIG2.BIN	505828	30
0fbf9aec09	/RIG2MENU.OVL#1	44248	16
0fe9f67d0e	/1_RIG2.BIN	512320	24
100b9276e9	/1_RIG2.BIN	594016	8
10d2d6aa0c	/1_RIG2.BIN	513196	22
10f050beba	/1_RIG2.BIN	504312	18
147e824abf	/RIG2MENU.OVL#1	44484	10
156bd4fe2e	/RIG2MENU.OVL#1	52800	7
1608388dd2	/1_RIG2.BIN	605880	8
16329d8cfe	/1_RIG2.BIN	509564	6
16bf0e4d5c	/1_RIG2.BIN	611748	6
1837c4f1eb	/1_RIG2.BIN	511216	6
18bac1be1c	/RIG2MENU.OVL#1	44344	14
1a2bb36394	/1_RIG2.BIN	586556	10
1b118437db	/1_RIG2.BIN	610604	12
1b50915d3b	/1_RIG2.BIN	511120	8
1bf4065305	/1_RIG2.BIN	513352	26
1bfb421df2	/1_RIG2.BIN	599080	6
1d588390ab	/1_RIG2.BIN	505920	14
1d85c34674	/1_RIG2.BIN	609460	8
1e2bb4cfe9	/1_RIG2.BIN	593548	10
1ee2073319	/1_RIG2.BIN	599040	6
1fdfc61c8d	/1_RIG2.BIN	606560	8
207d7a42da	/1_RIG2.BIN	509024	8
213cb99fb3	/RIG2MENU.OVL#1	18316	20
21641d4869	/1_RIG2.BIN	599840	8
2167db96f2	/1_RIG2.BIN	593944	10
21ac01a8ed	/1_RIG2.BIN	512112	20
2240efa5db	/1_RIG2.BIN	511880	18
22b40d0b49	/1_RIG2.BIN	513244	14
25af4f7f2d	/1_RIG2.BIN	598720	15
23b6ce0756	/1_RIG2.BIN	595636	8
614e72255a	/1_RIG2.BIN	601400	21
5f8c1734f8	/1_RIG2.BIN	598800	15
25a37040c4	/1_RIG2.BIN	591568	8
051489d6a6	/1_RIG2.BIN	611792	17
051489d6a6	/1_RIG2.BIN	611836	17
25bb09a1f5	/1_RIG2.BIN	586545	10
25cbd2bd86	/1_RIG2.BIN	604400	8
268d1a4977	/1_RIG2.BIN	597796	8
268d1a4977	/1_RIG2.BIN	598400	8
27026f259f	/1_RIG2.BIN	513112	12
27e25e1472	/1_RIG2.BIN	512944	11
27e3e30cc8	/1_RIG2.BIN	622129	10
2899cb3990	/1_RIG2.BIN	511856	22
2899cb3990	/1_RIG2.BIN	512912	22
2899cb3990	/1_RIG2.BIN	514116	22
28f52d5899	/RIG2MENU.OVL#1	44460	14
2a1b7a8e28	/1_RIG2.BIN	594808	6
2a4afbc9dc	/1_RIG2.BIN	593872	8
2aeb6572be	/1_RIG2.BIN	601080	10
2c01884a92	/RIG2MENU.OVL#1	34742	10
2c739657be	/1_RIG2.BIN	605320	10
2cebf8cc6c	/1_RIG2.BIN	599320	10
2d1725d6d3	/RIG2MENU.OVL#1	69084	14
2f9d94fc48	/RIG2MENU.OVL#1	68968	18
2fe367cb5e	/1_RIG2.BIN	506046	12
2ffd723c5a	/1_RIG2.BIN	509004	6
302531e1ed	/1_RIG2.BIN	504736	8
302531e1ed	/1_RIG2.BIN	621193	8
302531e1ed	/1_RIG2.BIN	621785	8
3027f76891	/1_RIG2.BIN	512212	26
30ae2c5535	/RIG2MENU.OVL#1	44592	17
31316e6ed0	/1_RIG2.BIN	609548	8
bc55be9667	/1_RIG2.BIN	591352	14
31fbad94f9	/1_RIG2.BIN	611396	4
337282978f	/1_RIG2.BIN	505012	70
337402b49e	/RIG2MENU.OVL#1	44544	45
33a3fbc438	/1_RIG2.BIN	610868	10
33d8792912	/RIG2MENU.OVL#1	44496	45
34aa0612a0	/1_RIG2.BIN	612144	10
34e339213d	/1_RIG2.BIN	508988	6
350840e16a	/1_RIG2.BIN	509500	11
3537948f9b	/1_RIG2.BIN	597328	10
36084aa410	/1_RIG2.BIN	605360	8
36b94433eb	/1_RIG2.BIN	605280	10
36df5c75e4	/1_RIG2.BIN	511416	10
36df5c75e4	/1_RIG2.BIN	514056	10
37986c34bd	/1_RIG2.BIN	612364	10
37d7fc29df	/1_RIG2.BIN	605200	10
3821e3c9b9	/1_RIG2.BIN	599280	10
398c761926	/RIG2MENU.OVL#1	44780	12
39fbe0c67e	/1_RIG2.BIN	504712	8
39fbe0c67e	/1_RIG2.BIN	621184	8
39fbe0c67e	/1_RIG2.BIN	621776	8
e7d780feaf	/1_RIG2.BIN	600920	21
3acb5f936b	/RIG2MENU.OVL#1	44856	12
3bf1a1746f	/RIG2MENU.OVL#1	10520	18
3bf1a1746f	/RIG2MENU.OVL#1	18252	18
e8486b31f9	/1_RIG2.BIN	597868	14
e8486b31f9	/1_RIG2.BIN	598480	14
3d8aeaccb1	/RIG2MENU.OVL#1	44332	8
3d8e2eb9ac	/RIG2MENU.OVL#1	27028	7
3e0d28a3c3	/1_RIG2.BIN	509116	8
3ed3df49e3	/RIG2MENU.OVL#1	44912	4
40410e68d1	/1_RIG2.BIN	511944	26
413354b940	/1_RIG2.BIN	592648	8
41cd3c1258	/1_RIG2.BIN	594880	8
428ecbb22b	/1_RIG2.BIN	513180	14
42a1ec4266	/1_RIG2.BIN	610076	8
42ffbf57c4	/1_RIG2.BIN	504292	18
43747bda14	/1_RIG2.BIN	505084	48
43c593448b	/1_RIG2.BIN	504332	30
43cb57e708	/1_RIG2.BIN	504532	6
44146c91ad	/1_RIG2.BIN	601240	10
443294b60e	/RIG2MENU.OVL#1	10852	48
44b1172d11	/1_RIG2.BIN	512868	12
44b7dfde38	/1_RIG2.BIN	592720	8
44d0ad494c	/1_RIG2.BIN	599160	10
44eb36e715	/1_RIG2.BIN	504748	6
4549ef48da	/1_RIG2.BIN	513284	14
45a27aea95	/1_RIG2.BIN	506060	20
463fb52751	/1_RIG2.BIN	600600	10
46849ab56c	/1_RIG2.BIN	508940	6
99691e7620	/1_RIG2.BIN	589192	14
47092ea783	/RIG2MENU.OVL#1	10500	18
47092ea783	/RIG2MENU.OVL#1	18232	18
470baa10de	/1_RIG2.BIN	589912	8
47acf4f945	/1_RIG2.BIN	610560	10
4880438d8f	/RIG2MENU.OVL#1	26872	7
48b290e13c	/1_RIG2.BIN	591748	10
48c6a9ec56	/1_RIG2.BIN	506240	18
48d048d66c	/1_RIG2.BIN	508980	6
48e3ef69ac	/1_RIG2.BIN	509156	6
49152ae923	/1_RIG2.BIN	600640	10
4a4c76a9e1	/1_RIG2.BIN	509611	7
4b5a96d43c	/RIG2MENU.OVL#1	27012	7
4b793f4958	/1_RIG2.BIN	512240	18
4c1bdcc747	/RIG2MENU.OVL#1	69044	18
4c9e132663	/1_RIG2.BIN	611440	6
4ccbad7506	/1_RIG2.BIN	513544	30
4dfbaadd12	/1_RIG2.BIN	611660	6
4dfbaadd12	/1_RIG2.BIN	612276	6
4dfbaadd12	/1_RIG2.BIN	612628	6
4f126a52a2	/1_RIG2.BIN	509248	12
4fd7d62756	/1_RIG2.BIN	513056	28
509044b892	/RIG2MENU.OVL#1	44388	10
509fb91f9f	/1_RIG2.BIN	605440	10
50b7951017	/1_RIG2.BIN	511132	8
0c892e30eb	/1_RIG2.BIN	601120	21
51ef5e8d2b	/1_RIG2.BIN	604480	8
9e7bd24339	/1_RIG2.BIN	601160	21
54392598a4	/1_RIG2.BIN	506212	24
5540fbc907	/1_RIG2.BIN	607080	8
5573cef596	/RIG2MENU.OVL#1	10616	8
55f0f6605c	/RIG2MENU.OVL#1	44872	11
5601e9d82d	/RIG2MENU.OVL#1	69064	18
568d4cf4d7	/1_RIG2.BIN	597220	8
573f77d20f	/RIG2MENU.OVL#1	44416	10
5742e3fc19	/1_RIG2.BIN	610824	8
58976185e8	/1_RIG2.BIN	598440	8
58ae64f87a	/1_RIG2.BIN	587930	34
58c5e5b679	/RIG2MENU.OVL#1	44796	12
58cf6a9e5d	/1_RIG2.BIN	602760	8
59605d8c8b	/1_RIG2.BIN	609768	8
5a5eedd34e	/1_RIG2.BIN	511112	6
5b1cf600e5	/RIG2MENU.OVL#1	10904	36
5b58c8f9de	/1_RIG2.BIN	509456	4
5c17d24347	/1_RIG2.BIN	511996	18
5c825073da	/1_RIG2.BIN	504776	10
5c825073da	/1_RIG2.BIN	621220	10
5cbd47b094	/1_RIG2.BIN	505796	30
5cd265c1c5	/1_RIG2.BIN	591676	8
5d101c2bda	/1_RIG2.BIN	597904	10
5d101c2bda	/1_RIG2.BIN	598520	10
5dcbd8016f	/1_RIG2.BIN	592684	8
5e784a780b	/1_RIG2.BIN	512088	22
5ef8121c15	/1_RIG2.BIN	511204	10
5f6b545a4d	/1_RIG2.BIN	513160	16
5f9e7ff8df	/1_RIG2.BIN	610164	10
5fb345555b	/1_RIG2.BIN	504884	14
5fb5b18e8c	/1_RIG2.BIN	513300	28
604e422f5d	/1_RIG2.BIN	513128	24
618b50f2a3	/1_RIG2.BIN	505500	294
619130db7a	/1_RIG2.BIN	506260	14
61c2bd81e0	/1_RIG2.BIN	609328	8
6428c78691	/1_RIG2.BIN	592792	8
64cf0ba7e6	/1_RIG2.BIN	591820	10
64ebf02902	/1_RIG2.BIN	610912	12
65e32ba311	/1_RIG2.BIN	509096	8
67377ab4fd	/1_RIG2.BIN	512260	20
677f90b6ff	/1_RIG2.BIN	609284	10
67bd7185b6	/1_RIG2.BIN	511236	6
67c3adf5e7	/1_RIG2.BIN	607120	10
683b01624a	/1_RIG2.BIN	511488	14
6922d90762	/1_RIG2.BIN	599000	8
69744e0247	/1_RIG2.BIN	511152	6
6a1b6747a2	/RIG2MENU.OVL#1	44840	12
6a51ba2c26	/1_RIG2.BIN	511924	16
6b3f4cead8	/RIG2MENU.OVL#1	10540	18
6b3f4cead8	/RIG2MENU.OVL#1	18272	18
6c0f3f89a5	/RIG2MENU.OVL#1	27116	20
6c74991954	/1_RIG2.BIN	508996	6
6c8401eac7	/1_RIG2.BIN	588775	24
a3d92d8866	/1_RIG2.BIN	597760	14
a3d92d8866	/1_RIG2.BIN	598360	14
6ce18ac91a	/1_RIG2.BIN	621202	8
6ce18ac91a	/1_RIG2.BIN	621659	8
6d270e1cab	/1_RIG2.BIN	511760	16
6d813912f0	/RIG2MENU.OVL#1	52820	10
3fb758e098	/1_RIG2.BIN	597724	14
3fb758e098	/1_RIG2.BIN	598320	14
6f57ae75a8	/1_RIG2.BIN	609724	8
6f5c9513a0	/1_RIG2.BIN	603440	10
708b003825	/1_RIG2.BIN	621175	8
7140efa72e	/RIG2MENU.OVL#1	44428	16
719fa91d24	/1_RIG2.BIN	511224	8
7275dcfd5f	/1_RIG2.BIN	610120	12
72ef20a82b	/1_RIG2.BIN	504956	16
73452b62b7	/1_RIG2.BIN	504692	8
73452b62b7	/1_RIG2.BIN	621166	8
73452b62b7	/RIG2MENU.OVL#1	10408	8
73452b62b7	/RIG2MENU.OVL#1	18140	8
735fc0816a	/1_RIG2.BIN	591388	8
738aca66cc	/1_RIG2.BIN	605120	8
7488a56d8a	/1_RIG2.BIN	603480	8
751428b054	/1_RIG2.BIN	588754	20
7529d89715	/1_RIG2.BIN	621123	4
759ba0c932	/1_RIG2.BIN	622141	8
75be44f002	/1_RIG2.BIN	589552	4
760de92542	/1_RIG2.BIN	597256	10
77b9de4b0b	/RIG2MENU.OVL#1	44612	14
77e209bac5	/1_RIG2.BIN	605720	10
78435c92dc	/1_RIG2.BIN	610956	12
785753f972	/1_RIG2.BIN	512064	20
78b696f440	/1_RIG2.BIN	611132	10
78b696f440	/1_RIG2.BIN	611176	10
78b696f440	/1_RIG2.BIN	611264	10
7bb3b659e9	/1_RIG2.BIN	509524	6
93676f648c	/1_RIG2.BIN	597688	14
7ce19c8486	/1_RIG2.BIN	509284	14
7ee5b6744a	/RIG2MENU.OVL#1	10420	18
7ee5b6744a	/RIG2MENU.OVL#1	18152	18
7f0ef7c838	/1_RIG2.BIN	505908	8
7f3ec03176	/1_RIG2.BIN	590344	6
7f3ec03176	/1_RIG2.BIN	590956	6
7fc4fe2aa3	/1_RIG2.BIN	512136	24
7ff0a85398	/1_RIG2.BIN	595420	8
801485a378	/RIG2MENU.OVL#1	44716	12
802dbbbcf5	/1_RIG2.BIN	601280	10
8080b94b09	/1_RIG2.BIN	603680	6
811338e283	/1_RIG2.BIN	604560	10
8237f5ae20	/1_RIG2.BIN	511448	12
828a6ae438	/1_RIG2.BIN	506288	26
82e7733916	/1_RIG2.BIN	511900	22
8378e03d80	/1_RIG2.BIN	609372	8
83ae49edc9	/1_RIG2.BIN	598760	8
83d24e9306	/1_RIG2.BIN	612100	12
8492acffb9	/1_RIG2.BIN	610032	8
84a6992416	/1_RIG2.BIN	606520	8
85f60fa6e4	/1_RIG2.BIN	589840	8
86ccec5574	/RIG2MENU.OVL#1	68952	13
8740807593	/1_RIG2.BIN	608360	8
875c1f9e50	/RIG2MENU.OVL#1	52892	6
87ebdadc03	/RIG2MENU.OVL#1	53008	13
87f90c5038	/1_RIG2.BIN	609592	8
897aaee99e	/RIG2MENU.OVL#1	18340	34
899d1c36df	/1_RIG2.BIN	597616	8
899d1c36df	/1_RIG2.BIN	598200	8
8aa0c2a0a2	/1_RIG2.BIN	592972	8
8aa5d7c44c	/1_RIG2.BIN	622104	10
8ba8ed64a1	/RIG2MENU.OVL#1	10392	12
8ba8ed64a1	/RIG2MENU.OVL#1	18124	12
8d12ad339a	/1_RIG2.BIN	609856	8
8d97463b38	/1_RIG2.BIN	612056	8
8dc72691ed	/1_RIG2.BIN	512164	22
8ed150b812	/1_RIG2.BIN	504900	22
8f0c0ce435	/RIG2MENU.OVL#1	10356	12
8f0c0ce435	/RIG2MENU.OVL#1	18088	12
912cab5b13	/1_RIG2.BIN	602680	6
9142a3a9e2	/1_RIG2.BIN	596608	6
9218c817f9	/1_RIG2.BIN	604920	10
92cb2b2fb2	/1_RIG2.BIN	594304	6
92da7ea7db	/1_RIG2.BIN	610296	10
956ab9a193	/1_RIG2.BIN	591640	8
95ff26a2d0	/1_RIG2.BIN	612188	8
96cc84f8d9	/RIG2MENU.OVL#1	53024	18
970fc78da3	/1_RIG2.BIN	606640	8
97b3d9eacc	/1_RIG2.BIN	605640	8
981eed5f69	/1_RIG2.BIN	621128	8
99739dae73	/1_RIG2.BIN	508948	6
999aacd616	/1_RIG2.BIN	511816	10
99db7d63e1	/1_RIG2.BIN	597652	6
99db7d63e1	/1_RIG2.BIN	598240	6
9a25fca758	/1_RIG2.BIN	512188	22
9aa57b7cae	/1_RIG2.BIN	511972	22
9acc9cef19	/1_RIG2.BIN	509840	30
9b1d8ea3e2	/1_RIG2.BIN	600520	10
9bb2dc65d8	/1_RIG2.BIN	509136	8
9cbedbef9b	/1_RIG2.BIN	611088	8
9cd5a80e05	/1_RIG2.BIN	606120	10
9d026f4909	/1_RIG2.BIN	597292	8
a073109426	/1_RIG2.BIN	611352	8
a086238ec9	/1_RIG2.BIN	611572	4
a0deaaf6c7	/1_RIG2.BIN	591604	8
a1174551fe	/1_RIG2.BIN	621137	8
a1fa668b0b	/1_RIG2.BIN	509264	16
a23182fc8b	/1_RIG2.BIN	611704	6
a24c726db7	/1_RIG2.BIN	594376	8
a2d00d74c6	/1_RIG2.BIN	598960	8
a2d0f1d7cd	/1_RIG2.BIN	599480	8
a2da750aa9	/RIG2MENU.OVL#1	10440	18
a2da750aa9	/RIG2MENU.OVL#1	18172	18
a40035fc84	/1_RIG2.BIN	594628	8
a50421bcdd	/1_RIG2.BIN	622150	8
a5fd919660	/1_RIG2.BIN	604960	10
a6a79e7982	/1_RIG2.BIN	591460	6
a6ad45f34b	/1_RIG2.BIN	511172	6
a6ad45f34b	/1_RIG2.BIN	611880	6
a7349a50e4	/1_RIG2.BIN	603520	10
a7481cce11	/1_RIG2.BIN	610208	12
a92f757e87	/1_RIG2.BIN	509440	13
a9d44c95a5	/1_RIG2.BIN	611528	10
aa47d48411	/1_RIG2.BIN	509872	16
aa6f383e20	/1_RIG2.BIN	504596	4
aa6f383e20	/1_RIG2.BIN	511720	4
aa6f383e20	/RIG2MENU.OVL#1	10608	4
ab8f22c588	/1_RIG2.BIN	593980	8
ac3b470306	/1_RIG2.BIN	621452	10
ac3b470306	/1_RIG2.BIN	621648	10
ac49a42b36	/1_RIG2.BIN	605960	10
ad24ae98eb	/RIG2MENU.OVL#1	44360	10
ad2c255344	/1_RIG2.BIN	509424	12
ad50e4aa6f	/1_RIG2.BIN	608624	10
ad563b8f07	/1_RIG2.BIN	600560	10
ad9ce32cb8	/RIG2MENU.OVL#1	10340	12
ad9ce32cb8	/RIG2MENU.OVL#1	18072	12
ad9ce32cb8	/RIG2MENU.OVL#1	34636	12
ae058fa33e	/1_RIG2.BIN	504364	20
ae5bdca988	/1_RIG2.BIN	513008	26
ae66420ef9	/1_RIG2.BIN	512284	32
af605a7c13	/1_RIG2.BIN	508956	6
afddd8e66c	/1_RIG2.BIN	609944	4
afe7a8d2c8	/RIG2MENU.OVL#1	44672	10
b044acf565	/1_RIG2.BIN	609680	6
b090857292	/1_RIG2.BIN	602800	8
dc49910650	/1_RIG2.BIN	593440	14
b1290fc04b	/1_RIG2.BIN	592828	10
b2fe83ee46	/1_RIG2.BIN	606000	10
b3eea55957	/1_RIG2.BIN	598680	6
b4916935b2	/RIG2MENU.OVL#1	10628	10
b514a03e76	/RIG2MENU.OVL#1	10480	18
b514a03e76	/RIG2MENU.OVL#1	18212	18
b5708e58db	/1_RIG2.BIN	588800	34
b5943f9b26	/RIG2MENU.OVL#1	44372	14
b59bbdbc26	/1_RIG2.BIN	511244	10
b66730b60c	/RIG2MENU.OVL#1	44400	12
b6c1c3907a	/RIG2MENU.OVL#1	44660	10
b6f1622d7e	/1_RIG2.BIN	599800	8
b71d2ffef9	/1_RIG2.BIN	594340	10
b7ade15785	/1_RIG2.BIN	612408	8
b81d25181e	/RIG2MENU.OVL#1	34552	19
b8f16ef81f	/1_RIG2.BIN	608976	8
bafb8c4378	/1_RIG2.BIN	593692	8
bb715edd2d	/RIG2MENU.OVL#1	44268	12
bc6f0211f4	/1_RIG2.BIN	506035	10
bce0d31cdd	/1_RIG2.BIN	512884	18
bcfb4684c8	/1_RIG2.BIN	504724	10
bcfb4684c8	/1_RIG2.BIN	621491	10
bcfb4684c8	/1_RIG2.BIN	621794	10
bd9fb01ffb	/1_RIG2.BIN	504464	4
bd9fb01ffb	/1_RIG2.BIN	598120	4
bdd14539d3	/1_RIG2.BIN	591712	8
be3f7ba7e6	/1_RIG2.BIN	609416	6
be4cef0810	/1_RIG2.BIN	509620	14
befafde3c7	/1_RIG2.BIN	509900	12
bf1ba18a6c	/1_RIG2.BIN	603080	8
bf9b31202b	/1_RIG2.BIN	509012	8
bf9b31202b	/1_RIG2.BIN	621157	8
c01b84fa31	/1_RIG2.BIN	605240	10
c0e84476bd	/1_RIG2.BIN	511504	12
c15735c532	/1_RIG2.BIN	513492	32
c160ba1cda	/RIG2MENU.OVL#1	44316	14
c19a9e70b1	/1_RIG2.BIN	603280	8
c4b862ff66	/1_RIG2.BIN	612232	6
c4b862ff66	/1_RIG2.BIN	612584	6
c4c3ce6ded	/RIG2MENU.OVL#1	44632	25
c4e7437579	/1_RIG2.BIN	622186	8
c50ea87ef3	/1_RIG2.BIN	607040	10
c5225ec69b	/1_RIG2.BIN	589660	4
c60096e980	/RIG2MENU.OVL#1	52808	10
c612851397	/1_RIG2.BIN	514068	12
c69f30f027	/1_RIG2.BIN	511384	16
c6ed20704a	/1_RIG2.BIN	603560	8
c793b1250b	/1_RIG2.BIN	505948	18
c7995c3587	/1_RIG2.BIN	513036	16
c8b886b068	/1_RIG2.BIN	598840	10
c8bf4c3905	/1_RIG2.BIN	611220	10
ca7e558e1d	/1_RIG2.BIN	513332	16
cb0371b12f	/1_RIG2.BIN	506011	16
cb66a5b495	/1_RIG2.BIN	621211	8
cb6e546553	/1_RIG2.BIN	504560	14
cb6e546553	/1_RIG2.BIN	509384	14
cc584e0505	/1_RIG2.BIN	604120	10
cc67bba25f	/RIG2MENU.OVL#1	44828	11
ccd4802233	/1_RIG2.BIN	511160	8
cce5aafcf4	/1_RIG2.BIN	509036	8
cce8c64b25	/RIG2MENU.OVL#1	52900	6
cdc189539d	/1_RIG2.BIN	599200	10
cdf3141303	/1_RIG2.BIN	609240	8
d13d8e95e9	/1_RIG2.BIN	609108	8
d184506d81	/1_RIG2.BIN	505208	288
d1d6f3ba71	/1_RIG2.BIN	509924	20
d34e0942dd	/1_RIG2.BIN	591496	6
d3f780c5b7	/1_RIG2.BIN	504864	10
d4dbfb54cb	/1_RIG2.BIN	509636	12
d64cba3c24	/RIG2MENU.OVL#1	27040	32
d6b798cf3e	/1_RIG2.BIN	512016	18
d6beb21a5a	/RIG2MENU.OVL#1	44812	12
d73507bf27	/RIG2MENU.OVL#1	44300	14
d74a482b47	/1_RIG2.BIN	594520	6
d7512f294c	/RIG2.OVL#1	9260	5
d76af8c244	/1_RIG2.BIN	586567	8
d79a603c59	/RIG2MENU.OVL#1	44748	12
d88cb76ed7	/1_RIG2.BIN	609988	6
d91e48a43d	/1_RIG2.BIN	609504	12
dae9d9deac	/1_RIG2.BIN	609636	10
db2120f8f7	/1_RIG2.BIN	511464	10
dbcc3348f5	/RIG2MENU.OVL#1	44764	12
dbfa752a19	/1_RIG2.BIN	512348	28
dc29411ccc	/1_RIG2.BIN	504540	6
dcb527f7de	/1_RIG2.BIN	606040	10
dd1ef67500	/1_RIG2.BIN	594916	8
dd2dec068f	/RIG2MENU.OVL#1	53056	26
ddd29abaf5	/RIG2MENU.OVL#1	10372	16
ddd29abaf5	/RIG2MENU.OVL#1	18104	16
deacee525a	/1_RIG2.BIN	621146	10
deacee525a	/RIG2MENU.OVL#1	44448	10
ec80b22954	/1_RIG2.BIN	601320	21
dfb0b1fb4d	/RIG2MENU.OVL#1	34588	13
e1e4a26bd1	/1_RIG2.BIN	599120	6
e2587ba061	/1_RIG2.BIN	511180	8
e279fa9577	/RIG2MENU.OVL#1	44284	14
e2e2a116d7	/1_RIG2.BIN	587898	16
e37a0d2b2f	/1_RIG2.BIN	592756	8
e48539f691	/1_RIG2.BIN	511144	6
c2359caee5	/1_RIG2.BIN	601040	21
e5cd8cc29d	/1_RIG2.BIN	622159	8
e5db502fbb	/1_RIG2.BIN	604160	10
e5f5a29ce2	/1_RIG2.BIN	605680	10
e74af9a488	/RIG2MENU.OVL#1	69100	14
e778600ce3	/RIG2MENU.OVL#1	44696	8
e7b113f1fe	/1_RIG2.BIN	509164	10
e7f3e60172	/1_RIG2.BIN	505176	20
e8da7ff52d	/1_RIG2.BIN	513220	22
e8e88a3462	/1_RIG2.BIN	588835	32
e957f93031	/1_RIG2.BIN	590632	8
e957f93031	/1_RIG2.BIN	591280	8
e957f93031	/1_RIG2.BIN	593404	8
e9b40c417f	/1_RIG2.BIN	608580	10
e9e103213b	/1_RIG2.BIN	599360	10
ea7b335ef6	/1_RIG2.BIN	505936	8
28b4c0ab8d	/1_RIG2.BIN	600960	21
eae0fd5194	/RIG2MENU.OVL#1	27092	14
eb1bab525c	/1_RIG2.BIN	599240	10
eba2b301ba	/RIG2MENU.OVL#1	10460	18
eba2b301ba	/RIG2MENU.OVL#1	18192	18
ebc1a4fb85	/1_RIG2.BIN	612496	10
ebd49addf8	/1_RIG2.BIN	605920	8
ecfbec3a0a	/1_RIG2.BIN	611000	10
ecfbec3a0a	/1_RIG2.BIN	611044	10
ed70fd21ad	/1_RIG2.BIN	513260	22
edcee650aa	/1_RIG2.BIN	599600	8
ee136c125a	/1_RIG2.BIN	605840	6
ef4f45ebd0	/1_RIG2.BIN	610780	12
efcd1f0584	/1_RIG2.BIN	602840	8
efddfc5ea5	/1_RIG2.BIN	605160	8
efecf3dd57	/1_RIG2.BIN	509060	8
f0e6c5bbb6	/1_RIG2.BIN	589876	8
f0ee224afc	/1_RIG2.BIN	612452	8
f145dc4fa5	/RIG2MENU.OVL#1	26924	7
f14b914d73	/1_RIG2.BIN	621475	10
f14b914d73	/1_RIG2.BIN	621915	10
f3c69a85d7	/1_RIG2.BIN	604600	8
f3d9bb1aa2	/1_RIG2.BIN	511608	16
f4298f5a89	/1_RIG2.BIN	622168	8
f44ec4620d	/1_RIG2.BIN	599440	10
f4a0fca658	/RIG2MENU.OVL#1	34731	10
f4db7e32fd	/1_RIG2.BIN	511192	8
f78d495fa7	/1_RIG2.BIN	509148	6
f7ab45826e	/RIG2MENU.OVL#1	27020	7
f7e5bf6683	/1_RIG2.BIN	504548	8
f86dacc7c6	/1_RIG2.BIN	509652	12
f89e777f53	/RIG2MENU.OVL#1	26912	11
f8dda91984	/RIG2MENU.OVL#1	44896	4
f920595802	/1_RIG2.BIN	593476	8
f92ea1ba1a	/1_RIG2.BIN	593656	8
f94903d480	/1_RIG2.BIN	594268	10
f979ea6745	/1_RIG2.BIN	509048	8
f9aa72fb6e	/1_RIG2.BIN	603640	8
faba93152a	/1_RIG2.BIN	505896	8
fae40ba7bf	/1_RIG2.BIN	600120	8
fafc09d223	/1_RIG2.BIN	512036	24
fb3f29c4c1	/1_RIG2.BIN	592360	8
fcb16adcea	/1_RIG2.BIN	512380	26
fcc44e926c	/1_RIG2.BIN	513088	22
fcd5460b40	/1_RIG2.BIN	600680	10
fd52cdf04a	/RIG2MENU.OVL#1	10560	18
fd52cdf04a	/RIG2MENU.OVL#1	18292	18
fdd046a16f	/RIG2MENU.OVL#1	53128	37
fe22aa8321	/1_RIG2.BIN	504756	6
fe22aa8321	/1_RIG2.BIN	621468	6
fe22aa8321	/1_RIG2.BIN	621908	6
ffeca85c5b	/1_RIG2.BIN	610252	12
4a2d39ea03	/RIG2MENU.OVL#1	10580	6
0c9582c0ab	/RIG2MENU.OVL#1	10588	6
94b9741938	/RIG2MENU.OVL#1	10600	6
abf35a00b6	/RIG2MENU.OVL#1	10640	6
0308bfcb82	/RIG2MENU.OVL#1	10648	6
9efdfe2a4a	/RIG2MENU.OVL#1	10664	6
79f9b89111	/RIG2MENU.OVL#1	10672	6
7f42a37cc9	/RIG2MENU.OVL#1	10680	6
e934953ce0	/RIG2MENU.OVL#1	10960	4
e3301aacb3	/RIG2MENU.OVL#1	26848	6
3d5b4bc6aa	/RIG2MENU.OVL#1	26932	7
1a969843de	/RIG2MENU.OVL#1	27108	6
655d80f1ea	/RIG2MENU.OVL#1	34753	6
75e3649eec	/RIG2MENU.OVL#1	34760	6
ee87728ece	/RIG2MENU.OVL#1	44476	4
f2368a6743	/RIG2MENU.OVL#1	44732	12
682f3f007a	/RIG2MENU.OVL#1	44904	4
c93451458a	/RIG2MENU.OVL#1	44920	4
a8c950107b	/RIG2MENU.OVL#1	52952	6
1d3f0240ee	/RIG2MENU.OVL#1	52960	4
6ba17a2727	/1_RIG2.BIN	504512	4
6facf262f7	/1_RIG2.BIN	504576	4
94b9741938	/1_RIG2.BIN	504588	6
1bd0624bf4	/1_RIG2.BIN	504604	4
3fde9ab010	/1_RIG2.BIN	504612	4
abf35a00b6	/1_RIG2.BIN	504620	6
0308bfcb82	/1_RIG2.BIN	504628	6
4a2d39ea03	/1_RIG2.BIN	504636	6
0c9582c0ab	/1_RIG2.BIN	504644	6
9efdfe2a4a	/1_RIG2.BIN	504660	6
e934953ce0	/1_RIG2.BIN	504684	4
1a969843de	/1_RIG2.BIN	504704	6
4a2d39ea03	/1_RIG2.BIN	505980	6
0c9582c0ab	/1_RIG2.BIN	505988	6
9efdfe2a4a	/1_RIG2.BIN	506004	6
2d9c2355ab	/1_RIG2.BIN	508964	4
bcdcfe7061	/1_RIG2.BIN	508972	4
2f56267e0e	/1_RIG2.BIN	509108	6
15da8eb180	/1_RIG2.BIN	509128	4
6ba17a2727	/1_RIG2.BIN	509340	4
4a2d39ea03	/1_RIG2.BIN	509368	6
0c9582c0ab	/1_RIG2.BIN	509376	6
956cb9040a	/1_RIG2.BIN	509400	6
05e0e6c8ed	/1_RIG2.BIN	509464	6
94b9741938	/1_RIG2.BIN	509516	6
a8c950107b	/1_RIG2.BIN	509540	6
abf35a00b6	/1_RIG2.BIN	509548	6
0308bfcb82	/1_RIG2.BIN	509556	6
9efdfe2a4a	/1_RIG2.BIN	509572	6
e2026165d4	/1_RIG2.BIN	509580	4
e5beb3ed1e	/1_RIG2.BIN	509596	5
ce6a151b88	/1_RIG2.BIN	509604	5
407983338a	/1_RIG2.BIN	509680	6
b758b0c68b	/1_RIG2.BIN	509688	6
a1f660e6a4	/1_RIG2.BIN	509696	6
9add701f05	/1_RIG2.BIN	509704	6
352bf08aa5	/1_RIG2.BIN	509712	6
4dfc140719	/1_RIG2.BIN	509720	6
5ec39029d9	/1_RIG2.BIN	509728	6
15de60b707	/1_RIG2.BIN	509736	6
f256fa8742	/1_RIG2.BIN	509744	6
fed13ad6ba	/1_RIG2.BIN	509752	6
7cadc84a83	/1_RIG2.BIN	509760	6
19d77ed7af	/1_RIG2.BIN	509832	6
e05364da33	/1_RIG2.BIN	511564	4
94b9741938	/1_RIG2.BIN	511668	6
1bd0624bf4	/1_RIG2.BIN	511676	4
3fde9ab010	/1_RIG2.BIN	511684	4
9524d10c28	/1_RIG2.BIN	511700	4
9efdfe2a4a	/1_RIG2.BIN	511728	6
4a2d39ea03	/1_RIG2.BIN	511736	6
0c9582c0ab	/1_RIG2.BIN	511744	6
307ad0d2b4	/1_RIG2.BIN	511804	10
f8e17f81b5	/1_RIG2.BIN	511840	4
b1b61b1045	/1_RIG2.BIN	511848	6
88e17e7946	/1_RIG2.BIN	589588	6
e642d4696c	/1_RIG2.BIN	589624	6
dc79d4cea9	/1_RIG2.BIN	589732	6
8bc66a2efe	/1_RIG2.BIN	589768	6
d1e1b21d74	/1_RIG2.BIN	589804	4
d4ad93ee8a	/1_RIG2.BIN	589948	6
675db3d42e	/1_RIG2.BIN	589984	6
37e718f540	/1_RIG2.BIN	590020	6
c6a4bf72b3	/1_RIG2.BIN	590092	6
31773c98ea	/1_RIG2.BIN	590164	6
f6d3f8f532	/1_RIG2.BIN	590200	4
3f75feefda	/1_RIG2.BIN	590236	4
f3cb420e9b	/1_RIG2.BIN	590740	6
f6d3f8f532	/1_RIG2.BIN	590776	4
3f75feefda	/1_RIG2.BIN	590812	4
edc200c564	/1_RIG2.BIN	592396	6
f153da1860	/1_RIG2.BIN	592432	6
bbc82f9a38	/1_RIG2.BIN	592468	4
b441582c56	/1_RIG2.BIN	592504	4
820c0cb170	/1_RIG2.BIN	592540	6
b1dc0ce136	/1_RIG2.BIN	592576	6
dc21a472a3	/1_RIG2.BIN	592900	4
17967b8dc5	/1_RIG2.BIN	593728	6
4c514630b4	/1_RIG2.BIN	593764	6
2c205189ef	/1_RIG2.BIN	593800	6
5390d8dacc	/1_RIG2.BIN	593836	6
38133da536	/1_RIG2.BIN	594052	6
4136a43d55	/1_RIG2.BIN	594088	4
fee66b3ea4	/1_RIG2.BIN	594160	6
2ddbfb73f4	/1_RIG2.BIN	594232	6
80a2d344d6	/1_RIG2.BIN	594448	6
bee8929fdc	/1_RIG2.BIN	594556	4
79b60f3fa7	/1_RIG2.BIN	594736	4
dddd21828a	/1_RIG2.BIN	594772	4
7419c63d26	/1_RIG2.BIN	594844	4
ef4ffb01ee	/1_RIG2.BIN	595348	6
05e0e6c8ed	/1_RIG2.BIN	596212	6
40dec59eea	/1_RIG2.BIN	596644	4
4eb3149fe3	/1_RIG2.BIN	597544	6
3cff3c15d4	/1_RIG2.BIN	597580	6
3cff3c15d4	/1_RIG2.BIN	598160	6
eeb6ce9136	/1_RIG2.BIN	598640	6
c39f9904ff	/1_RIG2.BIN	599880	6
af3c05bd0c	/1_RIG2.BIN	602720	6
64c4f32814	/1_RIG2.BIN	602880	4
7033bb0ca1	/1_RIG2.BIN	602920	4
df95a404f2	/1_RIG2.BIN	602960	6
8cb2e5e0a7	/1_RIG2.BIN	603000	6
3d2d17a407	/1_RIG2.BIN	603040	6
a0cebb0aaf	/1_RIG2.BIN	603120	6
4edff3ac0c	/1_RIG2.BIN	603160	6
2e3da37074	/1_RIG2.BIN	603200	6
6b8f4977be	/1_RIG2.BIN	603320	6
c4846b8133	/1_RIG2.BIN	603360	6
6b78199ce9	/1_RIG2.BIN	603400	6
58b7fd1e36	/1_RIG2.BIN	603720	6
4461beccd3	/1_RIG2.BIN	606480	4
86a8f43405	/1_RIG2.BIN	606600	6
ce2070a75f	/1_RIG2.BIN	607000	4
199953f810	/1_RIG2.BIN	608404	4
0c4199beae	/1_RIG2.BIN	608448	4
160da2566f	/1_RIG2.BIN	608492	6
b5f47d5652	/1_RIG2.BIN	608536	6
ed9b855de7	/1_RIG2.BIN	608668	4
975ecc1b91	/1_RIG2.BIN	608712	6
c25f9e05ad	/1_RIG2.BIN	608756	4
1806e0edbb	/1_RIG2.BIN	608800	4
59fcfa339f	/1_RIG2.BIN	608844	4
a18ca2f9b3	/1_RIG2.BIN	608888	4
fe772a6429	/1_RIG2.BIN	608932	4
e82b5d9f25	/1_RIG2.BIN	609020	4
9f9fc3a15d	/1_RIG2.BIN	609064	6
04d7b579a4	/1_RIG2.BIN	609152	4
04d7b579a4	/1_RIG2.BIN	609196	4
33c2ca9bc7	/1_RIG2.BIN	609812	6
7ca73dc78c	/1_RIG2.BIN	609900	6
21357bbbb3	/1_RIG2.BIN	610384	4
3365ff6358	/1_RIG2.BIN	610428	6
371e27301c	/1_RIG2.BIN	610472	6
f81a2113da	/1_RIG2.BIN	610516	6
04d7b579a4	/1_RIG2.BIN	610648	4
04d7b579a4	/1_RIG2.BIN	610692	4
04d7b579a4	/1_RIG2.BIN	610736	4
b93421f462	/1_RIG2.BIN	611308	4
c38923356b	/1_RIG2.BIN	611484	4
04d7b579a4	/1_RIG2.BIN	611616	4
82138adf02	/1_RIG2.BIN	611924	4
9ef5696bb0	/1_RIG2.BIN	612012	4
4c414da421	/1_RIG2.BIN	612320	4
b06c52c88b	/1_RIG2.BIN	612540	6
4c414da421	/1_RIG2.BIN	612672	4
f1427ad39e	/1_RIG2.BIN	621463	4
6907ec30b3	/1_RIG2.BIN	621486	4
f1427ad39e	/1_RIG2.BIN	621668	4
6907ec30b3	/1_RIG2.BIN	621926	4
1a969843de	/1_RIG2.BIN	622115	6
4eb3149fe3	/1_RIG2.BIN	622122	6
8acdcf6dc5	/RIG2MENU.OVL#1	26880	11
35c6c5c924	/RIG2MENU.OVL#1	26892	17
f5ccb7b804	/RIG2MENU.OVL#1	34604	13
4a70401a92	/RIG2MENU.OVL#1	68936	15
8f56f86762	/RIG2MENU.OVL#1	68992	35
153e4ad041	/R2MDATA.OVL	3512	12
0544ad9225	/R2MDATA.OVL	3544	8
6fafd3a9fc	/R2MDATA.OVL	3604	23
e9e6327fe3	/R2MDATA.OVL	3652	8
21deec79ce	/R2MDATA.OVL	3672	8
2aca150d07	/R2MDATA.OVL	3692	8
fb77b8d793	/R2MDATA.OVL	3712	8
321ac25a27	/R2MDATA.OVL	3732	21
0aeadf7cfc	/R2MDATA.OVL	3772	10
1b10df538d	/R2MDATA.OVL	3792	8
665659ed6a	/R2MDATA.OVL	3820	21
6f9334ba4b	/R2MDATA.OVL	3852	8
655f97a8ad	/R2MDATA.OVL	3872	19
8271b9ce9e	/R2MDATA.OVL	3900	8
1605bb437e	/R2MDATA.OVL	3920	21
bf6e276d07	/R2MDATA.OVL	3952	16
d3b119d493	/R2MDATA.OVL	3980	12
bccd7eb191	/R2MDATA.OVL	4004	12
a03e73cd4f	/R2MDATA.OVL	4028	12
6ce76ae428	/R2MDATA.OVL	4052	25
ae32979367	/R2MDATA.OVL	4088	20
4a08cb0860	/R2MDATA.OVL	4120	16
790d80f57f	/R2MDATA.OVL	4148	6
7bc2864b4f	/R2MDATA.OVL	4192	6
77388778f3	/R2MDATA.OVL	4208	8
e048b218df	/R2MDATA.OVL	4228	19
b676899827	/R2MDATA.OVL	4256	21
8273a7314b	/R2MDATA.OVL	4288	10
ae4fec9ce1	/R2MDATA.OVL	4308	8
10a77f55d5	/R2MDATA.OVL	4328	12
100b1928b4	/R2MDATA.OVL	4352	25
dce48e550c	/R2MDATA.OVL	4388	21
8300491e4f	/R2MDATA.OVL	4420	8
52ccc1bb30	/R2MDATA.OVL	4440	23
39f0bfc796	/R2MDATA.OVL	4480	12
9d88bf870a	/R2MDATA.OVL	4512	20
14d249e485	/R2MDATA.OVL	4544	33
4c7d80b9c8	/R2MDATA.OVL	4588	31
1a484a93a7	/R2MDATA.OVL	4628	29
d2dbc0f027	/R2MDATA.OVL	4668	8
fd098f0b6b	/R2MDATA.OVL	4688	18
86ba778bac	/R2MDATA.OVL	4756	20
572ef4f871	/R2MDATA.OVL	4788	14
ecf7fb0c0c	/R2MDATA.OVL	4812	8
2c6336e4c7	/R2MDATA.OVL	4832	16
54d55bc4db	/R2MDATA.OVL	4860	14
02ad9db1e8	/R2MDATA.OVL	4884	27
f6cddb1cbd	/R2MDATA.OVL	4920	14
5264739d7f	/R2MDATA.OVL	4952	21
7f8f4d08aa	/R2MDATA.OVL	4984	27
c356068733	/R2MDATA.OVL	5020	25
13ec500059	/R2MDATA.OVL	5124	6
56694ae7d6	/R2MDATA.OVL	5148	14
f7feadc1bd	/R2MDATA.OVL	5172	14
e66a543ea7	/R2MDATA.OVL	5228	12
ee944859ab	/R2MDATA.OVL	5260	25
a150ddac85	/R2MDATA.OVL	5304	8
2f32d66830	/R2MDATA.OVL	5324	16
fbca222650	/R2MDATA.OVL	5352	8
9f1eddb82a	/R2MDATA.OVL	5372	21
026261fa17	/R2MDATA.OVL	5404	29
89b897793e	/R2MDATA.OVL	5444	8
291ba37553	/R2MDATA.OVL	5464	20
f56fdec661	/R2MDATA.OVL	5496	33
fd9631c948	/R2MDATA.OVL	5540	16
9f2278f130	/R2MDATA.OVL	5568	23
7b23f82d75	/R2MDATA.OVL	5600	25
4d33d33704	/R2MDATA.OVL	5636	10
1f439aabfd	/R2MDATA.OVL	5664	10
ace74f0648	/R2MDATA.OVL	5684	8
f86f5ef85d	/R2MDATA.OVL	5712	10
86eb87447d	/R2MDATA.OVL	5740	18
bebd17dc16	/R2MDATA.OVL	5768	17
04156ad6df	/R2MDATA.OVL	5796	19
2abd5f435d	/R2MDATA.OVL	5824	17
57fd1e2e3e	/R2MDATA.OVL	5852	27
1d85832824	/R2MDATA.OVL	5888	18
1d658626ca	/R2MDATA.OVL	5924	12
bf0fd6bc0b	/R2MDATA.OVL	5948	12
44c8258989	/R2MDATA.OVL	5972	17
09333e0b13	/R2MDATA.OVL	6016	16
c67278d8a8	/R2MDATA.OVL	6044	8
88f74ac43f	/R2MDATA.OVL	6176	12
d102154512	/R2MDATA.OVL	6200	19
077721fd8e	/R2MDATA.OVL	6228	19
1107aa5850	/R2MDATA.OVL	6256	19
e9da407ec3	/R2MDATA.OVL	6284	19
060ffc57fa	/R2MDATA.OVL	6312	19
6004587f70	/R2MDATA.OVL	6340	6
d406c75990	/1_RIG2.BIN	509072	9
ea5931386b	/1_RIG2.BIN	509408	13
4530cce1df	/1_RIG2.BIN	511360	23
3278ab8516	/1_RIG2.BIN	512436	17
9ca931455c	/1_RIG2.BIN	512456	19
eef1ba2a53	/1_RIG2.BIN	512476	21
48ae10dd4b	/1_RIG2.BIN	512500	21
f832e5e28b	/1_RIG2.BIN	512524	17
e52c196106	/1_RIG2.BIN	512552	21
9633a77c96	/1_RIG2.BIN	512576	23
c524be4c66	/1_RIG2.BIN	512600	23
0d058e77df	/1_RIG2.BIN	512624	17
e2bcc11016	/1_RIG2.BIN	512644	17
2664d0a569	/1_RIG2.BIN	512664	17
ec3fcd6d0b	/1_RIG2.BIN	512684	17
62eedc0169	/1_RIG2.BIN	512704	21
a0e63c34be	/1_RIG2.BIN	512728	23
418a00713c	/1_RIG2.BIN	512752	23
4d259836c3	/1_RIG2.BIN	512784	19
093c0f45a9	/1_RIG2.BIN	512804	19
0939477159	/1_RIG2.BIN	512824	19
3ba2ffc716	/1_RIG2.BIN	512844	23
5abdb0077f	/1_RIG2.BIN	512956	17
0c2a999bfb	/1_RIG2.BIN	512976	19
45e69d74b6	/1_RIG2.BIN	514004	8
45e69d74b6	/1_RIG2.BIN	514104	8
5acde306f2	/1_RIG2.BIN	588868	19
2b301b70e2	/1_RIG2.BIN	591424	8
39fe29cff5	/1_RIG2.BIN	593584	8
386835f22d	/1_RIG2.BIN	594124	8
d4dd1e17dd	/1_RIG2.BIN	594664	8
b2b8694691	/1_RIG2.BIN	596320	9
028eaf0565	/1_RIG2.BIN	596356	9
5a30f62bae	/1_RIG2.BIN	596392	9
7984b9ec5c	/1_RIG2.BIN	596464	12
b508dfd6ca	/1_RIG2.BIN	599680	15
be1dfbbac9	/1_RIG2.BIN	601440	21
c125ac1766	/1_RIG2.BIN	601520	9
04f41c2e06	/1_RIG2.BIN	601560	9
cfc39082e7	/1_RIG2.BIN	605040	8
ec3e36061d	/1_RIG2.BIN	606080	10
92164a9d5f	/1_RIG2.BIN	606960	10
dfa6c2e771	/RIG2MENU.OVL#1	10696	4
94de8f4f36	/RIG2MENU.OVL#1	10704	4
41ae6bb017	/RIG2MENU.OVL#1	34580	4
7b18b46154	/RIG2MENU.OVL#1	69032	8
2f0056d875	/1_RIG2.BIN	504800	12
a2eb734cec	/1_RIG2.BIN	509084	10
fddd40cffe	/1_RIG2.BIN	509532	7
a22afb1733	/1_RIG2.BIN	509588	5
ede117bf63	/1_RIG2.BIN	512996	9
c9baf4f869	/1_RIG2.BIN	514088	9
01e6e92b1e	/1_RIG2.BIN	588940	14
3df23ce155	/1_RIG2.BIN	588976	14
eaa347729e	/1_RIG2.BIN	589048	14
c4d5ec2862	/1_RIG2.BIN	589084	14
2d752d421c	/1_RIG2.BIN	589120	8
b5cd4ee102	/1_RIG2.BIN	589156	8
16214504e0	/1_RIG2.BIN	589228	14
e4abf753b2	/1_RIG2.BIN	589264	14
b81f068fca	/1_RIG2.BIN	589300	14
cae2af1d8d	/1_RIG2.BIN	589372	14
1ae01c0afc	/1_RIG2.BIN	589408	8
de1e97fcf1	/1_RIG2.BIN	589444	14
16024b27c3	/1_RIG2.BIN	589480	14
b431509c43	/1_RIG2.BIN	589516	14
0bdb884072	/1_RIG2.BIN	590308	14
269173c9c8	/1_RIG2.BIN	590488	14
146057e4dd	/1_RIG2.BIN	590524	8
ee863a7f2c	/1_RIG2.BIN	590560	14
c259419467	/1_RIG2.BIN	590596	14
68da36c745	/1_RIG2.BIN	590704	14
3357837f13	/1_RIG2.BIN	590884	9
66e49ba9e5	/1_RIG2.BIN	590920	14
e553cf648f	/1_RIG2.BIN	591064	14
5fca79145a	/1_RIG2.BIN	591100	14
da215323cf	/1_RIG2.BIN	591136	14
d558e11f1b	/1_RIG2.BIN	591172	4
6cb59eb7ec	/1_RIG2.BIN	591208	8
abb0e37736	/1_RIG2.BIN	591244	8
250752260a	/1_RIG2.BIN	591316	14
762c33a7e5	/1_RIG2.BIN	591856	14
aa0c6ceacd	/1_RIG2.BIN	591892	14
f703328b3d	/1_RIG2.BIN	591928	8
57286634d5	/1_RIG2.BIN	591964	14
b0a9127dd8	/1_RIG2.BIN	592036	14
48c28c0d5f	/1_RIG2.BIN	592072	7
6867f0f921	/1_RIG2.BIN	592108	6
a50a73d269	/1_RIG2.BIN	592144	14
eb94e984f5	/1_RIG2.BIN	592180	14
0559b79bc3	/1_RIG2.BIN	592216	8
b35f869daf	/1_RIG2.BIN	592324	9
c9ecd6fb24	/1_RIG2.BIN	592936	4
134c8eab98	/1_RIG2.BIN	593008	14
e16847914d	/1_RIG2.BIN	593044	8
b18dd15cde	/1_RIG2.BIN	593080	8
51499715d4	/1_RIG2.BIN	593116	6
830b25e2bb	/1_RIG2.BIN	593152	14
0d48a53a42	/1_RIG2.BIN	593260	14
1e099a89b8	/1_RIG2.BIN	593296	14
99757c9a77	/1_RIG2.BIN	593332	6
3f79bf0a77	/1_RIG2.BIN	593620	10
b4c989ec8f	/1_RIG2.BIN	594592	14
94c10054ac	/1_RIG2.BIN	595024	14
bc3174d5ec	/1_RIG2.BIN	595060	14
ed0eb030ed	/1_RIG2.BIN	595096	14
efb1bf6b66	/1_RIG2.BIN	595132	14
7bc3f66191	/1_RIG2.BIN	595168	14
fa3e99db4d	/1_RIG2.BIN	595204	14
e9c9112e9d	/1_RIG2.BIN	595240	14
43653a63b2	/1_RIG2.BIN	595276	14
f787bc007f	/1_RIG2.BIN	595312	14
41f92dcb70	/1_RIG2.BIN	595492	8
2005ac09eb	/1_RIG2.BIN	595528	8
1385e54dba	/1_RIG2.BIN	595564	14
fc73009ddd	/1_RIG2.BIN	595600	14
c93256eb77	/1_RIG2.BIN	595672	14
89539fc303	/1_RIG2.BIN	595708	6
b0f2643dce	/1_RIG2.BIN	595744	14
e3b75bb22f	/1_RIG2.BIN	595780	14
414a11f8b0	/1_RIG2.BIN	595816	14
7b7f3b661d	/1_RIG2.BIN	595924	6
ee1e8627f3	/1_RIG2.BIN	595960	6
a496d06459	/1_RIG2.BIN	595996	4
b442a227a1	/1_RIG2.BIN	596032	14
764c4213f1	/1_RIG2.BIN	596068	14
95cd8627e6	/1_RIG2.BIN	596104	14
7127f115a5	/1_RIG2.BIN	596140	14
6baa14c6c5	/1_RIG2.BIN	596176	14
a083660339	/1_RIG2.BIN	596284	14
b8a9fbe8dc	/1_RIG2.BIN	596428	14
5ed2dbe926	/1_RIG2.BIN	596500	14
236709f79d	/1_RIG2.BIN	596536	14
36fe17d3ad	/1_RIG2.BIN	596572	14
62a8442c62	/1_RIG2.BIN	596680	8
4948fa493b	/1_RIG2.BIN	596716	6
50c64ef397	/1_RIG2.BIN	596824	14
cdf39734ab	/1_RIG2.BIN	596860	14
670a3d1107	/1_RIG2.BIN	596896	14
83c220c265	/1_RIG2.BIN	596932	14
84ffe885d3	/1_RIG2.BIN	596968	14
a2010feb87	/1_RIG2.BIN	597004	14
a47555e9d8	/1_RIG2.BIN	597040	14
5546c5b05f	/1_RIG2.BIN	597076	14
c3980c43ec	/1_RIG2.BIN	597112	6
3039a9645b	/1_RIG2.BIN	597148	14
27bb206ef3	/1_RIG2.BIN	597184	14
dc4629de70	/1_RIG2.BIN	597832	4
9d50383b02	/1_RIG2.BIN	598280	16
3c054ebff1	/1_RIG2.BIN	598920	6
f90ba6f723	/1_RIG2.BIN	599520	8
0b5b664019	/1_RIG2.BIN	599560	7
80e3d8dd8d	/1_RIG2.BIN	599640	7
7d72cce66a	/1_RIG2.BIN	599720	15
1572810e6c	/1_RIG2.BIN	599760	8
e55898dc89	/1_RIG2.BIN	600720	21
b190522685	/1_RIG2.BIN	600760	9
684839e72e	/1_RIG2.BIN	600800	21
e707c201d5	/1_RIG2.BIN	600840	21
d69abfefff	/1_RIG2.BIN	600880	21
bccb5eb271	/1_RIG2.BIN	601200	9
a87b2b9d52	/1_RIG2.BIN	601360	21
c53bf6c999	/1_RIG2.BIN	601480	6
a38a4daaf9	/1_RIG2.BIN	602120	8
964af23faf	/1_RIG2.BIN	602160	8
a0dffccded	/1_RIG2.BIN	602200	10
3fd5fb0ac9	/1_RIG2.BIN	602240	9
7c769f4121	/1_RIG2.BIN	602280	9
95945344cf	/1_RIG2.BIN	602320	8
cdaa527dad	/1_RIG2.BIN	602360	11
2b37f99b81	/1_RIG2.BIN	602400	10
11f7f04bee	/1_RIG2.BIN	602440	7
6bedffd695	/1_RIG2.BIN	602480	7
cadb4aed80	/1_RIG2.BIN	602520	9
e0e15de662	/1_RIG2.BIN	602560	8
7fdcb46181	/1_RIG2.BIN	602600	8
7705e24c9c	/1_RIG2.BIN	602640	12
55de4f5676	/1_RIG2.BIN	603600	7
88f884590a	/1_RIG2.BIN	604240	8
863a81e891	/1_RIG2.BIN	604280	9
694af50398	/1_RIG2.BIN	604320	8
91333f4c07	/1_RIG2.BIN	604360	7
42b2f7ecc3	/1_RIG2.BIN	604520	9
6f77f6ea94	/1_RIG2.BIN	604640	8
40bd8a5e50	/1_RIG2.BIN	605000	8
c2f3b5c60d	/1_RIG2.BIN	605080	10
b7eaae0733	/1_RIG2.BIN	605400	7
0b4c376325	/1_RIG2.BIN	605480	7
ddfe07ff8a	/1_RIG2.BIN	605520	8
519221bec1	/1_RIG2.BIN	605560	10
578d1dedd0	/1_RIG2.BIN	605600	7
891e0caf09	/1_RIG2.BIN	605760	8
94165b4f50	/1_RIG2.BIN	605800	8
81be5df95a	/1_RIG2.BIN	606160	7
50db7dd5a9	/1_RIG2.BIN	606200	8
8f08a2d413	/1_RIG2.BIN	606240	11
ea24a04d99	/1_RIG2.BIN	606280	9
a8c888417d	/1_RIG2.BIN	606320	10
1f03af70fe	/1_RIG2.BIN	606360	9
3586a543a6	/1_RIG2.BIN	606400	7
938c03d218	/1_RIG2.BIN	606440	7
51a9aee33c	/1_RIG2.BIN	606720	10
eac61634b7	/1_RIG2.BIN	606760	10
b9290d3b31	/1_RIG2.BIN	606800	9
71ebf2c02b	/1_RIG2.BIN	606840	9
57a4ffe67e	/1_RIG2.BIN	606880	10
81f4868fa6	/1_RIG2.BIN	606920	10
22c4d0bb23	/1_RIG2.BIN	607160	9
2e86392938	/1_RIG2.BIN	607200	9
0d0ed1ad0f	/1_RIG2.BIN	607240	10
53e3142fcc	/1_RIG2.BIN	607280	10
e8307f55a4	/1_RIG2.BIN	607320	8
04e5fe4835	/1_RIG2.BIN	607360	10
db13919aa9	/1_RIG2.BIN	607400	11
4c9434ebf0	/1_RIG2.BIN	607440	9
f4501b2372	/1_RIG2.BIN	607480	9
f45b6fae78	/1_RIG2.BIN	607520	10
0d130790e8	/1_RIG2.BIN	607560	10
401b2ea08e	/1_RIG2.BIN	607600	10
421a434a4b	/1_RIG2.BIN	607640	10
411d8e315f	/1_RIG2.BIN	610340	9
99c94f2065	/1_RIG2.BIN	611968	9
9f2fa1df54	/1_RIG2.BIN	621242	8
6a03565d7e	/1_RIG2.BIN	621502	9
87b2ca02a5	/1_RIG2.BIN	504476	2
609ec9bdb5	/1_RIG2.BIN	504480	2
e58dd9cabc	/1_RIG2.BIN	504484	2
a3a97221b6	/1_RIG2.BIN	504488	2
344689a91a	/1_RIG2.BIN	504492	2
60554c876e	/1_RIG2.BIN	504496	2
5e106374b0	/1_RIG2.BIN	504500	2
eb2d45453e	/1_RIG2.BIN	504504	2
bbb1795a04	/1_RIG2.BIN	504508	2
7f99e33bd9	/1_RIG2.BIN	504520	2
a2d45003b9	/1_RIG2.BIN	504524	2
44e329db02	/1_RIG2.BIN	504528	2
adb3379587	/1_RIG2.BIN	509204	2
13ed036a1b	/1_RIG2.BIN	509208	2
903022b367	/1_RIG2.BIN	509212	2
fcc15d7204	/1_RIG2.BIN	509216	2
a2d45003b9	/1_RIG2.BIN	509220	2
b8cf8ac69c	/1_RIG2.BIN	509224	2
8ae2900c8c	/1_RIG2.BIN	509228	2
48764cccb7	/1_RIG2.BIN	509232	2
e11869a347	/1_RIG2.BIN	509236	2
d1a3dfc4b7	/1_RIG2.BIN	509240	2
fd7cc6db8c	/1_RIG2.BIN	509299	3
87b2ca02a5	/1_RIG2.BIN	509304	2
609ec9bdb5	/1_RIG2.BIN	509308	2
e58dd9cabc	/1_RIG2.BIN	509312	2
a3a97221b6	/1_RIG2.BIN	509316	2
344689a91a	/1_RIG2.BIN	509320	2
60554c876e	/1_RIG2.BIN	509324	2
5e106374b0	/1_RIG2.BIN	509328	2
eb2d45453e	/1_RIG2.BIN	509332	2
bbb1795a04	/1_RIG2.BIN	509336	2
7f99e33bd9	/1_RIG2.BIN	509348	2
a2d45003b9	/1_RIG2.BIN	509352	2
44e329db02	/1_RIG2.BIN	509356	2
adb3379587	/1_RIG2.BIN	511296	2
13ed036a1b	/1_RIG2.BIN	511300	2
44e329db02	/1_RIG2.BIN	511304	2
fcc15d7204	/1_RIG2.BIN	511308	2
a2d45003b9	/1_RIG2.BIN	511312	2
8ae2900c8c	/1_RIG2.BIN	511316	2
48764cccb7	/1_RIG2.BIN	511320	2
e11869a347	/1_RIG2.BIN	511324	2
d1a3dfc4b7	/1_RIG2.BIN	511328	2
903022b367	/1_RIG2.BIN	603240	2
cc470185b3	/RIG2MENU.OVL#1	52784	14
177fe168c3	/RIG2MENU.OVL#1	27088	2
dad3c93c82	/RIG2MENU.OVL#1	52908	2
8241986e39	/RIG2MENU.OVL#1	52912	2
1c449844a9	/RIG2MENU.OVL#1	52916	2
317b2ff966	/RIG2MENU.OVL#1	52920	2
0805bd6ac7	/RIG2MENU.OVL#1	52924	2
ac97012a56	/RIG2MENU.OVL#1	52928	2
c3c9ad4532	/RIG2MENU.OVL#1	52932	2
b9ee2ae0b9	/RIG2MENU.OVL#1	52936	2
225774152f	/RIG2MENU.OVL#1	52940	2
1eae3cb482	/RIG2MENU.OVL#1	52944	2
ffbdc5cd06	/RIG2MENU.OVL#1	52948	2
2561367835	/1_RIG2.BIN	504472	2
e0156ae4d4	/1_RIG2.BIN	504584	2
e0156ae4d4	/1_RIG2.BIN	509512	2
ac97012a56	/1_RIG2.BIN	511628	2
0805bd6ac7	/1_RIG2.BIN	511632	2
c3c9ad4532	/1_RIG2.BIN	511636	2
dad3c93c82	/1_RIG2.BIN	511640	2
8241986e39	/1_RIG2.BIN	511644	2
1c449844a9	/1_RIG2.BIN	511648	2
b9ee2ae0b9	/1_RIG2.BIN	511652	2
225774152f	/1_RIG2.BIN	511656	2
1eae3cb482	/1_RIG2.BIN	511660	2
ffbdc5cd06	/1_RIG2.BIN	511664	2
2fe1e291e7	/RIG2MENU.OVL#1	10328	10
2fe1e291e7	/RIG2MENU.OVL#1	18060	10
d37b6f7d9b	/RIG2MENU.OVL#1	10712	27
20eca42c93	/RIG2MENU.OVL#1	10740	27
decf9c6199	/RIG2MENU.OVL#1	10768	27
3dd47852e1	/RIG2MENU.OVL#1	10796	27
063a7850d8	/RIG2MENU.OVL#1	10824	27
c58435a1ae	/RIG2MENU.OVL#1	26856	15
6f4c67c6fc	/RIG2MENU.OVL#1	26940	4
2efbbf0e84	/RIG2MENU.OVL#1	26948	4
9df033bd92	/RIG2MENU.OVL#1	26956	4
d036f15e94	/RIG2MENU.OVL#1	26964	4
e13b19fbb5	/RIG2MENU.OVL#1	26972	4
3a102022d2	/RIG2MENU.OVL#1	26980	5
bebec8b0b6	/RIG2MENU.OVL#1	26988	4
ca7d4a699c	/RIG2MENU.OVL#1	26996	4
91dddf37f9	/RIG2MENU.OVL#1	27004	5
2e076091d1	/RIG2MENU.OVL#1	52968	4
700d24c1b3	/RIG2MENU.OVL#1	52976	4
3404cc8b3d	/RIG2MENU.OVL#1	52984	4
1abb0db132	/1_RIG2.BIN	511548	4
2e5a4c73a4	/1_RIG2.BIN	511556	4
257cb194e1	/1_RIG2.BIN	590848	5
c25b9404b4	/1_RIG2.BIN	593368	14
b8758b9be1	/1_RIG2.BIN	593188	14
487dbbd36b	/1_RIG2.BIN	590272	14
dc2672ed06	/1_RIG2.BIN	592000	14
5de912a9bf	/1_RIG2.BIN	592252	14
f6adf0b4fe	/1_RIG2.BIN	595456	14
540ef5b161	/1_RIG2.BIN	591028	14
7d4db4e1de	/1_RIG2.BIN	590452	14
ba9daaf7c5	/1_RIG2.BIN	590056	6
9d3db32873	/1_RIG2.BIN	593224	14
d9669112c1	/1_RIG2.BIN	590380	4
d9669112c1	/1_RIG2.BIN	590992	4
ec4c153362	/1_RIG2.BIN	594196	14
0492ed5557	/1_RIG2.BIN	589012	14
a151273cf1	/1_RIG2.BIN	590416	14
92dcfa791d	/1_RIG2.BIN	595384	14
f5d793b9d0	/R2MDATA.OVL	4716	29
a70591ea21	/R2MDATA.OVL	5064	25
25d0495489	/R2MDATA.OVL	4164	17
29909536c2	/R2MDATA.OVL	6064	17
e9c64fc0fb	/R2MDATA.OVL	6092	17
80872216a9	/R2MDATA.OVL	6120	17
026a1f1060	/R2MDATA.OVL	6148	17
3a5f5a0238	/0_OP.BIN	152444	52
9f546561d9	/0_OP.BIN	152500	34
21f6354e69	/0_OP.BIN	152564	36
a779dc8af8	/0_OP.BIN	152604	119
203e179131	/0_OP.BIN	152724	36
088e4e7c63	/0_OP.BIN	152764	106
b99c6ab457	/0_OP.BIN	152872	60
ef037b213a	/0_OP.BIN	152936	43
509bcdc1c2	/0_OP.BIN	152980	127
9beef8d5e1	/0_OP.BIN	153108	44
9773de23aa	/0_OP.BIN	153492	94
d3f780c5b7	/0_OP.BIN	153696	10
5fb345555b	/0_OP.BIN	153716	14
8ed150b812	/0_OP.BIN	153732	22
44b1172d11	/0_OP.BIN	154064	12
153e4ad041	/0_OP.BIN	154260	12
0544ad9225	/0_OP.BIN	154292	8
6fafd3a9fc	/0_OP.BIN	154352	23
e9e6327fe3	/0_OP.BIN	154400	8
21deec79ce	/0_OP.BIN	154420	8
2aca150d07	/0_OP.BIN	154440	8
fb77b8d793	/0_OP.BIN	154460	8
321ac25a27	/0_OP.BIN	154480	21
0aeadf7cfc	/0_OP.BIN	154520	10
1b10df538d	/0_OP.BIN	154540	8
665659ed6a	/0_OP.BIN	154568	21
6f9334ba4b	/0_OP.BIN	154600	8
655f97a8ad	/0_OP.BIN	154620	19
8271b9ce9e	/0_OP.BIN	154648	8
1605bb437e	/0_OP.BIN	154668	21
bf6e276d07	/0_OP.BIN	154700	16
d3b119d493	/0_OP.BIN	154728	12
bccd7eb191	/0_OP.BIN	154752	12
a03e73cd4f	/0_OP.BIN	154776	12
6ce76ae428	/0_OP.BIN	154800	25
ae32979367	/0_OP.BIN	154836	20
4a08cb0860	/0_OP.BIN	154868	16
790d80f57f	/0_OP.BIN	154896	6
25d0495489	/0_OP.BIN	154912	17
7bc2864b4f	/0_OP.BIN	154940	6
77388778f3	/0_OP.BIN	154956	8
e048b218df	/0_OP.BIN	154976	19
b676899827	/0_OP.BIN	155004	21
8273a7314b	/0_OP.BIN	155036	10
ae4fec9ce1	/0_OP.BIN	155056	8
10a77f55d5	/0_OP.BIN	155076	12
100b1928b4	/0_OP.BIN	155100	25
dce48e550c	/0_OP.BIN	155136	21
8300491e4f	/0_OP.BIN	155168	8
52ccc1bb30	/0_OP.BIN	155188	23
39f0bfc796	/0_OP.BIN	155228	12
9d88bf870a	/0_OP.BIN	155260	20
14d249e485	/0_OP.BIN	155292	33
4c7d80b9c8	/0_OP.BIN	155336	31
1a484a93a7	/0_OP.BIN	155376	29
d2dbc0f027	/0_OP.BIN	155416	8
fd098f0b6b	/0_OP.BIN	155436	18
f5d793b9d0	/0_OP.BIN	155464	29
86ba778bac	/0_OP.BIN	155504	20
572ef4f871	/0_OP.BIN	155536	14
ecf7fb0c0c	/0_OP.BIN	155560	8
2c6336e4c7	/0_OP.BIN	155580	16
54d55bc4db	/0_OP.BIN	155608	14
02ad9db1e8	/0_OP.BIN	155632	27
f6cddb1cbd	/0_OP.BIN	155668	14
5264739d7f	/0_OP.BIN	155700	21
7f8f4d08aa	/0_OP.BIN	155732	27
c356068733	/0_OP.BIN	155768	25
a70591ea21	/0_OP.BIN	155812	25
13ec500059	/0_OP.BIN	155872	6
56694ae7d6	/0_OP.BIN	155896	14
f7feadc1bd	/0_OP.BIN	155920	14
e66a543ea7	/0_OP.BIN	155976	12
ee944859ab	/0_OP.BIN	156008	25
a150ddac85	/0_OP.BIN	156052	8
2f32d66830	/0_OP.BIN	156072	16
fbca222650	/0_OP.BIN	156100	8
9f1eddb82a	/0_OP.BIN	156120	21
026261fa17	/0_OP.BIN	156152	29
89b897793e	/0_OP.BIN	156192	8
291ba37553	/0_OP.BIN	156212	20
f56fdec661	/0_OP.BIN	156244	33
fd9631c948	/0_OP.BIN	156288	16
9f2278f130	/0_OP.BIN	156316	23
7b23f82d75	/0_OP.BIN	156348	25
4d33d33704	/0_OP.BIN	156384	10
1f439aabfd	/0_OP.BIN	156412	10
ace74f0648	/0_OP.BIN	156432	8
f86f5ef85d	/0_OP.BIN	156460	10
86eb87447d	/0_OP.BIN	156488	18
bebd17dc16	/0_OP.BIN	156516	17
04156ad6df	/0_OP.BIN	156544	19
2abd5f435d	/0_OP.BIN	156572	17
57fd1e2e3e	/0_OP.BIN	156600	27
1d85832824	/0_OP.BIN	156636	18
1d658626ca	/0_OP.BIN	156672	12
bf0fd6bc0b	/0_OP.BIN	156696	12
44c8258989	/0_OP.BIN	156720	17
09333e0b13	/0_OP.BIN	156764	16
c67278d8a8	/0_OP.BIN	156792	8
29909536c2	/0_OP.BIN	156812	17
e9c64fc0fb	/0_OP.BIN	156840	17
80872216a9	/0_OP.BIN	156868	17
026a1f1060	/0_OP.BIN	156896	17
88f74ac43f	/0_OP.BIN	156924	12
d102154512	/0_OP.BIN	156948	19
077721fd8e	/0_OP.BIN	156976	19
1107aa5850	/0_OP.BIN	157004	19
e9da407ec3	/0_OP.BIN	157032	19
060ffc57fa	/0_OP.BIN	157060	19
6004587f70	/0_OP.BIN	157088	6
