key	files	bytes	chars	tokens	gaiji	jp	ko
618b50f2a3	1	294	148		0	　新しい記録を保存するためには１１０の空き容量が必要です。\n　セガサターン本体の保存データ管理画面で他のゲームの記録を消すか、初期化をして、空き容量を１１０以上にしてからゲームを再スタートして下さい。\n　ＬボタンまたはＲボタンを押しながらリセットボタンを押すと、保存データ管理画面が表示されます。	　새 기록을 저장하려면 １１０ 의 여유 용량이 필요합니다。\n　세가새턴 본체의 저장 데이터 관리화면에서 다른 게임의 기록을 지우거나 초기화하여 여유 용량을 １１０ 이상으로 만든 뒤 게임을 다시 시작해 주세요。\n　Ｌ버튼 또는 Ｒ버튼을 누른 채 리셋 버튼을 누르면 저장 데이터 관리화면이 표시됩니다。
d184506d81	1	288	145		0	　新しい記録を保存するためには１１０の空き容量が必要です。\n　セガサターン本体の保存データ管理画面で他のゲームの記録を消すか、またはカートリッジＲＡＭにコピーして、ゲームを再スタートして下さい。\n　ＬボタンまたはＲボタンを押しながらリセットボタンを押すと、保存データ管理画面が表示されます。	　새 기록을 저장하려면 １１０ 의 여유 용량이 필요합니다。\n　세가새턴 본체의 저장 데이터 관리화면에서 다른 게임의 기록을 지우거나 카트리지 ＲＡＭ 에 복사한 뒤 게임을 다시 시작해 주세요。\n　Ｌ버튼 또는 Ｒ버튼을 누른 채 리셋 버튼을 누르면 저장 데이터 관리화면이 표시됩니다。
337282978f	1	70	35		0	記録を正しく保存することができませんでした。もう一度やり直して下さい。	기록을 올바르게 저장할 수 없었습니다。다시 한번 시도해 주세요。
337402b49e	1	45	27		0	金　　　　[<＜>-][<＞>＋]押しながら決定ボタン	금　　　　[<＜>-][<＞>＋]누르며 결정버튼
33d8792912	1	45	27		0	アイテム　[<＜>-][<＞>＋]押しながら決定ボタン	아이템　[<＜>-][<＞>＋]누르며 결정버튼
43747bda14	1	48	24		0	この記録でゲームをスタートすることはできません。	이 기록으로는 게임을 시작할 수 없습니다。
443294b60e	1	48	24		0	装備を変更すると行動終了します。よろしいですか？	장비를 변경하면 행동 종료됩니다。괜찮습니까？
fdd046a16f	1	37	24		0	 HP   MP  攻撃力　防御力　賢さ 抗魔力	 HP   MP  공격력　방어력　지혜 저항력
c4c3ce6ded	1	25	20		0	現在マップ[    ]  X     Y	현재맵[    ]  X     Y
09b12179d2	1	36	18		0	メニューから出ます。よろしいですか？	메뉴에서 나갑니다。괜찮습니까？
5b1cf600e5	1	36	18		0	アイテムがいっぱいです。捨てますか？	아이템이 가득 찼다。버리겠습니까？
58ae64f87a	1	34	17		0	一枠　残り０体　：　二枠　残り０体	1조 잔여０　：　2조 잔여０
897aaee99e	1	34	17		0	このアイテムはここでは使えません。	이 아이템은 여기서 못 씁니다。
b5708e58db	1	34	17		0	まだ、うまく使いこなせないようだ。	아직 잘 다루지 못하는 듯하다。
b81d25181e	1	19	17		0	技Lv    技Exp     /	기Lv    기Exp     /
96cc84f8d9	1	18	16		0	技Lv   技Exp     /	기Lv   기Exp     /
ae66420ef9	1	32	16		0	ここの地面には影響が与えられない	이곳 지면에는 영향을 줄 수 없다
c15735c532	1	32	16		0	戦いに敗れ、半分のお金を失った。	싸움에 져서 돈의 절반을 잃었다。
d64cba3c24	1	32	16		0	ボタン］で技情報と技の入れかえ。	버튼]으로 기술정보와 기술 교체。
e8e88a3462	1	32	16		0	この組み合わせではだめなようだ。	이 조합으로는 안 되는 모양이다。
0e0769c81c	1	30	15		0	プロローグをスキップしますか？	프롤로그를 건너뛰시겠습니까？
0f92216927	1	30	15		0	ロードします。よろしいですか？	불러옵니다。괜찮습니까？
43c593448b	1	30	15		0	ＮＯＮ－ＰＬＡＹＥＲ　　ターン	ＮＯＮ－ＰＬＡＹＥＲ　　턴
4ccbad7506	1	30	15		0	敵を倒し、無事に国境を越えた。	적을 물리치고 국경을 넘었다。
5cbd47b094	1	30	15		0	セーブします。よろしいですか？	저장합니다。괜찮습니까？
9acc9cef19	1	30	15		0	登録を解除してよろしいですか？	등록을 해제하시겠습니까？
4fd7d62756	1	28	14		0	餓鬼玉だ！力を吸い取られる！	아귀구슬이다！힘을 뺏긴다！
5fb5b18e8c	1	28	14		0	アイテムを盗むことに失敗した	아이템을 훔치는 데 실패했다
dbfa752a19	1	28	14		0	放すまでアイテムを使えない！	놓을 때까지 아이템 못 씀！
1bf4065305	1	26	13		0	レベルを盗むことに失敗した	레벨을 훔치는 데 실패했다
3027f76891	1	26	13		0	体が重いので上昇できない！	몸이 무거워 오를 수 없다！
40410e68d1	1	26	13		0	バトル中１度しか使えない！	전투 중 １번밖에 못 쓴다！
828a6ae438	1	26	13		0	どこからか、敵があらわれた	어디선가 적이 나타났다
ae5bdca988	1	26	13		0	ブロックは発生できません。	블록 발생할 수 없습니다。
dd2dec068f	1	26	13		0	キャラクターパラメータ一覧	캐릭터 파라미터 목록
fcb16adcea	1	26	13		0	放すまで装備変更できない！	놓을 때까지 장비변경못함！
0fe9f67d0e	1	24	12		0	ここでこの技は使えない！	여기서 기술은 못 쓴다！
54392598a4	1	24	12		0	獲得経験値＆レベルアップ	획득경험치＆레벨업
604e422f5d	1	24	12		0	は身代わりの符を使った！	는 대역의 부적을 썼다！
6c8401eac7	1	24	12		0	あまり威力はないようだ。	위력은 별로 없다。
7fc4fe2aa3	1	24	12		0	上昇しないとつかめない！	올라야 잡는다！
fafc09d223	1	24	12		0	スキルレベルが低すぎる！	스킬레벨이 너무 낮다！
10d2d6aa0c	1	22	11		0	アイテムを盗むかわりに	아이템을 훔치는 대신
2899cb3990	1	22	11		0	ＰＬＡＹＥＲ　　ターン	ＰＬＡＹＥＲ　　턴
5e784a780b	1	22	11		0	放すまで技を使えない！	놓을 때까지 못 쓴다！
82e7733916	1	22	11		0	天井が邪魔で使えない！	천장 걸려서 못 쓴다！
8dc72691ed	1	22	11		0	これ以上上昇できない！	더 이상 오를 수 없다！
8ed150b812	1	22	11		0	［カートリッジＲＡＭ］	［카트리지ＲＡＭ］
9a25fca758	1	22	11		0	これ以上下降できない！	더 이상 못 내려간다！
9aa57b7cae	1	22	11		0	２つ同時には使えない！	두 개 동시에 못 쓴다！
e8da7ff52d	1	22	11		0	金を盗むことに失敗した	돈을 훔치기 실패했다
ed70fd21ad	1	22	11		0	技を盗むことに失敗した	기술을 훔치기 실패했다
fcc44e926c	1	22	11		0	誰を生き返らせますか？	누구 되살리겠습니까？
213cb99fb3	1	20	10		0	ボタン］アイテム使用	버튼]아이템 사용
21ac01a8ed	1	20	10		0	すでにつかんでいる！	이미 잡고 있다！
30ae2c5535	1	17	10		0	セーブファイルNo.	저장파일No.
45a27aea95	1	20	10		0	バトル参加キャラ選択	전투참가 캐릭터 선택
67377ab4fd	1	20	10		0	融合に使える技がない	융합에 쓸기술이 없다
6c0f3f89a5	1	20	10		0	レベルが足りません。	레벨이 부족합니다。
751428b054	1	20	10		0	新しい技が完成した！	새 기술을 완성했다！
785753f972	1	20	10		0	何もつかんでいない！	아무것도 안 잡음！
ae058fa33e	1	20	10		0	ＥＮＥＭＹ　　ターン	ＥＮＥＭＹ　　턴
d1d6f3ba71	1	20	10		0	時間切れ。引き分け！	시간 종료。무승부！
e7f3e60172	1	20	10		0	たちは全滅した‥‥‥	들은 전멸했다‥‥‥
04ecc55bb5	1	12	9		0	陽動隊( / ):	양동대( / ):
10f050beba	1	18	9		0	二枠の組　　ターン	이번대　　턴
2240efa5db	1	18	9		0	行動力が足りない！	행동력 부족하다！
2f9d94fc48	1	18	9		0	誰に装備しますか？	누구에게 장비？
3bf1a1746f	1	18	9		0	装備アイテム（兜）	장비아이템（투구）
42ffbf57c4	1	18	9		0	一枠の組　　ターン	일번대　　턴
47092ea783	1	18	9		0	装備アイテム（弓）	장비아이템（활）
48c6a9ec56	1	18	9		0	ＥＸＰを獲得した！	ＥＸＰ 획득했다！
4b793f4958	1	18	9		0	すでに融合済みだ！	이미 융합했다！
4c1bdcc747	1	18	9		0	いくつ買いますか？	몇 개 사시겠어요？
5601e9d82d	1	18	9		0	いくつ売りますか？	몇 개 파시겠어요？
5c17d24347	1	18	9		0	ここでは戦えない！	여기선 못 싸운다！
6b3f4cead8	1	18	9		0	装備アイテム（鎧）	장비아이템（갑옷）
7ee5b6744a	1	18	9		0	装備アイテム（剣）	장비아이템（검）
86ccec5574	1	13	9		0	 <＜>　個<＞>	 <＜>　개<＞>
a2da750aa9	1	18	9		0	装備アイテム（刀）	장비아이템（도）
b514a03e76	1	18	9		0	装備アイテム（槌）	장비아이템（망치）
bce0d31cdd	1	18	9		0	新しい技を考えた！	새 기술 생각함！
c793b1250b	1	18	9		0	選択を終了します。	선택 종료합니다。
d6b798cf3e	1	18	9		0	ＨＰが少なすぎる！	ＨＰ가 너무 적다！
eba2b301ba	1	18	9		0	装備アイテム（本）	장비아이템（책）
fd52cdf04a	1	18	9		0	装備アイテム（盾）	장비아이템（방패）
086cba1424	1	13	8		0	回避率　   ％	회피율　   ％
0fbf9aec09	1	16	8		0	初期状態にもどす	초기상태되돌리기
5f6b545a4d	1	16	8		0	技を盗むかわりに	기술 훔치는 대신
6a51ba2c26	1	16	8		0	ＭＰが足りない！	ＭＰ 부족！
6d270e1cab	1	16	8		0	退却しますか？　	후퇴할까요？　
7140efa72e	1	16	8		0	デバッグメニュー	디버그메뉴
72ef20a82b	1	16	8		0	セーブしますか？	저장하겠습니까？
87ebdadc03	1	13	8		0	必殺率　   ％	필살률　   ％
a1fa668b0b	1	16	8		0	はもう持てない。	는 더 못 든다。
a92f757e87	1	13	8		0	妖怪退散!(仮)	요괴퇴산!(가)
aa47d48411	1	16	8		0	戦いに勝利した！	전투 승리！
c69f30f027	1	16	8		0	技をひらめいた！	기술 떠올렸다！
c7995c3587	1	16	8		0	餓鬼玉は消失した	아귀구슬 소멸
ca7e558e1d	1	16	8		0	レベルを盗んだ！	레벨을 훔쳤다！
cb0371b12f	1	16	8		0	よろしいですか？	괜찮습니까？
ddd29abaf5	1	16	8		0	イベントアイテム	이벤트아이템
e2e2a116d7	1	16	8		0	パーティの名前：	파티 이름：
f3d9bb1aa2	1	16	8		0	ボタンで詳細情報	버튼 상세정보
18bac1be1c	1	14	7		0	メニュータイプ	메뉴타입
1d588390ab	1	14	7		0	必要最低人数は	필요최저인원은
22b40d0b49	1	14	7		0	の技を盗んだ！	기술 훔침！
28f52d5899	1	14	7		0	技融合なんでも	기술융합임의
2d1725d6d3	1	14	7		0	（買うと　個）	（사면　개）
398c761926	1	12	7		0	 逆送り選択 	  역순선택  
428ecbb22b	1	14	7		0	ジェム盗んだ！	젬 훔쳤다！
4549ef48da	1	14	7		0	を手にいれた！	을손에넣었다！
55f0f6605c	1	11	7		0	  ポーズ 　	  정지 　
58c5e5b679	1	12	7		0	 上視点切替 	 상시점전환 
5fb345555b	1	14	7		0	［本体ＲＡＭ］	［본체ＲＡＭ］
619130db7a	1	14	7		0	レベルアップ！	레벨업！
683b01624a	1	14	7		0	　技名　　射程	기술명　사거리
77b9de4b0b	1	14	7		0	マップチェンジ	맵체인지
7ce19c8486	1	14	7		0	を手にいれた。	을손에넣었다。
b5943f9b26	1	14	7		0	キーコンフィグ	키설정
be4cef0810	1	14	7		0	融合法則を選択	융합법칙 선택
c160ba1cda	1	14	7		0	ＶＯＩＣＥ設定	ＶＯＩＣＥ설정
cb6e546553	1	14	7		0	ステータス回復	스테이터스회복
d6beb21a5a	1	12	7		0	 横視点切替 	 횡시점전환 
d73507bf27	1	14	7		0	オーディオ設定	오디오설정
d79a603c59	1	12	7		0	 キャンセル 	　　취소　　
dbcc3348f5	1	12	7		0	 順送り選択 	  순서선택  
dfb0b1fb4d	1	13	7		0	投げる金額は?	던질 금액은?
e279fa9577	1	14	7		0	メッセージ速度	메시지속도
e74af9a488	1	14	7		0	（売ると　個）	（팔면　개）
eae0fd5194	1	14	7		0	技なんでも情報	기술 임의정보
1b118437db	1	12	6		0	ハイウィッチ	상급마녀
27026f259f	1	12	6		0	だれもいない	아무도 없다
27e25e1472	1	11	6		0	:情報表示　	:정보표시　
27e3e30cc8	1	10	6		0	技情報(全)	기술정(전)
2fe367cb5e	1	12	6		0	選択から出る	선택 나가기
350840e16a	1	11	6		0	爆弾 攻撃力	폭탄 공격력
3acb5f936b	1	12	6		0	　デバッグ　	　디버그　
44b1172d11	1	12	6		0	見つからない	찾을 수 없다
4f126a52a2	1	12	6		0	空っぽだ‥‥	텅비었다‥‥
5d101c2bda	1	10	6		0	酒(竜殺し)	술(용살자)
64ebf02902	1	12	6		0	ビリーヴァー	빌리버
6a1b6747a2	1	12	6		0	　特殊機能　	　특수기능　
7275dcfd5f	1	12	6		0	ヘルリザード	헬리저드
78435c92dc	1	12	6		0	プロフィット	프로핏
93676f648c	1	14	6		0	マナのしずく	마나의물방울
801485a378	1	12	6		0	－－無効－－	－－무효－－
8237f5ae20	1	12	6		0	確認－調べる	확인－살핌
83d24e9306	1	12	6		0	ドラグーン兵	드래군 병사
8ba8ed64a1	1	12	6		0	装備アイテム	장비아이템
8f0c0ce435	1	12	6		0	使用アイテム	사용아이템
a7481cce11	1	12	6		0	リザードマン	리저드맨
ad2c255344	1	12	6		0	一度だけ復活	한번만 부활
ad9ce32cb8	1	12	6		0	アイテムなし	아이템없음
b66730b60c	1	12	6		0	ＢＧＭテスト	ＢＧＭ테스트
bb715edd2d	1	12	6		0	バトルアニメ	전투장면
befafde3c7	1	12	6		0	惨！　敗北！	아！　패배！
c0e84476bd	1	12	6		0	　登録技なし	등록기술없음
c60096e980	1	10	6		0	<＜>スキル	<＜>스킬
c612851397	1	12	6		0	ターン終了？	턴종료？
cc67bba25f	1	11	6		0	 低視点切替	 하시점전환
cce5aafcf4	1	8	6		0	BOSS専用	BOSS전용
d4dbfb54cb	1	12	6		0	物理技を選択	물리기술선택
d91e48a43d	1	12	6		0	シーリザード	시리저드
ef4f45ebd0	1	12	6		0	ヘルドラゴン	헬드래곤
f7e5bf6683	1	8	6		0	HPMP回復	HPMP회복
f86dacc7c6	1	12	6		0	魔法技を選択	마법기술선택
f89e777f53	1	11	6		0	必要行動力:	필요행동력:
ffeca85c5b	1	12	6		0	ホークレディ	호크레이디
0317322a82	1	10	5		0	いづな落し	이즈나투척
04c1eaca0f	1	10	5		0	ライトボウ	라이트보우
0509b4d5cb	2	10	5		0	オプション	옵션
e4407122d8	1	21	5		0	八坂の勾玉	야사카의 곡옥
147e824abf	1	10	5		0	経験値獲得	경험치획득
1a2bb36394	1	10	5		0	品物を売る	물건 판다
1e2bb4cfe9	1	10	5		0	黄泉の使者	황천의사자
2167db96f2	1	10	5		0	眠りの呪文	잠들기주문
25af4f7f2d	1	15	5		0	アメジスト	아메지스트
614e72255a	1	21	5		0	真実の指輪	진실의 반지
5f8c1734f8	1	15	5		0	蒼のパール	푸른 펄
25bb09a1f5	1	10	5		0	品物を買う	물건 산다
2aeb6572be	1	10	5		0	大きな水桶	커다란물통
2c01884a92	1	10	5		0	お金　　：	돈　　：
2c739657be	1	10	5		0	聖なる帽子	성스런모자
2cebf8cc6c	1	10	5		0	守りの指輪	수호의반지
33a3fbc438	1	10	5		0	スピリット	스피릿
34aa0612a0	1	10	5		0	魔道研究者	마도연구자
3537948f9b	1	10	5		0	ドリミンパ	드리민파
36b94433eb	1	10	5		0	賢者の帽子	현자의모자
36df5c75e4	1	10	5		0	行動終了？	행동종료？
37986c34bd	1	10	5		0	ディアーネ	디아네
37d7fc29df	1	10	5		0	知恵の帽子	지혜의모자
3821e3c9b9	1	10	5		0	天使の羽根	천사의깃털
e7d780feaf	1	21	5		0	荒魂の宝剣	아라미타마의 보검
e8486b31f9	1	14	5		0	隠れ蓑の灰	은신 도롱이 재
44146c91ad	1	10	5		0	ゲートキー	게이트키
44d0ad494c	1	10	5		0	疾風のクツ	질풍의신발
463fb52751	1	10	5		0	雷の奥義書	번개오의서
47acf4f945	1	10	5		0	究極魔導士	궁극마도사
48b290e13c	1	10	5		0	金貨大強奪	금화대강탈
49152ae923	1	10	5		0	水の奥義書	물의오의서
509044b892	1	10	5		0	カラーバー	컬러바
509fb91f9f	1	10	5		0	アーメット	아메트
9e7bd24339	1	21	5		0	古代のカギ	고대의 열쇠
573f77d20f	1	10	5		0	ＳＥテスト	ＳＥ테스트
59605d8c8b	1	8	5		0	(仮)没！	가탈락！
5c825073da	1	10	5		0	エフェクト	이펙트
5cd265c1c5	1	8	5		0	HP投げる	HP던지기
5ef8121c15	1	10	5		0	カムイ真似	카무이흉내
5f9e7ff8df	1	10	5		0	サンドマン	샌드맨
64cf0ba7e6	1	10	5		0	チェック！	체크！
677f90b6ff	1	10	5		0	アリジゴク	개미지옥
67c3adf5e7	1	10	5		0	高貴な手袋	고귀한장갑
a3d92d8866	1	14	5		0	マナの結晶	마나의 결정
6d813912f0	1	10	5		0	ステータス	스테이터스
6f5c9513a0	1	10	5		0	魔法奥義書	마법오의서
760de92542	1	10	5		0	プリリンパ	프리린파
77e209bac5	1	10	5		0	チュニック	튜닉
78b696f440	1	10	5		0	七人委員会	７인위원회
802dbbbcf5	1	10	5		0	遺跡のカギ	유적의열쇠
811338e283	1	10	5		0	ルーンボウ	룬보우
8aa5d7c44c	1	10	5		0	全スキル技	전스킬기술
9218c817f9	1	10	5		0	かみかざり	머리장식
92da7ea7db	1	10	5		0	デスバット	데스뱃
999aacd616	1	10	5		0	ロード　　	로드　　
9b1d8ea3e2	1	10	5		0	火の奥義書	불의오의서
9cd5a80e05	1	10	5		0	天女の羽衣	천녀날개옷
a5fd919660	1	10	5		0	タオバンド	타오밴드
a7349a50e4	1	10	5		0	格闘奥義書	격투오의서
a9d44c95a5	1	10	5		0	マジシャン	매지션
ac3b470306	1	10	5		0	ターン終了	턴종료
ac49a42b36	1	10	5		0	神聖なる衣	신성한옷
ad24ae98eb	1	10	5		0	自動技登録	자동기등록
ad50e4aa6f	1	10	5		0	カダール兵	카달 병사
ad563b8f07	1	10	5		0	風の奥義書	바람오의서
afe7a8d2c8	1	10	5		0	獲得ジェム	획득젬
b1290fc04b	1	10	5		0	地龍砕撃砲	지룡쇄격포
b2fe83ee46	1	10	5		0	炎のドレス	불꽃드레스
b4916935b2	1	10	5		0	登坂レベル	등반레벨
b59bbdbc26	1	10	5		0	ホークアイ	호크아이
b6c1c3907a	1	10	5		0	獲得ＥＸＰ	획득ＥＸＰ
b71d2ffef9	1	10	5		0	怒りの火炎	분노의화염
bc6f0211f4	1	10	5		0	選択に戻る	선택복귀
bcfb4684c8	1	10	5		0	キャラ一覧	캐릭목록
bdd14539d3	1	8	5		0	MP投げる	MP던지기
c01b84fa31	1	10	5		0	魔導の帽子	마도의모자
c50ea87ef3	1	10	5		0	毛糸の手袋	털장갑
c8b886b068	1	10	5		0	エメラルド	에메랄드
c8bf4c3905	1	10	5		0	アストラル	아스트랄
cc584e0505	1	10	5		0	ロングボウ	롱보우
cdc189539d	1	10	5		0	神速のクツ	신속의신발
d3f780c5b7	1	10	5		0	データなし	데이터없음
dae9d9deac	1	10	5		0	スケルトン	스켈레톤
db2120f8f7	1	10	5		0	確認－話す	확인－말함
dcb527f7de	1	10	5		0	月のドレス	달의드레스
deacee525a	2	10	5		0	技なんでも	기술임의
ec80b22954	1	21	5		0	マラカイト	말라카이트
e5db502fbb	1	10	5		0	クロスボウ	크로스보우
e5f5a29ce2	1	10	5		0	ヘッドギア	헤드기어
e7b113f1fe	1	10	5		0	司書武闘法	사서무투법
e9b40c417f	1	10	5		0	上級魔導士	상급마도사
e9e103213b	1	10	5		0	聖なる指輪	성스런반지
eb1bab525c	1	10	5		0	天馬の羽根	천마의깃털
ebc1a4fb85	1	10	5		0	ヘクター像	헥토르상
ecfbec3a0a	1	10	5		0	ガルザード	갈자드
f145dc4fa5	1	7	5		0	必要MP:	필요MP:
f14b914d73	1	10	5		0	強制セーブ	강제저장
f44ec4620d	1	10	5		0	軽身の腕輪	날램의팔찌
f4a0fca658	1	10	5		0	アイテム：	아이템：
f94903d480	1	10	5		0	木精の誘い	나무의유혹
fcd5460b40	1	10	5		0	地の奥義書	땅의오의서
00fcaf7ee1	1	6	4		0	LV盗む	LV훔침
04b2417b6d	1	8	4		0	スキル５	스킬５
062ac1af5b	1	8	4		0	手投げ弾	수류탄
07d83a3600	1	8	4		0	風の助け	바람도움
08d5052cf7	1	8	4		0	審判の剣	심판의검
0c56cc3c5b	1	8	4		0	魔法障壁	마법장벽
0e3be1df67	1	8	4		0	ボウガン	보우건
100b9276e9	1	8	4		0	熊の精霊	곰의정령
156bd4fe2e	1	7	4		0	 スキル	 스킬
1608388dd2	1	8	4		0	魔導の衣	마도의옷
1b50915d3b	1	8	4		0	ミュウ竜	뮤드래곤
1d85c34674	1	8	4		0	ドラゴン	드래곤
1fdfc61c8d	1	8	4		0	光の法衣	빛의법의
207d7a42da	1	8	4		0	盗みの技	도둑기술
21641d4869	1	8	4		0	神仙の玉	신선구슬
23b6ce0756	1	8	4		0	裁きの光	심판의빛
25a37040c4	1	8	4		0	心を盗む	마음훔침
051489d6a6	1	17	4		0	ユーカリ	유카리
25cbd2bd86	1	8	4		0	魅惑の弓	매혹의활
268d1a4977	1	8	4		0	奇跡の石	기적의돌
2a4afbc9dc	1	8	4		0	隕石呪文	운석주문
302531e1ed	1	8	4		0	自己紹介	자기소개
31316e6ed0	1	8	4		0	タラッタ	타랏타
bc55be9667	1	14	4		0	金を盗む	돈 훔치기
36084aa410	1	8	4		0	サレット	살렛
39fbe0c67e	1	8	4		0	個人情報	개인정보
3d8aeaccb1	1	8	4		0	ＳＥ設定	ＳＥ설정
3d8e2eb9ac	1	7	4		0	貫通:全	관통:전
3e0d28a3c3	1	8	4		0	魔法剣技	마법검술
413354b940	1	8	4		0	眠り爆弾	수면폭탄
41cd3c1258	1	8	4		0	神速回避	신속회피
42a1ec4266	1	8	4		0	ヤハース	야하스
43cb57e708	1	6	4		0	HP回復	HP회복
44b7dfde38	1	8	4		0	操り爆弾	조종폭탄
99691e7620	1	14	4		0	剣の舞い	검의 춤
470baa10de	1	8	4		0	御霊返し	영혼환원
4880438d8f	1	7	4		0	回復力:	회복력:
4a4c76a9e1	1	7	4		0	t技融合	t기술합
4b5a96d43c	1	7	4		0	貫通:人	관통:인
50b7951017	1	8	4		0	ラスティ	러스티
0c892e30eb	1	21	4		0	空の水桶	빈 물통
51ef5e8d2b	1	8	4		0	破魔の弓	퇴마의활
5540fbc907	1	8	4		0	絹の手袋	비단장갑
5573cef596	1	8	4		0	運のよさ	행운
568d4cf4d7	1	8	4		0	ピピルマ	피필마
5742e3fc19	1	8	4		0	クァイア	콰이어
58976185e8	1	8	4		0	アムリタ	암리타
58cf6a9e5d	1	8	4		0	備前長船	오사후네
5dcbd8016f	1	8	4		0	縮小爆弾	축소폭탄
61c2bd81e0	1	8	4		0	斉天大聖	제천대성
6428c78691	1	8	4		0	混乱爆弾	혼란폭탄
65e32ba311	1	8	4		0	特殊魔法	특수마법
6922d90762	1	8	4		0	達人の心	달인마음
6ce18ac91a	1	8	4		0	行動終了	행동종료
3fb758e098	1	14	4		0	マナの水	마나의 물
6f57ae75a8	1	8	4		0	ゴースト	고스트
708b003825	1	8	4		0	装備変更	장비변경
719fa91d24	1	8	4		0	アンジュ	앙주
73452b62b7	2	8	4		0	アイテム	아이템
735fc0816a	1	8	4		0	技を盗む	기술훔침
738aca66cc	1	8	4		0	丸い帽子	둥근모자
7488a56d8a	1	8	4		0	古代の本	고대의책
759ba0c932	1	8	4		0	スキル１	스킬１
7f0ef7c838	1	8	4		0	陽動隊の	양동대의
7ff0a85398	1	8	4		0	地龍大波	지룡대파
8378e03d80	1	8	4		0	天蓮元帥	천련원수
83ae49edc9	1	8	4		0	オパール	오팔
8492acffb9	1	8	4		0	ナルシス	나르시스
84a6992416	1	8	4		0	紫の法衣	자색법의
85f60fa6e4	1	8	4		0	暗黒舞踏	암흑무도
8740807593	1	8	4		0	くのいち	쿠노이치
875c1f9e50	1	6	4		0	耐性 :	내성 :
87f90c5038	1	8	4		0	アザエル	아자엘
899d1c36df	1	8	4		0	元気の薬	원기의약
8aa0c2a0a2	1	8	4		0	体当たり	몸통치기
8d12ad339a	1	8	4		0	ウィッチ	마녀
8d97463b38	1	8	4		0	森の妖精	숲의요정
956ab9a193	1	8	4		0	道具投撃	도구투척
95ff26a2d0	1	8	4		0	ファルコ	팔코
970fc78da3	1	8	4		0	聖魔法衣	성마법의
97b3d9eacc	1	8	4		0	勇者の兜	용사투구
981eed5f69	1	8	4		0	移動する	이동한다
9bb2dc65d8	1	8	4		0	精霊呪法	정령주법
9cbedbef9b	1	8	4		0	ラグロス	라그로스
9d026f4909	1	8	4		0	パパレホ	파파레호
a073109426	1	8	4		0	チャチャ	차차
a0deaaf6c7	1	8	4		0	金貨投撃	금화투척
a1174551fe	1	8	4		0	技・魔法	기/마법
a24c726db7	1	8	4		0	惑いの声	미혹소리
a2d00d74c6	1	8	4		0	名人の心	명인마음
a2d0f1d7cd	1	8	4		0	力のこて	힘의장갑
a40035fc84	1	8	4		0	身構える	자세잡기
a50421bcdd	1	8	4		0	スキル２	스킬２
a6a79e7982	1	6	4		0	HP盗む	HP훔침
ab8f22c588	1	8	4		0	鳥の精霊	새의정령
b090857292	1	8	4		0	菊一文字	기쿠몬지
dc49910650	1	14	4		0	熊の踊り	곰의 춤
b6f1622d7e	1	8	4		0	賢者の石	현자의돌
b7ade15785	1	8	4		0	図書館員	도서관원
b8f16ef81f	1	8	4		0	九尾の狐	구미호
bafb8c4378	1	8	4		0	回復呪文	회복주문
bf1ba18a6c	1	8	4		0	流星破刀	유성파검
bf9b31202b	1	8	4		0	防御の技	방어기술
c19a9e70b1	1	8	4		0	司書の本	사서의책
c4e7437579	1	8	4		0	スキル６	스킬６
c6ed20704a	1	8	4		0	賢者の書	현자의서
cb66a5b495	1	8	4		0	メニュー	메뉴
ccd4802233	1	8	4		0	シラナミ	시라나미
cce8c64b25	1	6	4		0	弱点 :	약점 :
cdf3141303	1	8	4		0	リザード	리저드
d13d8e95e9	1	8	4		0	ミズタマ	미즈타마
d34e0942dd	1	6	4		0	MP盗む	MP훔침
d76af8c244	1	8	4		0	店を出る	나가기
dc29411ccc	1	6	4		0	MP回復	MP회복
dd1ef67500	1	8	4		0	弾き返し	튕겨내기
e2587ba061	1	8	4		0	カムイ鳥	카무이새
e37a0d2b2f	1	8	4		0	凍結爆弾	동결폭탄
c2359caee5	1	21	4		0	蓬莱の珠	호라이의 구슬
e5cd8cc29d	1	8	4		0	スキル３	스킬３
e778600ce3	1	8	4		0	デバッグ	디버그
e957f93031	1	8	4		0	人に戻る	사람으로
ea7b335ef6	1	8	4		0	人です。	사람。
28b4c0ab8d	1	21	4		0	天邪の鏡	아마츠의 거울
ebd49addf8	1	8	4		0	賢者の衣	현자의옷
edcee650aa	1	8	4		0	風の腕輪	바람팔찌
efcd1f0584	1	8	4		0	十六夜刀	십육야도
efddfc5ea5	1	8	4		0	三角帽子	삼각모자
efecf3dd57	1	8	4		0	神聖魔法	신성마법
f0e6c5bbb6	1	8	4		0	卍手裏剣	만자표창
f0ee224afc	1	8	4		0	ダイガン	다이간
f3c69a85d7	1	8	4		0	天使の弓	천사의활
f4298f5a89	1	8	4		0	スキル４	스킬４
f4db7e32fd	1	8	4		0	カムイ熊	카무이곰
f7ab45826e	1	7	4		0	貫通:敵	관통:적
f920595802	1	8	4		0	巨人の腕	거인의팔
f92ea1ba1a	1	8	4		0	治癒呪文	치유주문
f979ea6745	1	8	4		0	攻撃魔法	공격마법
f9aa72fb6e	1	8	4		0	聖なる書	성전
faba93152a	1	8	4		0	救出隊の	구출대의
fae40ba7bf	1	8	4		0	魔法の本	마법의책
fb3f29c4c1	1	8	4		0	火打ち銃	화승총
05714655d8	1	6	3		0	ジェム	젬
16329d8cfe	1	6	3		0	賢さ　	지혜　
16bf0e4d5c	1	6	3		0	女の子	여자애
1837c4f1eb	1	6	3		0	タタラ	타타라
1bfb421df2	1	6	3		0	竜の牙	용이빨
1ee2073319	1	6	3		0	虎の爪	범발톱
2a1b7a8e28	1	6	3		0	気合い	기합
2ffd723c5a	1	6	3		0	竜の技	용기술
34e339213d	1	6	3		0	槌の技	망치술
44eb36e715	1	6	3		0	セーブ	저장
46849ab56c	1	6	3		0	愛の力	사랑힘
48d048d66c	1	6	3		0	槍の技	창기술
48e3ef69ac	1	6	3		0	熊の技	곰기술
4c9e132663	1	6	3		0	マーサ	마사
4dfbaadd12	1	6	3		0	女の人	여자
5a5eedd34e	1	6	3		0	ミュウ	뮤
67bd7185b6	1	6	3		0	キング	킹
69744e0247	1	6	3		0	ナズナ	나즈나
6c74991954	1	6	3		0	弓の技	활기술
7bb3b659e9	1	6	3		0	速さ　	속도　
7f3ec03176	1	6	3		0	つかむ	잡는다
8080b94b09	1	6	3		0	黒の書	검은책
912cab5b13	1	6	3		0	くない	쿠나이
9142a3a9e2	1	6	3		0	くぐつ	쿠구츠
92cb2b2fb2	1	6	3		0	毒の水	독의물
99739dae73	1	6	3		0	剣の技	검기술
99db7d63e1	1	6	3		0	命の薬	생명약
a23182fc8b	1	6	3		0	男の子	남자애
a6ad45f34b	1	6	3		0	カムイ	카무이
af605a7c13	1	6	3		0	刀の技	도기술
b044acf565	1	6	3		0	マミー	미이라
b3eea55957	1	6	3		0	パール	펄
be3f7ba7e6	1	6	3		0	オビス	오비스
c4b862ff66	1	6	3		0	男の人	남자
d74a482b47	1	6	3		0	雄叫び	함성
d88cb76ed7	1	6	3		0	ミック	믹
e1e4a26bd1	1	6	3		0	兎の足	토끼발
e48539f691	1	6	3		0	アスカ	아스카
ee136c125a	1	6	3		0	トーガ	토가
f78d495fa7	1	6	3		0	鳥の技	새기술
fe22aa8321	1	6	3		0	ロード	로드
04ad3df9a7	2	4	2		0	賢さ	지혜
31fbad94f9	1	4	2		0	ワカ	와카
3ed3df49e3	1	4	2		0	速い	빠름
5b58c8f9de	1	4	2		0	重い	묵직
7529d89715	1	4	2		0	話す	말함
75be44f002	1	4	2		0	斬る	벤다
a086238ec9	1	4	2		0	グル	구루
aa6f383e20	2	4	2		0	速さ	속도
afddd8e66c	1	4	2		0	シン	신
bd9fb01ffb	1	4	2		0	なし	없음
c5225ec69b	1	4	2		0	投げ	던짐
f8dda91984	1	4	2		0	遅い	느림
4a2d39ea03	1	6	3		0	攻撃力	공격력
0c9582c0ab	1	6	3		0	防御力	방어력
94b9741938	1	6	3		0	行動力	행동력
abf35a00b6	1	6	3		0	必殺率	필살률
0308bfcb82	1	6	3		0	命中率	명중률
9efdfe2a4a	1	6	3		0	抗魔力	저항력
79f9b89111	1	6	3		0	属性　	속성　
7f42a37cc9	1	6	3		0	耐性　	내성　
e934953ce0	1	4	2		0	装備	장비
e3301aacb3	1	6	4		0	属性: 	속성: 
3d5b4bc6aa	1	7	5		0	射程:  	거리:
1a969843de	1	6	3		0	技情報	정보
655d80f1ea	1	6	3		0	弱点：	약점：
75e3649eec	1	6	3		0	耐性：	내성：
ee87728ece	1	4	2		0	無敵	무적
f2368a6743	1	12	6		0	　　決定　　	　　결정　　
682f3f007a	1	4	2		0	普通	보통
c93451458a	1	4	2		0	最速	최속
a8c950107b	1	6	3		0	登坂力	등반력
1d3f0240ee	1	4	2		0	極小	극소
6ba17a2727	1	4	2		0	獣人	수인
6facf262f7	1	4	2		0	爆弾	폭탄
1bd0624bf4	1	4	2		0	幸運	행운
3fde9ab010	1	4	2		0	登坂	등반
2d9c2355ab	1	4	2		0	忍道	인술
bcdcfe7061	1	4	2		0	体術	체술
2f56267e0e	1	6	3		0	特殊技	특수기
15da8eb180	1	4	2		0	砲術	포술
956cb9040a	1	6	3		0	酒攻撃	술공격
05e0e6c8ed	1	6	3		0	透明化	투명화
e2026165d4	1	4	2		0	回復	회복
e5beb3ed1e	1	5	3		0	属性 	속성 
ce6a151b88	1	5	3		0	耐性 	내성 
407983338a	1	6	3		0	火：風	화：풍
b758b0c68b	1	6	3		0	風：雷	풍：뢰
a1f660e6a4	1	6	3		0	雷：水	뢰：수
9add701f05	1	6	3		0	水：地	수：지
352bf08aa5	1	6	3		0	地：火	지：화
4dfc140719	1	6	3		0	光：闇	광：암
5ec39029d9	1	6	3		0	闇：霊	암：령
15de60b707	1	6	3		0	霊：精	령：정
f256fa8742	1	6	3		0	精：星	정：성
fed13ad6ba	1	6	3		0	星：光	성：광
7cadc84a83	1	6	3		0	攻：魔	공：마
19d77ed7af	1	6	3		0	未登録	미등록
e05364da33	1	4	2		0	味方	아군
9524d10c28	1	4	2		0	水上	수상
307ad0d2b4	1	10	5		0	退却　　　	후퇴　　　
f8e17f81b5	1	4	2		0	敵数	적수
b1b61b1045	1	6	3		0	所持金	소지금
88e17e7946	1	6	3		0	裏影斬	이영참
e642d4696c	1	6	3		0	雷神斬	뇌신참
dc79d4cea9	1	6	3		0	円空斬	원공참
8bc66a2efe	1	6	3		0	鳳凰剣	봉황검
d1e1b21d74	1	4	2		0	山嵐	산람
d4ad93ee8a	1	6	3		0	烈光斬	열광참
675db3d42e	1	6	3		0	烈風斬	열풍참
37e718f540	1	6	3		0	地裂拳	지열권
c6a4bf72b3	1	6	3		0	風神拳	풍신권
31773c98ea	1	6	3		0	轟鳴斬	굉명참
f6d3f8f532	1	4	2		0	上昇	상승
3f75feefda	1	4	2		0	下降	하강
f3cb420e9b	1	6	3		0	竜変化	용변화
edc200c564	1	6	3		0	噴射砲	분사포
f153da1860	1	6	3		0	火炎銃	화염총
bbc82f9a38	1	4	2		0	小筒	소통
b441582c56	1	4	2		0	大筒	대통
820c0cb170	1	6	3		0	火炎砲	화염포
b1dc0ce136	1	6	3		0	凍結砲	동결포
dc21a472a3	1	4	2		0	祝砲	축포
17967b8dc5	1	6	3		0	炎呪文	염주문
4c514630b4	1	6	3		0	氷呪文	빙주문
2c205189ef	1	6	3		0	風呪文	풍주문
5390d8dacc	1	6	3		0	雷呪文	뇌주문
38133da536	1	6	3		0	穏形法	은형법
4136a43d55	1	4	2		0	電撃	전격
fee66b3ea4	1	6	3		0	反魂法	반혼법
2ddbfb73f4	1	6	3		0	溶解液	용해액
80a2d344d6	1	6	3		0	自爆陣	자폭진
bee8929fdc	1	4	2		0	防御	방어
79b60f3fa7	1	4	2		0	休息	휴식
dddd21828a	1	4	2		0	瞑想	명상
7419c63d26	1	4	2		0	練気	연기
ef4ffb01ee	1	6	3		0	地龍波	지룡파
40dec59eea	1	4	2		0	魅了	매료
4eb3149fe3	1	6	3		0	技融合	기융합
3cff3c15d4	1	6	3		0	回復薬	회복약
eeb6ce9136	1	6	3		0	餓鬼玉	아귀옥
c39f9904ff	1	6	3		0	漬物石	누름돌
af3c05bd0c	1	6	3		0	忍者刀	닌자도
64c4f32814	1	4	2		0	虎徹	호철
7033bb0ca1	1	4	2		0	村柾	촌정
df95a404f2	1	6	3		0	雷神刀	뇌신도
8cb2e5e0a7	1	6	3		0	夢幻刀	몽환도
3d2d17a407	1	6	3		0	降魔刀	항마도
a0cebb0aaf	1	6	3		0	暗黒刀	암흑도
4edff3ac0c	1	6	3		0	虚空刀	허공도
2e3da37074	1	6	3		0	聖竜刀	성룡도
6b8f4977be	1	6	3		0	哲学書	철학서
c4846b8133	1	6	3		0	魔導書	마도서
6b78199ce9	1	6	3		0	格闘書	격투서
58b7fd1e36	1	6	3		0	桜吹雪	벚꽃비
4461beccd3	1	4	2		0	法衣	법의
86a8f43405	1	6	3		0	聖法衣	성법의
ce2070a75f	1	4	2		0	鉄拳	철권
199953f810	1	4	2		0	下忍	게닌
0c4199beae	1	4	2		0	上忍	조닌
160da2566f	1	6	3		0	破戒僧	파계승
b5f47d5652	1	6	3		0	魔導士	마도사
ed9b855de7	1	4	2		0	弓兵	궁병
975ecc1b91	1	6	3		0	重歩兵	중보병
c25f9e05ad	1	4	2		0	風鬼	풍귀
1806e0edbb	1	4	2		0	河童	갓파
59fcfa339f	1	4	2		0	天狗	덴구
a18ca2f9b3	1	4	2		0	怒鬼	노귀
fe772a6429	1	4	2		0	餓鬼	아귀
e82b5d9f25	1	4	2		0	鋼鬼	강귀
9f9fc3a15d	1	6	3		0	爆弾君	폭탄군
04d7b579a4	1	4	2		0	予備	예비
33c2ca9bc7	1	6	3		0	機装兵	기장병
7ca73dc78c	1	6	3		0	親衛隊	친위대
21357bbbb3	1	4	2		0	使徒	사도
3365ff6358	1	6	3		0	屍道士	시도사
371e27301c	1	6	3		0	重装兵	중장병
f81a2113da	1	6	3		0	強弓兵	강궁병
b93421f462	1	4	2		0	忍頭	두령
c38923356b	1	4	2		0	神像	신상
82138adf02	1	4	2		0	館長	관장
9ef5696bb0	1	4	2		0	商船	상선
4c414da421	1	4	2		0	子供	아이
b06c52c88b	1	6	3		0	操演用	연출용
f1427ad39e	1	4	2		0	退却	후퇴
6907ec30b3	1	4	2		0	日記	일기
8acdcf6dc5	1	11	9		0	ﾊﾟﾜｰ: 賢さ+	파워: 지혜+
35c6c5c924	1	17	14		0	ﾊﾟﾜｰ: 攻撃力+   %	파워: 공격력+   %
f5ccb7b804	1	13	9		0	投げるｱｲﾃﾑは?	던질 아이템?
4a70401a92	1	15	10		0	ﾎﾞﾀﾝ]装備しない	버튼]장비안함
8f56f86762	1	35	18		0	｣はこれ以上持てません。売りますか？	｣는 더 못 듭니다。파시겠습니까？
153e4ad041	1	12	6		0	テストマップ	테스트맵
0544ad9225	1	8	4		0	技テスト	기술시험
6fafd3a9fc	1	23	12		0	ヤマタイ ワールドマップ	야마타이 월드맵
e9e6327fe3	1	8	4		0	西の関所	서쪽관문
21deec79ce	1	8	4		0	東の関所	동쪽관문
2aca150d07	1	8	4		0	隠し金山	숨은금산
fb77b8d793	1	8	4		0	イガの里	이가마을
321ac25a27	1	21	11		0	イガの里 エピローグ用	이가마을 에필로그용
0aeadf7cfc	1	10	5		0	イガの山道	이가산길
1b10df538d	1	8	4		0	ナズナ洞	나즈나동
665659ed6a	1	21	11		0	ナズナ洞 エピローグ用	나즈나동 에필로그용
6f9334ba4b	1	8	4		0	忍者屋敷	닌자저택
655f97a8ad	1	19	10		0	忍者屋敷 ボスルーム	닌자저택 보스룸
8271b9ce9e	1	8	4		0	五条の町	고죠마을
1605bb437e	1	21	11		0	五条の町 エピローグ用	고죠마을 에필로그용
bf6e276d07	1	16	8		0	ホウショウ院の牢	호쇼원 감옥
d3b119d493	1	12	6		0	ホウショウ院	호쇼원
bccd7eb191	1	12	6		0	ゴジョウ大橋	고죠대교
a03e73cd4f	1	12	6		0	カムイコタン	카무이코탄
6ce76ae428	1	25	13		0	カムイコタン エピローグ用	카무이코탄 에필로그용
ae32979367	1	20	10		0	カムイコタン前の広場	카무이코탄 앞 광장
4a08cb0860	1	16	8		0	ホウライ山の山道	호라이산 산길
790d80f57f	1	6	3		0	星陵郭	성릉곽
7bc2864b4f	1	6	3		0	結界洞	결계동
77388778f3	1	8	4		0	ゲテン城	게텐성
e048b218df	1	19	10		0	ゲテン城 ボスルーム	게텐성 보스룸
b676899827	1	21	11		0	ゲテン城 ゲートルーム	게텐성 게이트룸
8273a7314b	1	10	5		0	港町ヒガタ	항구히가타
ae4fec9ce1	1	8	4		0	おぼろ谷	오보로곡
10a77f55d5	1	12	6		0	クリカラの里	쿠리카라마을
100b1928b4	1	25	13		0	クリカラの里 エピローグ用	쿠리카라마을 에필로그용
dce48e550c	1	21	11		0	火薬工場 バトルマップ	화약공장 전투맵
8300491e4f	1	8	4		0	火薬工場	화약공장
52ccc1bb30	1	23	12		0	カダール ワールドマップ	카달 월드맵
39f0bfc796	1	12	6		0	港町ポポロン	항구포포론
9d88bf870a	1	20	10		0	アレクトリア大図書館	알렉트리아대도서관
14d249e485	1	33	17		0	アレクトリア大図書館 エピローグ用	알렉트리아대도서관 에필로그용
4c7d80b9c8	1	31	16		0	アレクトリア大図書館 地下閲覧室	알렉트리아대도서관 지하열람실
1a484a93a7	1	29	15		0	アレクトリア大図書館 地下通路	알렉트리아대도서관 지하통로
d2dbc0f027	1	8	4		0	死の砂漠	죽음사막
fd098f0b6b	1	18	9		0	イシスのピラミッド	이시스 피라미드
86ba778bac	1	20	10		0	ドリーム・ラビリンス	드림 래버린스
572ef4f871	1	14	7		0	グラビティの町	그래비티마을
ecf7fb0c0c	1	8	4		0	海底神殿	해저신전
2c6336e4c7	1	16	8		0	ハイランドの山道	하이랜드 산길
54d55bc4db	1	14	7		0	ハイランドの町	하이랜드마을
02ad9db1e8	1	27	14		0	ハイランドの町 エピローグ用	하이랜드마을 에필로그용
f6cddb1cbd	1	14	7		0	七人委員会の塔	７인위원회탑
5264739d7f	1	21	11		0	七人委員会の塔 監禁室	７인위원회탑 감금실
7f8f4d08aa	1	27	14		0	七人委員会の塔 ゲートルーム	７인위원회탑 게이트룸
c356068733	1	25	13		0	七人委員会の塔 ボスルーム	７인위원회탑 보스룸
13ec500059	1	6	3		0	練習場	연습장
56694ae7d6	1	14	7		0	西方の森林地帯	서방 삼림지대
f7feadc1bd	1	14	7		0	東方の森林地帯	동방 삼림지대
e66a543ea7	1	12	6		0	港町オルトマ	항구오르트마
ee944859ab	1	25	13		0	港町オルトマ エピローグ用	항구오르트마 에필로그용
a150ddac85	1	8	4		0	サモサ島	사모사섬
2f32d66830	1	16	8		0	サモサ島の鉱石場	사모사섬 광석장
fbca222650	1	8	4		0	次元の扉	차원의문
9f1eddb82a	1	21	11		0	次元の扉 エピローグ用	차원의문 에필로그용
026261fa17	1	29	15		0	次元の扉 ７人委員会ＶＳルゥナ	차원의문 ７인위원회ＶＳ루나
89b897793e	1	8	4		0	次元の道	차원의길
291ba37553	1	20	10		0	クィーンズハートの町	퀸즈하트마을
f56fdec661	1	33	17		0	クィーンズハートの町 エピローグ用	퀸즈하트마을 에필로그용
fd9631c948	1	16	8		0	ラグロスの塔１Ｆ	라그로스탑１Ｆ
9f2278f130	1	23	12		0	ラグロスの塔 ボスルーム	라그로스탑 보스룸
7b23f82d75	1	25	13		0	ラグロスの塔 ゲートルーム	라그로스탑 게이트룸
4d33d33704	1	10	5		0	大地の叫び	대지의외침
1f439aabfd	1	10	5		0	コルベの村	코르베마을
ace74f0648	1	8	4		0	古代遺跡	고대유적
f86f5ef85d	1	10	5		0	ザルマの町	자르마마을
86eb87447d	1	18	9		0	イクシーズ墜落地点	익시즈 추락지점
bebd17dc16	1	17	9		0	ドラグーン城 １Ｆ	드래군성 １Ｆ
04156ad6df	1	19	10		0	ドラグーン城 Ｂ１Ｆ	드래군성 Ｂ１Ｆ
2abd5f435d	1	17	9		0	ドラグーン城 ２Ｆ	드래군성 ２Ｆ
57fd1e2e3e	1	27	14		0	カカルクラン ワールドマップ	카카루크란 월드맵
1d85832824	1	18	9		0	カオスの祭壇への道	카오스 제단 가는길
1d658626ca	1	12	6		0	カオスの祭壇	카오스제단
bf0fd6bc0b	1	12	6		0	魔法球の戦場	마법구전장
44c8258989	1	17	9		0	リグロード　 国境	리그로드　 국경
09333e0b13	1	16	8		0	リグロード　国境	리그로드　국경
c67278d8a8	1	8	4		0	闘乱の町	투란마을
88f74ac43f	1	12	6		0	バトラムの町	바트람마을
d102154512	1	19	10		0	試練の迷宮Ｇ Ｂ１Ｆ	시련미궁Ｇ Ｂ１Ｆ
077721fd8e	1	19	10		0	試練の迷宮Ｇ Ｂ２Ｆ	시련미궁Ｇ Ｂ２Ｆ
1107aa5850	1	19	10		0	試練の迷宮Ｇ Ｂ３Ｆ	시련미궁Ｇ Ｂ３Ｆ
e9da407ec3	1	19	10		0	試練の迷宮Ｇ Ｂ４Ｆ	시련미궁Ｇ Ｂ４Ｆ
060ffc57fa	1	19	10		0	試練の迷宮Ｇ Ｂ５Ｆ	시련미궁Ｇ Ｂ５Ｆ
6004587f70	1	6	3		0	闘技場	투기장
d406c75990	1	9	7		0	回復(ﾎﾞﾂ)	회복(폐)
ea5931386b	1	13	8		0	耐性 眠･操･乱	내성 잠･조･란
4530cce1df	1	23	12		0	｣が使えるようになった！	｣를 쓸 수 있게 됐다！
3278ab8516	1	17	9		0	うん！　この技を｢	응！　이 기술을 ｢
9ca931455c	1	19	10		0	そうだ！　この技を｢	그래！　이 기술을 ｢
eef1ba2a53	1	21	11		0	よっしゃ！　この技を｢	좋았어！　이 기술을 ｢
48ae10dd4b	1	21	11		0	そうなの！　この技を｢	그렇네！　이 기술을 ｢
f832e5e28b	1	17	9		0	うむ！　この技を｢	음！　이 기술을 ｢
e52c196106	1	21	11		0	そうでし！　この技を｢	그렇데！　이 기술을 ｢
9633a77c96	1	23	12		0	そうですわ！　この技を｢	그렇지요！　이 기술을 ｢
c524be4c66	1	23	12		0	そうだ～ゼ！　この技を｢	그래～！　이 기술을 ｢
0d058e77df	1	17	9		0	されば。この技を｢	그럼。이 기술을 ｢
e2bcc11016	1	17	9		0	｣と、名付けよう！	｣라 이름짓자！
2664d0a569	1	17	9		0	｣と、名付けよう。	｣라 이름짓자。
ec3fcd6d0b	1	17	9		0	｣と、名付けるゼ！	｣라 이름짓겠어！
62eedc0169	1	21	11		0	｣と名付けるの、なの！	｣라 이름지을래！
a0e63c34be	1	23	12		0	｣と、名付けちゃおっと。	｣라 이름지어야지。
418a00713c	1	23	12		0	｣と、名付けるとしよう。	｣라 이름짓기로 하자。
4d259836c3	1	19	10		0	｣と、名付けるでし！	｣라 이름짓겠데！
093c0f45a9	1	19	10		0	｣と名付けましてよ。	｣라 이름짓겠어요。
0939477159	1	19	10		0	｣と名付ける～ゼ～！	｣라 이름짓자～！
3ba2ffc716	1	23	12		0	｣と、名付けましょうぞ！	｣라 이름짓도록 하지！
5abdb0077f	1	17	13		0	:ﾏｯﾌﾟﾁｪｯｸから出る	:맵체크 나가기
0c2a999bfb	1	19	14		0	:ﾒｲﾝﾒﾆｭｰ/情報表示　	:메인메뉴/정보표시
45e69d74b6	1	8	6		0	 ｷｬﾗ切換	캐릭전환
5acde306f2	1	19	10		0	とりあえずこの技を｢	일단 이 기술을 ｢
2b301b70e2	1	8	6		0	ｱｲﾃﾑ盗む	물건훔침
39fe29cff5	1	8	5		0	死神のｶﾏ	사신의낫
386835f22d	1	8	5		0	癒しのﾏｳ	치유마우
d4dd1e17dd	1	8	6		0	ﾊﾟﾜｰ吸収	파워흡수
b2b8694691	1	9	7		0	魔法ｼｰﾙﾄﾞ	마법실드
028eaf0565	1	9	7		0	保護ｼｰﾙﾄﾞ	보호실드
5a30f62bae	1	9	7		0	回復ｼｰﾙﾄﾞ	회복실드
7984b9ec5c	1	12	9		0	ボツ！ﾌﾞﾛｯｸ2	폐기！블록2
b508dfd6ca	1	15	8		0	身代{ﾜﾘﾉ}符	대역의 부적
be1dfbbac9	1	21	8		0	風のﾒﾀﾞﾘｵﾝ	바람의 메달리온
c125ac1766	1	9	6		0	ﾀｶｵの手紙	타카오 글
04f41c2e06	1	9	6		0	ｱｹﾐの手紙	아케미 글
cfc39082e7	1	8	6		0	光のﾃｨｱﾗ	빛티아라
ec3e36061d	1	10	7		0	危ないﾄﾞﾚｽ	위험드레스
92164a9d5f	1	10	8		0	魔星ｸﾞﾛｰﾌﾞ	마성글러브
dfa6c2e771	1	4	4		0	ｱｯﾌﾟ	상승
94de8f4f36	1	4	4		0	ﾀﾞｳﾝ	하락
41ae6bb017	1	4	4		0	ｼﾞｪﾑ	젬
7b18b46154	1	8	7		0	(1ﾀｰﾝ毎)	(1턴당)
2f0056d875	1	12	12		0	ﾘｸﾞ2        	리그2       
a2eb734cec	1	10	10		0	ｽﾃｰﾀｽ(ﾎﾞﾂ)	상태(폐)
fddd40cffe	1	7	6		0	運{ﾉﾖｻ}	행운
a22afb1733	1	5	5		0	ﾎﾟｲﾝﾄ	점수
ede117bf63	1	9	9		0	:ｼｽﾃﾑﾒﾆｭｰ	:시스템
c9baf4f869	1	9	9		0	 ﾏｯﾌﾟﾁｪｯｸ	 맵체크
01e6e92b1e	1	14	5		0	ｽﾄﾗｲｸ	스트라이크
3df23ce155	1	14	9		0	ﾍﾋﾞｰｽﾄﾗｲｸ	헤비스트라이크
eaa347729e	1	14	6		0	Jｽﾄﾗｲｸ	J스트라이크
c4d5ec2862	1	14	5		0	ｽﾗｯｼｭ	슬래시
2d752d421c	1	8	8		0	ﾒｶﾞｽﾗｯｼｭ	강력베기
b5cd4ee102	1	8	8		0	ｱｲｽｽﾗｯｼｭ	빙결베기
16214504e0	1	14	6		0	ﾄﾞﾗｲﾌﾞ	드라이브
e4abf753b2	1	14	10		0	ﾋﾞｰﾄﾄﾞﾗｲﾌﾞ	비트드라이브
b81f068fca	1	14	10		0	ｼｬｲﾝﾄﾞﾗｲﾌﾞ	샤인드라이브
cae2af1d8d	1	14	5		0	ｸﾗｯｼｭ	크래시
1ae01c0afc	1	8	8		0	ｿｳﾙｸﾗｯｼｭ	영혼격돌
de1e97fcf1	1	14	9		0	ﾊｰﾄﾞｸﾗｯｼｭ	하드크래시
16024b27c3	1	14	9		0	ﾊﾞｽﾀｸﾗｯｼｭ	버스터크래시
b431509c43	1	14	8		0	ｿｰﾄﾞﾗｯｼｭ	소드러시
0bdb884072	1	14	10		0	ﾋﾞｰｽﾄﾀﾞｲﾌﾞ	비스트다이브
269173c9c8	1	14	10		0	ﾊﾟﾆｯｸﾀﾞｲﾌﾞ	패닉다이브
146057e4dd	1	8	8		0	ﾋｰﾙﾀﾞｲﾌﾞ	치유강습
ee863a7f2c	1	14	10		0	ﾊﾞｰｽﾄﾀﾞｲﾌﾞ	버스트다이브
c259419467	1	14	9		0	ﾎｰﾘｰﾀﾞｲﾌﾞ	홀리다이브
68da36c745	1	14	8		0	ｽﾙｰﾀﾞｲﾌﾞ	스루다이브
3357837f13	1	9	9		0	ｳｨﾝﾄﾞｶｯﾀｰ	윈드커터
66e49ba9e5	1	14	11		0	ﾄﾞﾗｺﾞﾝﾀﾞｲﾌﾞ	드래곤다이브
e553cf648f	1	14	10		0	ﾄﾞﾗｺﾞﾝﾌﾞﾚｽ	드래곤브레스
5fca79145a	1	14	7		0	ﾃﾞｽﾌﾞﾚｽ	데스브레스
da215323cf	1	14	7		0	ｱｰｸﾌﾞﾚｽ	아크브레스
d558e11f1b	1	4	4		0	ｽﾄｰﾑ	폭풍
6cb59eb7ec	1	8	8		0	ｽﾓｰﾙﾎﾞｲｽ	작은소리
abb0e37736	1	8	8		0	ﾌｧｲｱｽﾄｰﾑ	화염폭풍
250752260a	1	14	7		0	ﾘﾄﾙｽﾄｰﾑ	리틀스톰
762c33a7e5	1	14	7		0	ｱﾛｰｼｮｯﾄ	애로우샷
aa0c6ceacd	1	14	9		0	ｲﾅｽﾞﾏｼｮｯﾄ	이나즈마샷
f703328b3d	1	8	8		0	ﾛﾝｸﾞｼｮｯﾄ	롱샷
57286634d5	1	14	9		0	ｽﾊﾟｲﾗﾙｱﾛｰ	스파이럴애로우
b0a9127dd8	1	14	7		0	ｵﾒｶﾞｱﾛｰ	오메가애로우
48c28c0d5f	1	7	7		0	ﾏﾙﾁｼｮｯﾄ	멀티샷
6867f0f921	1	6	6		0	ﾏﾙﾁｱﾛｰ	연속샷
a50a73d269	1	14	7		0	ﾎｰﾘｰｱﾛｰ	홀리애로우
eb94e984f5	1	14	9		0	ﾊﾞｰｽﾄｼｮｯﾄ	버스트샷
0559b79bc3	1	8	8		0	ｸｪｲｸｼｮｯﾄ	진동사격
b35f869daf	1	9	9		0	ﾗﾝﾀﾞﾑｼｮｯﾄ	랜덤샷
c9ecd6fb24	1	4	4		0	ﾊﾟﾝﾁ	주먹
134c8eab98	1	14	5		0	ｷﾙｸﾛｰ	킬클로
e16847914d	1	8	8		0	ｻﾝﾀﾞｰｸﾛｰ	번개발톱
b18dd15cde	1	8	8		0	ｷﾗｰﾌｧﾝｸﾞ	킬러팽
51499715d4	1	6	6		0	ﾅｯﾂｽﾛｰ	너츠샷
830b25e2bb	1	14	5		0	ｽﾀﾝﾌﾟ	스탬프
0d48a53a42	1	14	7		0	ｷﾗｰﾊﾟﾝﾁ	킬러펀치
1e099a89b8	1	14	9		0	ﾜｲﾙﾄﾞﾊﾟﾝﾁ	와일드펀치
99757c9a77	1	6	6		0	ﾎﾞﾑｽﾛｰ	봄스로
3f79bf0a77	1	10	10		0	ﾀﾞｰｸｳｨｽﾊﾟｰ	다크위스퍼
b4c989ec8f	1	14	5		0	ｶｳﾝﾀｰ	카운터
94c10054ac	1	14	8		0	ﾌｧｲｱﾎﾞｰﾙ	파이어볼
bc3174d5ec	1	14	9		0	ﾌｧｲｱﾌﾞﾗｽﾄ	파이어블래스트
ed0eb030ed	1	14	8		0	ﾍﾙｽﾞﾌｧｲｱ	헬즈파이어
efb1bf6b66	1	14	5		0	ｻﾝﾀﾞｰ	썬더
7bc3f66191	1	14	10		0	ｻﾝﾀﾞｰﾌﾞﾗｽﾄ	썬더블래스트
fa3e99db4d	1	14	9		0	ｻﾝﾀﾞｰｽﾄｰﾑ	썬더스톰
e9c9112e9d	1	14	8		0	ﾌﾘｰｼﾞﾝｸﾞ	프리징
43653a63b2	1	14	10		0	ﾌﾘｰｽﾞﾌﾞﾗｽﾄ	프리즈블래스트
f787bc007f	1	14	9		0	ﾌﾘｰｽﾞｽﾄｰﾑ	프리즈스톰
41f92dcb70	1	8	8		0	ﾒﾃｵｽﾄﾗｲｸ	운석낙하
2005ac09eb	1	8	8		0	ﾃﾞｽ･ﾛﾝﾄﾞ	데스론도
1385e54dba	1	14	9		0	ﾌﾞﾗｯｸｻﾊﾞｽ	블랙사바스
fc73009ddd	1	14	6		0	ｽﾀｰﾗｲﾄ	스타라이트
c93256eb77	1	14	7		0	ﾀﾞｰｸﾏﾀｰ	다크매터
89539fc303	1	6	6		0	ﾗｸﾞﾅﾚｸ	라그나
b0f2643dce	1	14	10		0	ｴﾅｼﾞｰﾄﾞﾚｲﾝ	에너지드레인
e3b75bb22f	1	14	10		0	ﾏｼﾞｯｸﾄﾞﾚｲﾝ	매직드레인
414a11f8b0	1	14	7		0	ｻｸﾘﾌｧｲｽ	새크리파이스
7b7f3b661d	1	6	6		0	ｱｰｽﾓｰﾙ	어스몰
ee1e8627f3	1	6	6		0	ﾙｰｽﾓｰｱ	루스모
a496d06459	1	4	4		0	ｽﾓｰﾙ	스몰
b442a227a1	1	14	6		0	ｽﾄﾛﾝｸﾞ	스트롱
764c4213f1	1	14	5		0	ｽﾓｰﾗﾙ	스모랄
95cd8627e6	1	14	7		0	ｽﾄﾛﾝｸﾞﾙ	스트롱글
7127f115a5	1	14	8		0	ﾑｰﾌﾞｸｨｯｸ	무브퀵
6baa14c6c5	1	14	7		0	ﾑｰﾌﾞｽﾛｰ	무브슬로
a083660339	1	14	7		0	ｽｺｰﾌﾟｱｲ	스코프아이
b8a9fbe8dc	1	14	5		0	ﾌﾞﾛｯｸ	블록
5ed2dbe926	1	14	5		0	ﾌﾗｲｻｰ	플라이서
236709f79d	1	14	7		0	ｸﾞﾗﾋﾞﾄﾝ	그래비톤
36fe17d3ad	1	14	5		0	ｽﾘｰﾌﾟ	슬립
62a8442c62	1	8	8		0	ｿｳﾙﾌﾞﾚｲｸ	영혼파괴
4948fa493b	1	6	6		0	ｶｵｽｻｲﾄ	카오스
50c64ef397	1	14	7		0	ﾎｰﾘｰｷｭｱ	홀리큐어
cdf39734ab	1	14	9		0	ｷｭｱﾋｰﾘﾝｸﾞ	큐어힐링
670a3d1107	1	14	8		0	ﾘﾊﾞｰｽｷｭｱ	리버스큐어
83c220c265	1	14	6		0	ﾋｰﾘﾝｸﾞ	힐링
84ffe885d3	1	14	9		0	ﾒｶﾞﾋｰﾘﾝｸﾞ	메가힐링
a2010feb87	1	14	10		0	ｷﾞｶﾞﾋｰﾘﾝｸﾞ	기가힐링
a47555e9d8	1	14	9		0	ｱｰｸﾋｰﾘﾝｸﾞ	아크힐링
5546c5b05f	1	14	10		0	ｵﾒｶﾞﾋｰﾘﾝｸﾞ	오메가힐링
c3980c43ec	1	6	6		0	ﾎｰﾘｰﾚｲ	성광선
3039a9645b	1	14	9		0	ﾎｰﾘｰｳｪｰﾌﾞ	홀리웨이브
27bb206ef3	1	14	7		0	ﾎｰﾘｰｱｰｸ	홀리아크
dc4629de70	1	4	4		0	ｱﾑﾘﾀ	암리
9d50383b02	1	16	9		0	ﾏﾅ{ﾉｼｽﾞｸ}	마나의물방울
3c054ebff1	1	6	6		0	ｱﾐｭﾚｯﾄ	아뮬렛
f90ba6f723	1	8	8		0	ﾊﾟﾜｰｽﾄｰﾝ	파워스톤
0b5b664019	1	7	7		0	ｶﾞﾝﾄﾚｯﾄ	건틀렛
80e3d8dd8d	1	7	7		0	ﾑｰﾝｵｰﾌﾞ	문오브
7d72cce66a	1	15	7		0	ﾊﾟﾜｰﾘｽﾄ	파워리스트
1572810e6c	1	8	8		0	ﾊﾟﾜｰｱﾝｸﾙ	파워앵클
e55898dc89	1	21	7		0	ﾗｲﾄﾜｰﾄﾞ	라이트워드
b190522685	1	9	9		0	ﾌﾞﾗｯｸﾜｰﾄﾞ	블랙워드
684839e72e	1	21	7		0	ｿｳﾙﾜｰﾄﾞ	소울워드
e707c201d5	1	21	9		0	ﾏｲﾝﾄﾞﾜｰﾄﾞ	마인드워드
d69abfefff	1	21	7		0	ｽﾀｰﾜｰﾄﾞ	스타워드
bccb5eb271	1	9	9		0	ｶﾞﾙﾏﾝｵｰﾌﾞ	갈만오브
a87b2b9d52	1	21	7		0	ｱﾛｰｽﾄｰﾝ	애로우스톤
c53bf6c999	1	6	6		0	ﾋﾋｲﾛｶﾈ	히히로
a38a4daaf9	1	8	8		0	ｼｮｰﾄｿｰﾄﾞ	숏소드
964af23faf	1	8	8		0	ﾛﾝｸﾞｿｰﾄﾞ	롱소드
a0dffccded	1	10	10		0	ﾍﾟｰﾊﾟｰｿｰﾄﾞ	페이퍼소드
3fd5fb0ac9	1	9	9		0	ｸﾞﾚｰﾄｿｰﾄﾞ	대검
7c769f4121	1	9	9		0	ﾊﾞｽﾀｰｿｰﾄﾞ	바스타드
95945344cf	1	8	8		0	ﾋﾞｰｽﾄｷﾗｰ	비스트킬
cdaa527dad	1	11	11		0	ﾊﾟﾗﾃﾞｨﾝｿｰﾄﾞ	팔라딘소드
2b37f99b81	1	10	10		0	ﾂｳﾞｧｲﾊﾝﾀﾞｰ	츠바이한더
11f7f04bee	1	7	7		0	ﾗｯｸｿｰﾄﾞ	럭소드
6bedffd695	1	7	7		0	ｿｳﾙｲｰﾀｰ	혼포식
cadb4aed80	1	9	9		0	ﾄﾞﾗｺﾞﾝｷﾗｰ	드래곤킬
e0e15de662	1	8	8		0	ﾀﾞｰｸｿｰﾄﾞ	다크소드
7fdcb46181	1	8	8		0	ﾎｰﾘｰｿｰﾄﾞ	홀리소드
7705e24c9c	1	12	12		0	ﾃﾞｨﾊﾞﾝﾄﾞｿｰﾄﾞ	디반드소드
55de4f5676	1	7	7		0	ﾈｸﾛﾉﾐｺﾝ	네크로
88f884590a	1	8	8		0	ﾄﾞﾘｰﾑﾎﾞｳ	꿈의활
863a81e891	1	9	9		0	ｶﾞｼﾞｪﾙﾎﾞｳ	가젤활
694af50398	1	8	8		0	ﾌﾞﾗｯｸﾎﾞｳ	검은활
91333f4c07	1	7	7		0	ｿﾘﾄﾝﾎﾞｳ	솔리톤
42b2f7ecc3	1	9	9		0	ｸﾘﾃｨｶﾙﾎﾞｳ	크리티컬
6f77f6ea94	1	8	8		0	ﾙｼﾌｧｰﾎﾞｳ	루시퍼보
40bd8a5e50	1	8	8		0	ﾎｰﾘｰｸﾗｳﾝ	홀리크라
c2f3b5c60d	1	10	10		0	ｴﾝｼﾞｪﾙﾘﾝｸﾞ	엔젤링
b7eaae0733	1	7	7		0	ﾄﾗｷｱﾍﾙﾑ	트라키
0b4c376325	1	7	7		0	ｶﾞﾘｱﾍﾙﾑ	갈리아
ddfe07ff8a	1	8	8		0	ｸﾞﾚｰﾄﾍﾙﾑ	대투구
519221bec1	1	10	10		0	ｽﾊﾟﾝｹﾞﾝﾍﾙﾑ	스팽겐헬름
578d1dedd0	1	7	7		0	ﾎｰﾘｰﾍﾙﾑ	성투구
891e0caf09	1	8	8		0	ｺｯﾄﾝｱｰﾏｰ	코튼아머
94165b4f50	1	8	8		0	ﾚｻﾞｰｱｰﾏｰ	레더아머
81be5df95a	1	7	7		0	ﾁｪｲﾝﾒｲﾙ	사슬갑
50db7dd5a9	1	8	8		0	ｽｹｰﾙｱｰﾏｰ	비늘갑옷
8f08a2d413	1	11	11		0	ﾊﾞﾝﾃﾞｯﾄﾞﾒｲﾙ	밴디드메일
ea24a04d99	1	9	9		0	ﾌﾟﾚｰﾄｱｰﾏｰ	판금갑옷
a8c888417d	1	10	10		0	ﾏｼﾞｯｸｶﾞｰﾄﾞ	매직가드
1f03af70fe	1	9	9		0	ﾄﾞﾗｺﾞﾝﾒｲﾙ	드래곤메
3586a543a6	1	7	7		0	ﾅｲﾂｱｰﾏｰ	나이트
938c03d218	1	7	7		0	ｱｰｽｱｰﾏｰ	대지갑
51a9aee33c	1	10	10		0	ｺｯﾄﾝｸﾞﾛｰﾌﾞ	코튼글러브
eac61634b7	1	10	10		0	ﾚｻﾞｰｸﾞﾛｰﾌﾞ	레더글러브
b9290d3b31	1	9	9		0	ﾒﾀﾙｸﾞﾛｰﾌﾞ	메탈글러
71ebf2c02b	1	9	9		0	ﾅｯｸﾙｶﾞｰﾄﾞ	너클가드
57a4ffe67e	1	10	10		0	ﾎｰﾘｰｸﾞﾛｰﾌﾞ	홀리글러브
81f4868fa6	1	10	10		0	ｺﾞｰﾙﾄﾞﾊﾝﾄﾞ	골드핸드
22c4d0bb23	1	9	9		0	ｳｯﾄﾞｼｰﾙﾄﾞ	우드실드
2e86392938	1	9	9		0	ﾊﾞﾄﾙｼｰﾙﾄﾞ	배틀실드
0d0ed1ad0f	1	10	10		0	ﾗｳﾝﾄﾞｼｰﾙﾄﾞ	라운드실드
53e3142fcc	1	10	10		0	ｼﾙﾊﾞｰｼｰﾙﾄﾞ	실버실드
e8307f55a4	1	8	8		0	ｱｲｽｶﾞｰﾄﾞ	아이스가
04e5fe4835	1	10	10		0	ｸﾞﾚｰﾄｼｰﾙﾄﾞ	그레잇실드
db13919aa9	1	11	11		0	ﾌﾟﾗｽﾞﾏｶﾞｰﾄﾞ	플라즈마가
4c9434ebf0	1	9	9		0	ﾎｰﾘｰｼｰﾙﾄﾞ	홀리실드
f4501b2372	1	9	9		0	ﾌｧｲｱｼｰﾙﾄﾞ	파이어실
f45b6fae78	1	10	10		0	ｱｽﾄﾗﾙｶﾞｰﾄﾞ	아스트랄가
0d130790e8	1	10	10		0	ﾌﾞﾗｯｸｼｰﾙﾄﾞ	검은방패
401b2ea08e	1	10	10		0	ﾌﾟﾗﾁﾅｼｰﾙﾄﾞ	플래티나실
421a434a4b	1	10	10		0	ﾃﾞｰﾓﾝｼｰﾙﾄﾞ	데몬실드
411d8e315f	1	9	9		0	ｱｰｸﾄﾞﾗｺﾞﾝ	아크드래
99c94f2065	1	9	8		0	ﾄﾞﾗｸﾞｰﾝ王	드래군왕
9f2fa1df54	1	8	8		0	ﾒﾆｭｰﾀｲﾌﾟ	메뉴타입
6a03565d7e	1	9	9		0	ﾌﾟﾛﾌｨﾙﾃｽﾄ	필체크
87b2ca02a5	1	2	1		0	水	수
609ec9bdb5	1	2	1		0	火	화
e58dd9cabc	1	2	1		0	風	풍
a3a97221b6	1	2	1		0	雷	뇌
344689a91a	1	2	1		0	闇	암
60554c876e	1	2	1		0	光	빛
5e106374b0	1	2	1		0	星	성
eb2d45453e	1	2	1		0	精	정
bbb1795a04	1	2	1		0	霊	영
7f99e33bd9	1	2	1		0	竜	용
a2d45003b9	1	2	1		0	弓	활
44e329db02	1	2	1		0	槍	창
adb3379587	1	2	1		0	剣	검
13ed036a1b	1	2	1		0	刀	도
903022b367	1	2	1		0	本	책
fcc15d7204	1	2	1		0	槌	망
b8cf8ac69c	1	2	1		0	無	무
8ae2900c8c	1	2	1		0	兜	투
48764cccb7	1	2	1		0	鎧	갑
e11869a347	1	2	1		0	盾	방
d1a3dfc4b7	1	2	1		0	飾	장
fd7cc6db8c	1	3	2		0	ｽ地	ｽ땅
cc470185b3	1	14	8		0	ステータス<＞>	스테이터스<＞>
177fe168c3	1	2	1		0	技	기
dad3c93c82	1	2	1		0	凍	동
8241986e39	1	2	1		0	乱	란
1c449844a9	1	2	1		0	操	조
317b2ff966	1	2	1		0	重	중
0805bd6ac7	1	2	1		0	透	투
ac97012a56	1	2	1		0	飛	비
c3c9ad4532	1	2	1		0	眠	잠
b9ee2ae0b9	1	2	1		0	大	대
225774152f	1	2	1		0	小	소
1eae3cb482	1	2	1		0	昇	승
ffbdc5cd06	1	2	1		0	低	저
2561367835	1	2	1		0	地	지
e0156ae4d4	1	2	1		0	鍵	키
2fe1e291e7	1	10	5		0	装備はずす	장비 해제
d37b6f7d9b	1	27	1		0	武	무
20eca42c93	1	27	1		0	兜	투
decf9c6199	1	27	1		0	鎧	갑
3dd47852e1	1	27	1		0	盾	방
063a7850d8	1	27	1		0	補	보
c58435a1ae	1	15	14		0	(技Lv   +   up)	(기Lv   +   up)
6f4c67c6fc	1	4	3		0	(術)	(술)
2efbbf0e84	1	4	3		0	(単)	(단)
9df033bd92	1	4	3		0	(全)	(전)
d036f15e94	1	4	3		0	(円)	(원)
e13b19fbb5	1	4	3		0	(直)	(직)
3a102022d2	1	5	4		0	(直3)	(직3)
bebec8b0b6	1	4	3		0	(自)	(자)
ca7d4a699c	1	4	3		0	(地)	(지)
91dddf37f9	1	5	4		0	(爆0)	(폭0)
2e076091d1	1	4	2		0	　小	　소
700d24c1b3	1	4	2		0	　中	　중
3404cc8b3d	1	4	2		0	　大	　대
1abb0db132	1	4	2		0	岩　	바위
2e5a4c73a4	1	4	2		0	敵　	적　
257cb194e1	1	5	5		0	ｳｨﾝﾄﾞ	윈드
c25b9404b4	1	14	7		0	ﾌﾚｲﾑｽﾛｰ	플레임스로
b8758b9be1	1	14	9		0	ｸｪｲｸｽﾀﾝﾌﾟ	퀘이크스탬프
487dbbd36b	1	14	9		0	ﾀﾞｲﾌﾞｱﾀｯｸ	다이브어택
dc2672ed06	1	14	7		0	ﾌﾚｲﾑｱﾛｰ	플레임애로우
5de912a9bf	1	14	9		0	ﾌﾞﾚｲｸｼｮｯﾄ	브레이크샷
f6adf0b4fe	1	14	9		0	ｼﾞｬｯｼﾞﾒﾝﾄ	저지먼트
540ef5b161	1	14	7		0	ﾃﾗｰﾎﾞｲｽ	테라보이스
7d4db4e1de	1	14	9		0	ｿﾆｯｸﾀﾞｲﾌﾞ	소닉다이브
ba9daaf7c5	1	6	3		0	爆裂斬	폭렬참
9d3db32873	1	14	8		0	ﾋｰﾙｽﾀﾝﾌﾟ	힐스탬프
d9669112c1	2	4	2		0	放す	놓기
ec4c153362	1	14	3		0	ｶﾞｽ	가스
0492ed5557	1	14	8		0	ﾌﾚｱｽﾄﾗｲｸ	플레어스트라잌
a151273cf1	1	14	8		0	ｱｰｽﾀﾞｲﾌﾞ	어스다이브
92dcfa791d	1	14	11		0	ｸﾞﾗﾋﾞﾃｨﾌﾟﾚｽ	그래비티프레스
f5d793b9d0	1	29	15		0	イシスのピラミッド\tボスルーム	이시스의 피라미드\t보스룸
a70591ea21	1	25	13		0	リグロード\tワールドマップ	리그로드\t월드맵
25d0495489	1	17	9		0	星陵郭\tボスルーム	세이료카쿠\t보스룸
29909536c2	1	17	9		0	試練の迷宮\tＢ１Ｆ	시련의미궁\tＢ１Ｆ
e9c64fc0fb	1	17	9		0	試練の迷宮\tＢ２Ｆ	시련의미궁\tＢ２Ｆ
80872216a9	1	17	9		0	試練の迷宮\tＢ３Ｆ	시련의미궁\tＢ３Ｆ
026a1f1060	1	17	9		0	試練の迷宮\tＢ４Ｆ	시련의미궁\tＢ４Ｆ
3a5f5a0238	1	52	26		0	本体ＲＡＭのバックアップの準備がまだできていません。	본체ＲＡＭ 백업 준비가 아직 되지 않았습니다.
9f546561d9	1	34	17		0	本体ＲＡＭの全ての記録を消します。	본체ＲＡＭ의 모든 기록을 지웁니다.
21f6354e69	1	36	18		0	初期化中です。しばらくお待ち下さい。	초기화 중입니다. 잠시 기다려 주세요.
a779dc8af8	1	119	60		0	本体ＲＡＭの全ての記録を消すことができませんでした。\nセガサターン本体の保存データ管理画面で全ての記録を消してください。	본체ＲＡＭ의 모든 기록을 지울 수 없었습니다.\n세가새턴 본체의 저장 데이터 관리 화면에서 모든 기록을 지워 주세요.
203e179131	1	36	18		0	本体ＲＡＭの全ての記録を消しました。	본체ＲＡＭ의 모든 기록을 지웠습니다.
088e4e7c63	1	106	53		0	ＬボタンまたはＲボタンを押したままリセットボタンを押すと、セガサターン本体の保存データ管理画面へ進みます。	Ｌ버튼 또는 Ｒ버튼을 누른 채 리셋 버튼을 누르면 세가새턴 본체의 저장 데이터 관리 화면으로 갑니다.
b99c6ab457	1	60	30		0	カートリッジＲＡＭのバックアップの準備がまだできていません。	카트리지ＲＡＭ 백업 준비가 아직 되지 않았습니다.
ef037b213a	1	43	22		0	カートリッジＲＡＭの\n内容が消えてしまいます	카트리지ＲＡＭ의\n내용이 지워집니다
509bcdc1c2	1	127	64		0	カートリッジＲＡＭの全ての記録を消すことができませんでした。\nセガサターン本体の保存データ管理画面で全ての記録を消してください。	카트리지ＲＡＭ의 모든 기록을 지울 수 없었습니다.\n세가새턴 본체의 저장 데이터 관리 화면에서 모든 기록을 지워 주세요.
9beef8d5e1	1	44	22		0	カートリッジＲＡＭの全ての記録を消しました。	카트리지ＲＡＭ의 모든 기록을 지웠습니다.
9773de23aa	1	94	47		0	ＬボタンまたはＲボタンを押しながら、リセットボタンを押すと、保存データ管理画面が表示されます。	Ｌ버튼 또는 Ｒ버튼을 누르면서 리셋 버튼을 누르면 저장 데이터 관리 화면이 표시됩니다.
