path	lba	size	oob
/CH/	35	2048	0
/CH/CH_A/	36	2048	0
/CH/CH_B/	37	2048	0
/CH/CH_C/	38	2048	0
/CH/CH_D/	39	2048	0
/CH/CH_E/	40	2048	0
/CH/CH_F/	41	2048	0
/CH/CH_G/	42	2048	0
/CH/CH_H/	43	2048	0
/CH/CH_I/	44	2048	0
/CH/CH_J/	45	2048	0
/CH/CH_K/	46	2048	0
/CH/CH_L/	47	2048	0
/CH/CH_M/	48	2048	0
/CH/CH_N/	49	2048	0
/CH/CH_O/	50	2048	0
/CH/CH_P/	51	2048	0
/CH/CH_Q/	52	2048	0
/CH/CH_R/	53	2048	0
/CH/CH_S/	54	2048	0
/CH/CH_T/	55	2048	0
/CH/CH_U/	56	2048	0
/CH/CH_V/	57	2048	0
/CH/CH_W/	58	2048	0
/CH/CH_X/	59	2048	0
/CH/CH_Y/	60	2048	0
/CH/CH_Z/	61	2048	0
/OMAKE/	62	2048	0
/PRF_0/	63	2048	0
/PRF_1/	64	4096	0
/TRUE/	66	2048	0
/VOICE1/	67	4096	0
/VOICE2/	69	2048	0
/VOICE3/	70	4096	0
/VOICE4/	72	4096	0
/VOICE5/	74	4096	0
/VOICE6/	76	2048	0
/WAZA/	77	2048	0
/WAZA/WAZA_001/	78	4096	0
/WAZA/WAZA_002/	80	4096	0
/WAZA/WAZA_003/	82	4096	0
/WAZA/WAZA_004/	84	2048	0
/WAZA/WAZA_005/	85	2048	0
/WAZA/WAZA_006/	86	4096	0
/WAZA/WAZA_007/	88	2048	0
/WAZA/WAZA_008/	89	2048	0
/WAZA/WAZA_009/	90	2048	0
/WAZA/WAZA_010/	91	4096	0
/WAZA/WAZA_011/	93	2048	0
/WAZA/WAZA_012/	94	2048	0
/WAZA/WAZA_013/	95	2048	0
/WAZA/WAZA_014/	96	4096	0
/WAZA/WAZA_015/	98	4096	0
/WAZA/WAZA_016/	100	4096	0
/WAZA/WAZA_017/	102	4096	0
/WAZA/WAZA_018/	104	4096	0
/WAZA/WAZA_019/	106	2048	0
/RIG2_CPY.TXT	107	62	0
/RIG2_BIB.TXT	108	21	0
/RIG2_ABS.TXT	109	36	0
/DARK2.S2D	110	5188	0
/STAFF_00.DG2	113	39462	0
/STAFF_01.DG2	133	90150	0
/STAFF_02.DG2	178	90150	0
/STAFF_03.DG2	223	90150	0
/STAFF_04.DG2	268	90150	0
/STAFF_05.DG2	313	90150	0
/STAFF_06.DG2	358	90150	0
/STAFF_07.DG2	403	90150	0
/STAFF_08.DG2	448	90150	0
/STAFF_09.DG2	493	90150	0
/STAFF_10.DG2	538	90150	0
/STAFF_11.DG2	583	90150	0
/STAFF_12.DG2	628	90150	0
/STAFF_13.DG2	673	90150	0
/STAFF_14.DG2	718	90150	0
/ST_BG_00.DG2	763	157702	0
/ST_BG_01.DG2	841	157702	0
/ST_BG_02.DG2	919	157702	0
/ST_BG_03.DG2	997	157702	0
/ST_BG_04.DG2	1075	157702	0
/ST_BG_05.DG2	1153	157702	0
/ST_BG_06.DG2	1231	157702	0
/ST_BG_07.DG2	1309	157702	0
/ST_BG_08.DG2	1387	157702	0
/ST_BG_09.DG2	1465	157702	0
/ST_BG_10.DG2	1543	157702	0
/ST_BG_11.DG2	1621	157702	0
/ST_BG_12.DG2	1699	157702	0
/ST_BG_13.DG2	1777	157702	0
/M08.WAV	1855	17287022	0
/M04.WAV	10296	7324046	0
/M05.WAV	13873	5503730	0
/M22.WAV	16561	1922078	0
/EVE_080.EVE	17500	79216	0
/M38.WAV	17539	4929386	0
/M37.WAV	19946	305248	0
/M19.WAV	20096	13946508	0
/M20.WAV	26906	11617742	0
/M41.WAV	32579	7272550	0
/M13.WAV	36131	15677348	0
/M11.WAV	43786	13840192	0
/M14.WAV	50544	19315042	0
/M21.WAV	59976	15686332	0
/M16.WAV	67636	15790380	0
/M02.WAV	75347	19980844	0
/M18.WAV	85104	17260030	0
/M17.WAV	93532	10780828	0
/M10.WAV	98797	16755378	0
/M06.WAV	106979	15339518	0
/M03.WAV	114469	16215316	0
/M01.WAV	122387	18492974	0
/CW102.FCH	131417	56456	0
/CW107.FCH	131445	59728	0
/CW104.FCH	131475	11168	0
/CW_75.FCH	131481	57760	0
/CW_71.FCH	131510	51964	0
/CW_70.FCH	131536	53096	0
/CW_69.FCH	131562	58828	0
/CW_65.FCH	131591	58768	0
/CW_64.FCH	131620	45448	0
/CW_63.FCH	131643	51580	0
/CW_61.FCH	131669	48888	0
/CW_79.FCH	131693	48168	0
/CW_78.FCH	131717	50364	0
/CW_77.FCH	131742	54984	0
/CW_76.FCH	131769	47020	0
/CW_68.FCH	131792	74080	0
/CW_67.FCH	131829	46656	0
/CW_66.FCH	131852	55952	0
/CW_93.FCH	131880	59804	0
/CW_92.FCH	131910	40256	0
/CW_85.FCH	131930	71092	0
/CW_51.FCH	131965	52416	0
/CW_50.FCH	131991	40404	0
/CW_97.FCH	132011	25680	0
/CW_84.FCH	132024	42232	0
/CW111.FCH	132045	37384	0
/CW_83.FCH	132064	42232	0
/CW_91.FCH	132085	49048	0
/CW_62.FCH	132109	63824	0
/CW_60.FCH	132141	58556	0
/CW_55.FCH	132170	39984	0
/CW_49.FCH	132190	51960	0
/CW_44.FCH	132216	42716	0
/CW_43.FCH	132237	49192	0
/CW_42.FCH	132262	64716	0
/CW_48.FCH	132294	61712	0
/CW_47.FCH	132325	49184	0
/CW_46.FCH	132350	57668	0
/CW_41.FCH	132379	50864	0
/CW_40.FCH	132404	54512	0
/CW_81.FCH	132431	51444	0
/CW_54.FCH	132457	33180	0
/CW_53.FCH	132474	82268	0
/CW_86.FCH	132515	68328	0
/CW_82.FCH	132549	42636	0
/CW_45.FCH	132570	53492	0
/CW103.FCH	132597	32128	0
/CW_87.FCH	132613	36096	0
/CW_34.FCH	132631	36244	0
/CW_90.FCH	132649	45584	0
/CW_98.FCH	132672	31036	0
/CW_80.FCH	132688	51444	0
/CW_27.FCH	132714	34576	0
/CW_25.FCH	132731	45168	0
/CW_89.FCH	132754	41512	0
/CW_37.FCH	132775	47668	0
/CW_36.FCH	132799	33708	0
/CW_88.FCH	132816	40980	0
/CW_35.FCH	132837	40356	0
/CW_33.FCH	132857	31980	0
/CW_32.FCH	132873	38008	0
/CW_30.FCH	132892	42356	0
/CW_00.FCH	132913	29136	0
/CW_28.FCH	132928	43984	0
/CW_29.FCH	132950	27472	0
/CW_26.FCH	132964	37936	0
/CW_07.FCH	132983	24100	0
/CW_08.FCH	132995	36220	0
/CW_11.FCH	133013	30416	0
/CW_12.FCH	133028	36548	0
/CW_13.FCH	133046	28156	0
/CW_22.FCH	133060	34300	0
/CW_21.FCH	133077	35528	0
/CW_20.FCH	133095	29764	0
/CW_10.FCH	133110	27076	0
/CW_31.FCH	133124	30236	0
/CW_23.FCH	133139	40272	0
/CW_06.FCH	133159	36328	0
/CW_05.FCH	133177	36896	0
/CW_04.FCH	133196	33136	0
/CW_03.FCH	133213	36460	0
/CW_02.FCH	133231	36704	0
/CW_01.FCH	133249	26852	0
/CW_24.FCH	133263	33872	0
/CW_99.FCH	133280	2836	0
/CW_95.FCH	133282	27708	0
/CW_96.FCH	133296	27708	0
/EVE_079.EVE	133310	49480	0
/EVE_036.EVE	133335	222616	0
/EVE_041.EVE	133444	117000	0
/EVE_042.EVE	133502	144504	0
/EVE_104.EVE	133573	150532	0
/EVE_069.EVE	133647	130952	0
/EVE_060.EVE	133711	128228	0
/EVE_066.EVE	133774	109688	0
/EVE_064.EVE	133828	82056	0
/EVE_065.EVE	133869	69744	0
/EVE_024.EVE	133904	8948	0
/EVE_013.EVE	133909	75408	0
/EVE_090.EVE	133946	285132	0
/EVE_063.EVE	134086	172468	0
/EVE_022.EVE	134171	7096	0
/EVE_062.EVE	134175	153828	0
/EVE_072.EVE	134251	41436	0
/EVE_046.EVE	134272	163712	0
/EVE_006.EVE	134352	59552	0
/EVE_053.EVE	134382	76384	0
/EVE_049.EVE	134420	74996	0
/EVE_048.EVE	134457	55944	0
/EVE_045.EVE	134485	32184	0
/EVE_110.EVE	134501	89848	0
/EVE_031.EVE	134545	65136	0
/EVE_043.EVE	134577	81960	0
/EVE_044.EVE	134618	93836	0
/EVE_068.EVE	134664	111988	0
/EVE_027.EVE	134719	184712	0
/EVE_028.EVE	134810	39632	0
/EVE_005.EVE	134830	100288	0
/EVE_037.EVE	134879	170044	0
/EVE_001.EVE	134963	134412	0
/EVE_026.EVE	135029	52188	0
/EVE_047.EVE	135055	137520	0
/EVE_035.EVE	135123	202900	0
/EVE_040.EVE	135223	83680	0
/EVE_095.EVE	135264	78456	0
/EVE_034.EVE	135303	226064	0
/EVE_100.EVE	135414	221436	0
/EVE_039.EVE	135523	134804	0
/EVE_070.EVE	135589	109688	0
/EVE_030.EVE	135643	133700	0
/EVE_054.EVE	135709	78568	0
/EVE_050.EVE	135748	116852	0
/EVE_101.EVE	135806	277264	0
/EVE_067.EVE	135942	109500	0
/EVE_033.EVE	135996	211016	0
/EVE_081.EVE	136100	250488	0
/EVE_015.EVE	136223	120508	0
/EVE_061.EVE	136282	117620	0
/EVE_018.EVE	136340	117128	0
/EVE_103.EVE	136398	91472	0
/EVE_019.EVE	136443	72620	0
/EVE_014.EVE	136479	63836	0
/EVE_009.EVE	136511	133852	0
/EVE_012.EVE	136577	114016	0
/EVE_011.EVE	136633	162664	0
/EVE_020.EVE	136713	101960	0
/EVE_010.EVE	136763	61864	0
/EVE_023.EVE	136794	12696	0
/EVE_021.EVE	136801	104852	0
/EVE_032.EVE	136853	213552	0
/EVE_004.EVE	136958	54420	0
/EVE_007.EVE	136985	84484	0
/EVE_002.EVE	137027	296052	0
/EVE_003.EVE	137172	163128	0
/EVE_078.EVE	137252	23972	0
/EVE_074.EVE	137264	41436	0
/EVE_073.EVE	137285	41436	0
/EVE_087.EVE	137306	43544	0
/EVE_085.EVE	137328	41436	0
/GT00.MAP	137349	236908	0
/FIR3.MAP	137465	188852	0
/FIR2.MAP	137558	232368	0
/FIR1.MAP	137672	206768	0
/FIR0.MAP	137773	191940	0
/TJ72.MAP	137867	205180	0
/KB00.MAP	137968	162324	0
/KB10.MAP	138048	177560	0
/KB20.MAP	138135	195996	0
/TJ71.MAP	138231	208604	0
/TJ70.MAP	138333	206668	0
/TJ32.MAP	138434	159220	0
/TJ31.MAP	138512	208596	0
/TJ30.MAP	138614	169112	0
/TJ61.MAP	138697	241784	0
/TJ62.MAP	138816	172044	0
/TJ20.MAP	138901	137704	0
/TJ60.MAP	138969	153000	0
/TJ21.MAP	139044	194760	0
/TJ22.MAP	139140	142008	0
/TJ51.MAP	139210	227608	0
/TJ11.MAP	139322	187752	0
/TJ41.MAP	139414	255172	0
/TJ50.MAP	139539	146992	0
/TJ40.MAP	139611	254880	0
/TJ01.MAP	139736	228628	0
/TJ10.MAP	139848	131556	0
/TJ00.MAP	139913	225760	0
/TM40.MAP	140024	125988	0
/TM30.MAP	140086	184576	0
/TM20.MAP	140177	148680	0
/TM00.MAP	140250	253584	0
/TM10.MAP	140374	146052	0
/BL50.MAP	140446	132756	0
/BL40.MAP	140511	157320	0
/BL00.MAP	140588	204480	0
/BL30.MAP	140688	115448	0
/BL20.MAP	140745	135312	0
/BL10.MAP	140812	124240	0
/CT20.MAP	140873	265940	0
/CT10.MAP	141003	287216	0
/CT00.MAP	141144	258384	0
/JG01.MAP	141271	220956	0
/QH01.MAP	141379	262188	0
/OT02.MAP	141508	278468	0
/NZ11.MAP	141644	141668	0
/KM01.MAP	141714	252868	0
/IG01.MAP	141838	254104	0
/HL11.MAP	141963	168224	0
/GM01.MAP	142046	276748	0
/CK01.MAP	142182	255800	0
/AT01.MAP	142307	259264	0
/WY01.MAP	142434	301344	0
/WC01.MAP	142582	263064	0
/WR01.MAP	142711	319460	0
/OT01.MAP	142867	274460	0
/ZM01.MAP	143002	238748	0
/KB01.MAP	143119	158108	0
/WR10.MAP	143197	291096	0
/RS01.MAP	143340	94632	0
/DG21.MAP	143387	199904	0
/MP01.MAP	143485	258200	0
/NT31.MAP	143612	233600	0
/ES01.MAP	143727	142200	0
/ES10.MAP	143797	210080	0
/WS01.MAP	143900	147460	0
/WS10.MAP	143973	215272	0
/ES00.MAP	144079	201084	0
/MK00.MAP	144178	210784	0
/WS00.MAP	144281	206888	0
/RS00.MAP	144383	91200	0
/RT30.MAP	144428	172740	0
/RT20.MAP	144513	254864	0
/RT00.MAP	144638	254136	0
/QH00.MAP	144763	278156	0
/IZ00.MAP	144899	187644	0
/ZM00.MAP	144991	250816	0
/DG10.MAP	145114	180380	0
/DG00.MAP	145203	216952	0
/IS10.MAP	145309	122336	0
/DS10.MAP	145369	196328	0
/IS00.MAP	145465	257196	0
/KR00.MAP	145591	206248	0
/DS00.MAP	145692	262460	0
/JG02.MAP	145821	231396	0
/JG10.MAP	145934	243952	0
/JG00.MAP	146054	244776	0
/ST10.MAP	146174	116224	0
/ST00.MAP	146231	262628	0
/OT10.MAP	146360	290156	0
/OT00.MAP	146502	285448	0
/AT20.MAP	146642	187852	0
/AT10.MAP	146734	203548	0
/AT00.MAP	146834	249408	0
/MP00.MAP	146956	313664	0
/KS00.MAP	147110	266548	0
/GB00.MAP	147241	287524	0
/DL00.MAP	147382	161920	0
/IP10.MAP	147462	178360	0
/IP00.MAP	147550	258032	0
/SB00.MAP	147676	219056	0
/NT21.MAP	147783	193028	0
/NT30.MAP	147878	167884	0
/NT20.MAP	147960	210972	0
/NT10.MAP	148064	224832	0
/NT00.MAP	148174	154784	0
/HL10.MAP	148250	176340	0
/HL00.MAP	148337	259380	0
/KK01.MAP	148464	201312	0
/KK00.MAP	148563	204984	0
/CK00.MAP	148664	300336	0
/OB00.MAP	148811	257764	0
/MH00.MAP	148937	307672	0
/GT20.MAP	149088	187212	0
/GT10.MAP	149180	129744	0
/KD00.MAP	149244	237200	0
/SK10.MAP	149360	162924	0
/SK00.MAP	149440	183268	0
/HY00.MAP	149530	262164	0
/KM10.MAP	149659	155524	0
/KM00.MAP	149735	277468	0
/KZ00.MAP	149871	222824	0
/GH00.MAP	149980	275736	0
/HS10.MAP	150115	312928	0
/HS00.MAP	150268	154368	0
/GM00.MAP	150344	317880	0
/IY00.MAP	150500	213396	0
/NJ10.MAP	150605	217460	0
/NJ00.MAP	150712	224544	0
/IG10.MAP	150822	266252	0
/IG00.MAP	150953	279912	0
/NZ10.MAP	151090	149112	0
/NZ00.MAP	151163	188304	0
/WR02.MAP	151255	328084	0
/WY02.MAP	151416	310112	0
/WK00.MAP	151568	140776	0
/WR00.MAP	151637	350800	0
/WC00.MAP	151809	295352	0
/SS10.MAP	151954	162096	0
/SS00.MAP	152034	162048	0
/WY00.MAP	152114	328356	0
/BOT5.MAP	152275	91928	0
/TTTT.MAP	152320	217320	0
/BOT4.MAP	152427	92420	0
/BOT3.MAP	152473	91988	0
/IXXX.MAP	152518	85912	0
/TST2.MAP	152560	240152	0
/BOOT2.MAP	152678	250540	0
/BOOT.MAP	152801	89432	0
/TEST.MAP	152845	247840	0
/PLAYER.PCH	152967	178920	0
/DG20.MAP	153055	142084	0
/BOOT3.MAP	153125	88128	0
/BOOT1.MAP	153169	88160	0
/DL10.MAP	153213	103596	0
/WAZAHELP.MSG	153264	13116	0
/ITEMHELP.MSG	153271	11728	0
/START1.P	153277	157700	0
/START2.P	153355	157700	0
/RDR_WR10.DG2	153433	4358	0
/RDR_WR00.DG2	153436	4358	0
/RDR_WY00.DG2	153439	4214	0
/BOUGU_D.P	153442	157700	0
/RINGICON.DAT	153520	142508	0
/RDR_WC00.DG2	153590	3974	0
/BUKIYA_D.P	153592	157700	0
/DOUGU_D.P	153670	157700	0
/ETC_FG_C.DAT	153748	38924	0
/IZAKAYA.P	153768	157700	0
/NOBG.DG2	153846	20486	0
/YAMATAI2.P	153857	157700	0
/YAMATAI3.P	153935	157700	0
/LEVEL_UP.P	154013	157700	0
/RDR_WK00.DG2	154091	2166	0
/NLOADB0.P	154093	52100	0
/NLOADB1.P	154119	52100	0
/NLOADC0.P	154145	52100	0
/NLOADG0.P	154171	52100	0
/DIARY.MSG	154197	13028	0
/NLOADF0.P	154204	52100	0
/NLOADF1.P	154230	52100	0
/NLOADG1.P	154256	52100	0
/NLOADH0.P	154282	52100	0
/NLOADH1.P	154308	52100	0
/NLOADI0.P	154334	52100	0
/NLOADI1.P	154360	52100	0
/NLOADJ0.P	154386	52100	0
/NLOADJ1.P	154412	52100	0
/NLOADA0.P	154438	52100	0
/NLOADA1.P	154464	52100	0
/NLOADC1.P	154490	52100	0
/NLOADD0.P	154516	52100	0
/NLOADD1.P	154542	52100	0
/NLOADE0.P	154568	52100	0
/NLOADE1.P	154594	52100	0
/YAMATAI.P	154620	157700	0
/ETC_FG_B.DAT	154698	51132	0
/ETC_FG_D.DAT	154723	50364	0
/PR_10.ADP	154748	843380	0
/PR_06.ADP	155160	829166	0
/PR_05.ADP	155565	974090	0
/PR_04.ADP	156041	948588	0
/PR_03.ADP	156505	1070270	0
/PR_02.ADP	157028	756328	0
/PR_00.ADP	157398	627772	0
/PR_13.ADP	157705	798948	0
/PR_12.ADP	158096	275700	0
/PR_11.ADP	158231	922358	0
/SHIREN.P	158682	157700	0
/TOUGI_A.P	158760	157700	0
/TOUGI_B.P	158838	157700	0
/TOUGI_C.P	158916	157700	0
/BOUGU_A.P	158994	157700	0
/BOUGU_B.P	159072	157700	0
/BOUGU_C.P	159150	157700	0
/BUKIYA_A.P	159228	157700	0
/BUKIYA_B.P	159306	157700	0
/BUKIYA_C.P	159384	157700	0
/DOUGU_A.P	159462	157700	0
/DOUGU_B.P	159540	157700	0
/DOUGU_C.P	159618	157700	0
/SAKABA_A.P	159696	157700	0
/SAKABA_B.P	159774	157700	0
/SAKABA_C.P	159852	157700	0
/MINKA_A.P	159930	157700	0
/MINKA_B.P	160008	157700	0
/MINKA_C.P	160086	157700	0
/ETC_FG_A.DAT	160164	44260	0
/NIKKI.DG2	160186	28742	0
/COMPASS.DAT	160201	4220	0
/NOWLOAD.P	160204	157700	0
/RADAR.DG2	160282	6854	0
/SE627C.ADP	160286	58894	0
/SE654.ADP	160315	170682	0
/SE653.ADP	160399	79064	0
/SE652.ADP	160438	55076	0
/SE651.ADP	160465	227556	0
/SE650.ADP	160577	139482	0
/BGM39.BGM	160646	422380	0
/BGM36.BGM	160853	378976	0
/BGM35.BGM	161039	397660	0
/BGM34.BGM	161234	434788	0
/BGM33.BGM	161447	420392	0
/BGM32.BGM	161653	438996	0
/BGM31.BGM	161868	434004	0
/BGM30.BGM	162080	441296	0
/BGM29.BGM	162296	439368	0
/BGM28.BGM	162511	422444	0
/BGM27.BGM	162718	425284	0
/BGM26.BGM	162926	432880	0
/BGM25.BGM	163138	442308	0
/BGM24.BGM	163354	441664	0
/BGM23.BGM	163570	433864	0
/SE649.ADP	163782	64572	0
/SE648.ADP	163814	22612	0
/SE647.ADP	163826	73266	0
/SE646.ADP	163862	176044	0
/SE645.ADP	163948	134762	0
/SE644.ADP	164014	122964	0
/SE643.ADP	164075	651594	0
/SE642.ADP	164394	69704	0
/SE640.ADP	164429	226294	0
/SE641.ADP	164540	32984	0
/SE639.ADP	164557	31366	0
/SE638.ADP	164573	50200	0
/SE637.ADP	164598	3544	0
/SE636.ADP	164600	5426	0
/SE635.ADP	164603	6128	0
/SE634.ADP	164606	16578	0
/SE633.ADP	164615	15532	0
/SE632S.ADP	164623	74988	0
/SE632L.ADP	164660	144252	0
/SE630.ADP	164731	4874	0
/SE629LP.ADP	164734	31644	0
/SE629.ADP	164750	385704	0
/SE628.ADP	164939	170478	0
/SE627B.ADP	165023	45858	0
/SE627A.ADP	165046	25388	0
/SE626LP.ADP	165059	18238	0
/SE626.ADP	165068	124042	0
/SE625.ADP	165129	73020	0
/SE624.ADP	165165	42648	0
/SE623.ADP	165186	36094	0
/SE622.ADP	165204	5710	0
/SE607.ADP	165207	37928	0
/SE631.ADP	165226	76346	0
/SE543.ADP	165264	47150	0
/SE554.ADP	165288	42812	0
/SE544.ADP	165309	46018	0
/CRY03.ADP	165332	21824	0
/FX96.SE	165343	18560	0
/DUCK.GRF	165353	157736	0
/LOGOMAT.GRF	165431	65576	0
/TESTMAP.BIN	165464	42	0
/SDDRVS.TSK	165465	20092	0
/BOOTSND.MAP	165475	115	0
/RIG2MNU2.OVL	165476	4616	0
/RIG2EVE.OVL	165479	59016	0
/RIG2.OVL	165508	118228	0
/RIG2MENU.OVL	165566	69316	0
/RIG2STF.OVL	165600	4790	0
/RIG2MGB.OVL	165603	9352	0
/RIG2IXX.OVL	165608	16126	0
/RIG2ETC.OVL	165616	7032	0
/RIG2OPN.OVL	165620	7504	0
/R2MDATA.OVL	165624	6497	0
/RIG2OP.DAT	165628	580884	0
/RIG2INIT.DAT	165912	360892	0
/SAVEGRF.DAT	166089	298632	0
/LOADGRF.DAT	166235	298632	0
/COMMON.DAT	166381	13508	0
/STATHELP.MAT	166388	3688	0
/KEYHELP.MAT	166390	3288	0
/ETC_FACE.DAT	166392	54460	0
/ME086002.ADP	166419	28414	0
/ME086003.ADP	166433	102088	0
/ME080000.ADP	166483	94072	0
/ME086001.ADP	166529	27770	0
/ME082000.ADP	166543	76194	0
/ME086000.ADP	166581	24936	0
/PE008001.ADP	166594	59898	0
/PE008000.ADP	166624	64490	0
/PE007002.ADP	166656	46146	0
/PE007001.ADP	166679	59898	0
/PH001002.ADP	166709	18434	0
/PH013002.ADP	166719	28420	0
/PH013001.ADP	166733	22846	0
/PH013000.ADP	166745	25308	0
/PH006000.ADP	166758	20246	0
/PH008002.ADP	166768	18528	0
/PE013002.ADP	166778	17134	0
/PE013001.ADP	166787	56364	0
/PE013000.ADP	166815	29302	0
/PE006002.ADP	166830	46146	0
/PE006001.ADP	166853	59898	0
/PE008002.ADP	166883	46146	0
/PH008001.ADP	166906	19410	0
/PH008000.ADP	166916	20246	0
/PH007002.ADP	166926	18528	0
/PH007001.ADP	166936	19410	0
/PH007000.ADP	166946	20246	0
/PH006002.ADP	166956	18528	0
/PH006001.ADP	166966	19410	0
/PH001001.ADP	166976	11982	0
/PH001000.ADP	166982	12352	0
/PE007000.ADP	166989	64490	0
/PE006000.ADP	167021	64490	0
/ME004001.ADP	167053	25400	0
/ME004000.ADP	167066	34136	0
/ME003002.ADP	167083	27258	0
/ME003001.ADP	167097	16716	0
/ME003000.ADP	167106	8450	0
/ME002002.ADP	167111	19270	0
/ME002001.ADP	167121	19968	0
/ME002000.ADP	167131	20106	0
/ME001002.ADP	167141	12304	0
/ME004002.ADP	167148	29720	0
/PE011002.ADP	167163	58360	0
/PE011001.ADP	167192	59290	0
/PE002002.ADP	167221	53890	0
/PE002001.ADP	167248	54832	0
/PE002000.ADP	167275	21824	0
/PE004002.ADP	167286	27722	0
/PE004001.ADP	167300	20478	0
/PE004000.ADP	167310	10400	0
/PE003000.ADP	167316	52924	0
/PE003002.ADP	167342	44920	0
/PE003001.ADP	167364	19132	0
/PE012002.ADP	167374	73592	0
/PE012001.ADP	167410	56358	0
/PE012000.ADP	167438	77042	0
/PE005002.ADP	167476	29010	0
/PE005001.ADP	167491	53530	0
/PE005000.ADP	167518	12304	0
/PE010002.ADP	167525	92958	0
/PE010001.ADP	167571	27026	0
/PH011002.ADP	167585	19456	0
/PH003002.ADP	167595	16438	0
/PH003001.ADP	167604	9890	0
/PH003000.ADP	167609	7614	0
/PH004000.ADP	167613	6546	0
/PH012002.ADP	167617	61240	0
/PH005002.ADP	167647	25214	0
/PH005000.ADP	167660	20850	0
/PH010002.ADP	167671	25400	0
/PH010001.ADP	167684	24228	0
/PH011001.ADP	167696	34642	0
/PH011000.ADP	167713	13234	0
/PH005001.ADP	167720	20618	0
/PH002002.ADP	167731	12834	0
/PH002001.ADP	167738	12656	0
/PH002000.ADP	167745	6576	0
/PH012001.ADP	167749	70064	0
/PH004002.ADP	167784	23358	0
/PH004001.ADP	167796	32878	0
/PE010000.ADP	167813	119042	0
/PE011000.ADP	167872	16810	0
/ME001000.ADP	167881	5666	0
/ME001001.ADP	167884	11376	0
/PH012000.ADP	167890	71132	0
/PH010000.ADP	167925	18482	0
/PE001002.ADP	167935	43884	0
/PE001001.ADP	167957	12406	0
/PE001000.ADP	167964	9962	0
/PE000002.ADP	167969	43884	0
/PE000001.ADP	167991	12406	0
/PE000000.ADP	167998	9962	0
/ME000002.ADP	168003	10818	0
/ME000001.ADP	168009	10680	0
/ME000000.ADP	168015	10168	0
/PH000002.ADP	168020	18434	0
/PH000001.ADP	168030	11982	0
/PH000000.ADP	168036	12352	0
/1_RIG2.BIN	168043	625008	0
/0_OP.BIN	168349	198240	0
/0_TPLAY.BIN	168446	237424	0
/VOICE1/545.ADP	168562	52230	0
/VOICE1/504.ADP	168588	22660	0
/VOICE1/505.ADP	168600	35890	0
/VOICE1/501.ADP	168618	42338	0
/VOICE1/549.ADP	168639	27338	0
/VOICE1/548.ADP	168653	60682	0
/VOICE1/547.ADP	168683	81720	0
/VOICE1/546.ADP	168723	34584	0
/VOICE1/544.ADP	168740	42014	0
/VOICE1/543.ADP	168761	153516	0
/VOICE1/542.ADP	168836	24784	0
/VOICE1/541.ADP	168849	180684	0
/VOICE1/540.ADP	168938	23172	0
/VOICE1/539.ADP	168950	190622	0
/VOICE1/538.ADP	169044	21222	0
/VOICE1/537.ADP	169055	41270	0
/VOICE1/536.ADP	169076	26782	0
/VOICE1/535.ADP	169090	111302	0
/VOICE1/534.ADP	169145	10772	0
/VOICE1/533.ADP	169151	159832	0
/VOICE1/532.ADP	169230	28976	0
/VOICE1/531.ADP	169245	40852	0
/VOICE1/530.ADP	169265	66210	0
/VOICE1/529.ADP	169298	50188	0
/VOICE1/528.ADP	169323	201488	0
/VOICE1/527.ADP	169422	55760	0
/VOICE1/526.ADP	169450	29058	0
/VOICE1/525.ADP	169465	124492	0
/VOICE1/524.ADP	169526	94908	0
/VOICE1/523.ADP	169573	61936	0
/VOICE1/522.ADP	169604	233672	0
/VOICE1/521.ADP	169719	161458	0
/VOICE1/520.ADP	169798	186582	0
/VOICE1/519.ADP	169890	37540	0
/VOICE1/518.ADP	169909	103546	0
/VOICE1/517.ADP	169960	27292	0
/VOICE1/516.ADP	169974	173206	0
/VOICE1/515.ADP	170059	43082	0
/VOICE1/514.ADP	170081	125560	0
/VOICE1/513.ADP	170143	147914	0
/VOICE1/512.ADP	170216	68776	0
/VOICE1/511.ADP	170250	14394	0
/VOICE1/510.ADP	170258	170572	0
/VOICE1/509.ADP	170342	146458	0
/VOICE1/508.ADP	170414	16484	0
/VOICE1/507.ADP	170423	156640	0
/VOICE1/506.ADP	170500	22474	0
/VOICE1/503.ADP	170511	163512	0
/VOICE1/502.ADP	170591	23962	0
/VOICE1/500.ADP	170603	199090	0
/VOICE2/553.ADP	170701	26456	0
/VOICE2/550.ADP	170714	54552	0
/VOICE2/552.ADP	170741	24612	0
/VOICE2/551.ADP	170754	10400	0
/VOICE2/563.ADP	170760	152820	0
/VOICE2/562.ADP	170835	134848	0
/VOICE2/561.ADP	170901	126998	0
/VOICE2/560.ADP	170964	26794	0
/VOICE2/559.ADP	170978	14302	0
/VOICE2/558.ADP	170985	83218	0
/VOICE2/556.ADP	171026	15556	0
/VOICE2/557.ADP	171034	14906	0
/VOICE2/555.ADP	171042	60312	0
/VOICE2/554.ADP	171072	60358	0
/VOICE2/574.ADP	171102	175312	0
/VOICE2/573.ADP	171188	56410	0
/VOICE2/572.ADP	171216	166380	0
/VOICE2/571.ADP	171298	56038	0
/VOICE2/570.ADP	171326	159832	0
/VOICE2/569.ADP	171405	77586	0
/VOICE2/568.ADP	171443	122494	0
/VOICE2/567.ADP	171503	26050	0
/VOICE2/566.ADP	171516	46982	0
/VOICE2/565.ADP	171539	177572	0
/VOICE2/564.ADP	171626	156720	0
/VOICE2/585.ADP	171703	25726	0
/VOICE2/584.ADP	171716	24658	0
/VOICE2/583.ADP	171729	85008	0
/VOICE2/582.ADP	171771	46472	0
/VOICE2/581.ADP	171794	27304	0
/VOICE2/580.ADP	171808	140188	0
/VOICE2/579.ADP	171877	150590	0
/VOICE2/578.ADP	171951	127278	0
/VOICE2/577.ADP	172014	109120	0
/VOICE2/576.ADP	172068	79816	0
/VOICE2/575.ADP	172107	206504	0
/VOICE2/594.ADP	172208	68160	0
/VOICE2/593.ADP	172242	102154	0
/VOICE2/592.ADP	172292	77402	0
/VOICE2/591.ADP	172330	56270	0
/VOICE2/590.ADP	172358	21964	0
/VOICE2/589.ADP	172369	148314	0
/VOICE2/588.ADP	172442	14998	0
/VOICE2/587.ADP	172450	44476	0
/VOICE2/586.ADP	172472	56132	0
/VOICE2/627A.ADP	172500	61444	0
/VOICE2/627B.ADP	172531	112364	0
/VOICE3/626A.ADP	172586	22982	0
/VOICE3/626B.ADP	172598	130586	0
/VOICE3/624B.ADP	172662	93602	0
/VOICE3/624A.ADP	172708	118224	0
/VOICE3/615.ADP	172766	78190	0
/VOICE3/611B.ADP	172805	70112	0
/VOICE3/611A.ADP	172840	95490	0
/VOICE3/637.ADP	172887	45728	0
/VOICE3/634B.ADP	172910	49630	0
/VOICE3/634A.ADP	172935	64556	0
/VOICE3/627B.ADP	172967	189832	0
/VOICE3/627A.ADP	173060	189832	0
/VOICE3/642.ADP	173153	112510	0
/VOICE3/641.ADP	173208	51766	0
/VOICE3/640.ADP	173234	80942	0
/VOICE3/639.ADP	173274	46980	0
/VOICE3/638.ADP	173297	50674	0
/VOICE3/636.ADP	173322	143300	0
/VOICE3/635.ADP	173392	84414	0
/VOICE3/634.ADP	173434	126998	0
/VOICE3/633.ADP	173497	106100	0
/VOICE3/632.ADP	173549	57572	0
/VOICE3/631.ADP	173578	73176	0
/VOICE3/630.ADP	173614	76472	0
/VOICE3/629.ADP	173652	28048	0
/VOICE3/628.ADP	173666	132478	0
/VOICE3/627.ADP	173731	189832	0
/VOICE3/626.ADP	173824	172000	0
/VOICE3/625.ADP	173908	163222	0
/VOICE3/624.ADP	173988	230374	0
/VOICE3/623.ADP	174101	22196	0
/VOICE3/622.ADP	174112	131504	0
/VOICE3/649.ADP	174177	72896	0
/VOICE3/648.ADP	174213	31982	0
/VOICE3/647.ADP	174229	45496	0
/VOICE3/646.ADP	174252	38902	0
/VOICE3/645.ADP	174271	72424	0
/VOICE3/644.ADP	174307	87942	0
/VOICE3/643.ADP	174350	60172	0
/VOICE3/621.ADP	174380	56364	0
/VOICE3/620.ADP	174408	78654	0
/VOICE3/619.ADP	174447	60822	0
/VOICE3/618.ADP	174477	134022	0
/VOICE3/617.ADP	174543	42850	0
/VOICE3/616.ADP	174564	80374	0
/VOICE3/614.ADP	174604	83066	0
/VOICE3/613.ADP	174645	119058	0
/VOICE3/611.ADP	174704	195778	0
/VOICE3/612.ADP	174800	49956	0
/VOICE3/610.ADP	174825	69600	0
/VOICE3/609.ADP	174859	153702	0
/VOICE3/608.ADP	174935	167634	0
/VOICE3/606.ADP	175017	46332	0
/VOICE3/607.ADP	175040	76890	0
/VOICE3/605.ADP	175078	161318	0
/VOICE3/604.ADP	175157	55202	0
/VOICE3/603.ADP	175184	76844	0
/VOICE3/602.ADP	175222	67324	0
/VOICE3/600.ADP	175255	38612	0
/VOICE3/601.ADP	175274	42478	0
/VOICE4/671B.ADP	175295	14162	0
/VOICE4/671A.ADP	175302	31426	0
/VOICE4/658C.ADP	175318	92926	0
/VOICE4/658B.ADP	175364	75114	0
/VOICE4/658A.ADP	175401	46844	0
/VOICE4/677.ADP	175424	50048	0
/VOICE4/656.ADP	175449	52230	0
/VOICE4/674.ADP	175475	36952	0
/VOICE4/673.ADP	175494	124956	0
/VOICE4/672.ADP	175556	26572	0
/VOICE4/671.ADP	175569	59708	0
/VOICE4/670.ADP	175599	46902	0
/VOICE4/669.ADP	175622	24692	0
/VOICE4/668.ADP	175635	101410	0
/VOICE4/667.ADP	175685	50280	0
/VOICE4/666.ADP	175710	95698	0
/VOICE4/665.ADP	175757	20292	0
/VOICE4/664.ADP	175767	76518	0
/VOICE4/663.ADP	175805	61890	0
/VOICE4/662.ADP	175836	38066	0
/VOICE4/661.ADP	175855	53810	0
/VOICE4/660.ADP	175882	26004	0
/VOICE4/659.ADP	175895	45544	0
/VOICE4/658.ADP	175918	241380	0
/VOICE4/657.ADP	176036	43048	0
/VOICE4/685.ADP	176058	46008	0
/VOICE4/655.ADP	176081	18200	0
/VOICE4/654.ADP	176090	19642	0
/VOICE4/684.ADP	176100	21314	0
/VOICE4/683.ADP	176111	56550	0
/VOICE4/682.ADP	176139	22568	0
/VOICE4/681.ADP	176151	96948	0
/VOICE4/680.ADP	176199	91100	0
/VOICE4/679.ADP	176244	170978	0
/VOICE4/678.ADP	176328	88082	0
/VOICE4/676.ADP	176372	60026	0
/VOICE4/675.ADP	176402	82092	0
/VOICE4/699.ADP	176443	42572	0
/VOICE4/698.ADP	176464	52556	0
/VOICE4/697.ADP	176490	143810	0
/VOICE4/696.ADP	176561	71410	0
/VOICE4/695.ADP	176596	98066	0
/VOICE4/694.ADP	176644	116224	0
/VOICE4/693.ADP	176701	15974	0
/VOICE4/692.ADP	176709	28592	0
/VOICE4/691.ADP	176723	47262	0
/VOICE4/690.ADP	176747	50744	0
/VOICE4/689.ADP	176772	93098	0
/VOICE4/688.ADP	176818	88268	0
/VOICE4/687.ADP	176862	119708	0
/VOICE4/686.ADP	176921	69832	0
/VOICE4/685B.ADP	176956	71596	0
/VOICE4/653.ADP	176991	108376	0
/VOICE4/652.ADP	177044	83114	0
/VOICE4/650.ADP	177085	114738	0
/VOICE4/651.ADP	177142	23728	0
/VOICE5/748.ADP	177154	103546	0
/VOICE5/747.ADP	177205	29336	0
/VOICE5/746.ADP	177220	58744	0
/VOICE5/745.ADP	177249	37648	0
/VOICE5/744.ADP	177268	63202	0
/VOICE5/743.ADP	177299	115900	0
/VOICE5/742.ADP	177356	119430	0
/VOICE5/741.ADP	177415	81442	0
/VOICE5/740.ADP	177455	79398	0
/VOICE5/739.ADP	177494	70992	0
/VOICE5/738.ADP	177529	91240	0
/VOICE5/726.ADP	177574	16206	0
/VOICE5/725.ADP	177582	24832	0
/VOICE5/724.ADP	177595	79724	0
/VOICE5/723.ADP	177634	28606	0
/VOICE5/722.ADP	177648	13790	0
/VOICE5/721.ADP	177655	29858	0
/VOICE5/720.ADP	177670	94816	0
/VOICE5/719.ADP	177717	62818	0
/VOICE5/718.ADP	177748	45450	0
/VOICE5/717.ADP	177771	52324	0
/VOICE5/749.ADP	177797	70528	0
/VOICE5/716.ADP	177832	66628	0
/VOICE5/715.ADP	177865	66998	0
/VOICE5/714.ADP	177898	73918	0
/VOICE5/713.ADP	177935	46704	0
/VOICE5/712.ADP	177958	49956	0
/VOICE5/711.ADP	177983	28838	0
/VOICE5/710.ADP	177998	63052	0
/VOICE5/709.ADP	178029	199074	0
/VOICE5/708.ADP	178127	62308	0
/VOICE5/707.ADP	178158	81766	0
/VOICE5/706.ADP	178198	62494	0
/VOICE5/705.ADP	178229	89522	0
/VOICE5/704.ADP	178273	160110	0
/VOICE5/703.ADP	178352	25064	0
/VOICE5/702.ADP	178365	72710	0
/VOICE5/700.ADP	178401	51162	0
/VOICE5/701.ADP	178426	35606	0
/VOICE5/737.ADP	178444	80512	0
/VOICE5/736.ADP	178484	69286	0
/VOICE5/735.ADP	178518	80744	0
/VOICE5/734.ADP	178558	17366	0
/VOICE5/733.ADP	178567	24146	0
/VOICE5/731.ADP	178579	92262	0
/VOICE5/732.ADP	178625	58872	0
/VOICE5/730.ADP	178654	110506	0
/VOICE5/729.ADP	178708	19364	0
/VOICE5/728.ADP	178718	32958	0
/VOICE5/727.ADP	178735	18528	0
/VOICE6/769.ADP	178745	26468	0
/VOICE6/768.ADP	178758	117664	0
/VOICE6/767.ADP	178816	85156	0
/VOICE6/766.ADP	178858	53112	0
/VOICE6/765.ADP	178884	72804	0
/VOICE6/764.ADP	178920	19688	0
/VOICE6/763.ADP	178930	14440	0
/VOICE6/762.ADP	178938	29290	0
/VOICE6/761.ADP	178953	50976	0
/VOICE6/760.ADP	178978	77030	0
/VOICE6/790.ADP	179016	12954	0
/VOICE6/759.ADP	179023	50930	0
/VOICE6/789.ADP	179048	52648	0
/VOICE6/788.ADP	179074	35558	0
/VOICE6/787.ADP	179092	35188	0
/VOICE6/786.ADP	179110	71456	0
/VOICE6/785.ADP	179145	102014	0
/VOICE6/784.ADP	179195	93794	0
/VOICE6/783.ADP	179241	60172	0
/VOICE6/782.ADP	179271	94630	0
/VOICE6/781.ADP	179318	14348	0
/VOICE6/792.ADP	179326	60776	0
/VOICE6/791.ADP	179356	13174	0
/VOICE6/758.ADP	179363	42584	0
/VOICE6/757.ADP	179384	72664	0
/VOICE6/756.ADP	179420	66952	0
/VOICE6/755.ADP	179453	39970	0
/VOICE6/754.ADP	179473	56178	0
/VOICE6/753.ADP	179501	68624	0
/VOICE6/752.ADP	179535	48284	0
/VOICE6/751.ADP	179559	55620	0
/VOICE6/750.ADP	179587	148780	0
/VOICE6/780.ADP	179660	23264	0
/VOICE6/779.ADP	179672	60822	0
/VOICE6/778.ADP	179702	124956	0
/VOICE6/777.ADP	179764	38172	0
/VOICE6/776.ADP	179783	107634	0
/VOICE6/775.ADP	179836	86840	0
/VOICE6/774.ADP	179879	59150	0
/VOICE6/773.ADP	179908	113066	0
/VOICE6/772.ADP	179964	150870	0
/VOICE6/771.ADP	180038	67788	0
/VOICE6/770.ADP	180072	115574	0
/CH/CH_A/CH_A_130.BCH	180129	65604	0
/CH/CH_A/CH_A_800.BCH	180162	61360	0
/CH/CH_A/CH_A_000.BCH	180192	50560	0
/CH/CH_A/CH_A_400.BCH	180217	77488	0
/CH/CH_A/CH_A_350.BCH	180255	73784	0
/CH/CH_A/CH_A_260.BCH	180292	55428	0
/CH/CH_A/CH_A_210.BCH	180320	48456	0
/CH/CH_A/CH_A_200.BCH	180344	62408	0
/CH/CH_A/CH_A_080.BCH	180375	116792	0
/CH/CH_A/CH_A_060.BCH	180433	77932	0
/CH/CH_A/CH_A_050.BCH	180472	102368	0
/CH/CH_A/CH_A_030.BCH	180522	62224	0
/CH/CH_B/CH_B_130.BCH	180553	59564	0
/CH/CH_B/CH_B_000.BCH	180583	54444	0
/CH/CH_B/CH_B_860.BCH	180610	102696	0
/CH/CH_B/CH_B_370.BCH	180661	56864	0
/CH/CH_B/CH_B_280.BCH	180689	55920	0
/CH/CH_B/CH_B_080.BCH	180717	132488	0
/CH/CH_B/CH_B_050.BCH	180782	106740	0
/CH/CH_B/CH_B_030.BCH	180835	61340	0
/CH/CH_C/CH_C_130.BCH	180865	67016	0
/CH/CH_C/CH_C_000.BCH	180898	50260	0
/CH/CH_C/CH_C_490.BCH	180923	57848	0
/CH/CH_C/CH_C_320.BCH	180952	52944	0
/CH/CH_C/CH_C_230.BCH	180978	58984	0
/CH/CH_C/CH_C_080.BCH	181007	109792	0
/CH/CH_C/CH_C_050.BCH	181061	132748	0
/CH/CH_C/CH_C_030.BCH	181126	65116	0
/CH/CH_D/CH_D_130.BCH	181158	59196	0
/CH/CH_D/CH_D_000.BCH	181187	50016	0
/CH/CH_D/CH_D_880.BCH	181212	76160	0
/CH/CH_D/CH_D_780.BCH	181250	55296	0
/CH/CH_D/CH_D_410.BCH	181277	134444	0
/CH/CH_D/CH_D_080.BCH	181343	130520	0
/CH/CH_D/CH_D_050.BCH	181407	100136	0
/CH/CH_E/CH_E_130.BCH	181456	78352	0
/CH/CH_E/CH_E_000.BCH	181495	55020	0
/CH/CH_E/CH_E_630.BCH	181522	70676	0
/CH/CH_E/CH_E_620.BCH	181557	75076	0
/CH/CH_E/CH_E_610.BCH	181594	77588	0
/CH/CH_E/CH_E_080.BCH	181632	140160	0
/CH/CH_E/CH_E_050.BCH	181701	100792	0
/CH/CH_E/CH_E_030.BCH	181751	59696	0
/CH/CH_F/CH_F_910.BCH	181781	59488	0
/CH/CH_F/CH_F_430.BCH	181811	89124	0
/CH/CH_F/CH_F_200.BCH	181855	55296	0
/CH/CH_F/CH_F_080.BCH	181882	93204	0
/CH/CH_F/CH_F_050.BCH	181928	105248	0
/CH/CH_F/CH_F_030.BCH	181980	55860	0
/CH/CH_G/CH_G_870.BCH	182008	39104	0
/CH/CH_G/CH_G_080.BCH	182028	111688	0
/CH/CH_G/CH_G_050.BCH	182083	103340	0
/CH/CH_G/CH_G_030.BCH	182134	48544	0
/CH/CH_H/CH_H_130.BCH	182158	82280	0
/CH/CH_H/CH_H_000.BCH	182199	50656	0
/CH/CH_H/CH_H_810.BCH	182224	65084	0
/CH/CH_H/CH_H_790.BCH	182256	55980	0
/CH/CH_H/CH_H_670.BCH	182284	61816	0
/CH/CH_H/CH_H_050.BCH	182315	95240	0
/CH/CH_H/CH_H_030.BCH	182362	61288	0
/CH/CH_I/CH_I_870.BCH	182392	55184	0
/CH/CH_I/CH_I_370.BCH	182419	66004	0
/CH/CH_I/CH_I_050.BCH	182452	84484	0
/CH/CH_I/CH_I_030.BCH	182494	68292	0
/CH/CH_J/CH_J_850.BCH	182528	85968	0
/CH/CH_J/CH_J_220.BCH	182570	51092	0
/CH/CH_J/CH_J_030.BCH	182595	60888	0
/CH/CH_K/CH_K_130.BCH	182625	98252	0
/CH/CH_K/CH_K_690.BCH	182673	99344	0
/CH/CH_K/CH_K_450.BCH	182722	103816	0
/CH/CH_K/CH_K_430.BCH	182773	84648	0
/CH/CH_K/CH_K_420.BCH	182815	112668	0
/CH/CH_K/CH_K_290.BCH	182871	71432	0
/CH/CH_K/CH_K_070.BCH	182906	68516	0
/CH/CH_K/CH_K_050.BCH	182940	93992	0
/CH/CH_K/CH_K_040.BCH	182986	50872	0
/CH/CH_K/CH_K_010.BCH	183011	84544	0
/CH/CH_L/CH_L_130.BCH	183053	74916	0
/CH/CH_L/CH_L_760.BCH	183090	72364	0
/CH/CH_L/CH_L_550.BCH	183126	62368	0
/CH/CH_L/CH_L_270.BCH	183157	62628	0
/CH/CH_L/CH_L_070.BCH	183188	50124	0
/CH/CH_L/CH_L_050.BCH	183213	90120	0
/CH/CH_L/CH_L_040.BCH	183258	55008	0
/CH/CH_L/CH_L_010.BCH	183285	74556	0
/CH/CH_M/CH_M_130.BCH	183322	70808	0
/CH/CH_M/CH_M_640.BCH	183357	55452	0
/CH/CH_M/CH_M_450.BCH	183385	80816	0
/CH/CH_M/CH_M_420.BCH	183425	79468	0
/CH/CH_M/CH_M_290.BCH	183464	48984	0
/CH/CH_M/CH_M_070.BCH	183488	49088	0
/CH/CH_M/CH_M_050.BCH	183512	102464	0
/CH/CH_M/CH_M_040.BCH	183563	64168	0
/CH/CH_M/CH_M_010.BCH	183595	67296	0
/CH/CH_M/CH_M_20Z.BCH	183628	63784	0
/CH/CH_N/CH_N_130.BCH	183660	66132	0
/CH/CH_N/CH_N_070.BCH	183693	43700	0
/CH/CH_N/CH_N_010.BCH	183715	51464	0
/CH/CH_N/CH_N_290.BCH	183741	40012	0
/CH/CH_O/CH_O_130.BCH	183761	95796	0
/CH/CH_O/CH_O_930.BCH	183808	65044	0
/CH/CH_O/CH_O_660.BCH	183840	48220	0
/CH/CH_O/CH_O_290.BCH	183864	70524	0
/CH/CH_O/CH_O_110.BCH	183899	49156	0
/CH/CH_O/CH_O_100.BCH	183924	125424	0
/CH/CH_O/CH_O_070.BCH	183986	71212	0
/CH/CH_O/CH_O_010.BCH	184021	74372	0
/CH/CH_P/CH_P_130.BCH	184058	89624	0
/CH/CH_P/CH_P_330.BCH	184102	52276	0
/CH/CH_P/CH_P_310.BCH	184128	75916	0
/CH/CH_P/CH_P_230.BCH	184166	82748	0
/CH/CH_P/CH_P_110.BCH	184207	89224	0
/CH/CH_P/CH_P_100.BCH	184251	90640	0
/CH/CH_P/CH_P_070.BCH	184296	67192	0
/CH/CH_P/CH_P_010.BCH	184329	67416	0
/CH/CH_Q/CH_Q_680.BCH	184362	79124	0
/CH/CH_Q/CH_Q_530.BCH	184401	83100	0
/CH/CH_Q/CH_Q_510.BCH	184442	53636	0
/CH/CH_Q/CH_Q_500.BCH	184469	48804	0
/CH/CH_Q/CH_Q_420.BCH	184493	110060	0
/CH/CH_Q/CH_Q_110.BCH	184547	82584	0
/CH/CH_Q/CH_Q_100.BCH	184588	78812	0
/CH/CH_Q/CH_Q_070.BCH	184627	72688	0
/CH/CH_Q/CH_Q_060.BCH	184663	72688	0
/CH/CH_Q/CH_Q_010.BCH	184699	89768	0
/CH/CH_R/CH_R_220.BCH	184743	62616	0
/CH/CH_R/CH_R_110.BCH	184774	65844	0
/CH/CH_R/CH_R_100.BCH	184807	75628	0
/CH/CH_R/CH_R_010.BCH	184844	89768	0
/CH/CH_S/CH_S_750.BCH	184888	97288	0
/CH/CH_S/CH_S_680.BCH	184936	98004	0
/CH/CH_S/CH_S_650.BCH	184984	102880	0
/CH/CH_S/CH_S_640.BCH	185035	67108	0
/CH/CH_S/CH_S_500.BCH	185068	46880	0
/CH/CH_S/CH_S_450.BCH	185091	100384	0
/CH/CH_S/CH_S_100.BCH	185141	99904	0
/CH/CH_S/CH_S_060.BCH	185190	111688	0
/CH/CH_S/CH_S_010.BCH	185245	81040	0
/CH/CH_T/CH_T_680.BCH	185285	134012	0
/CH/CH_T/CH_T_650.BCH	185351	99900	0
/CH/CH_T/CH_T_620.BCH	185400	94448	0
/CH/CH_T/CH_T_530.BCH	185447	135752	0
/CH/CH_T/CH_T_310.BCH	185514	72560	0
/CH/CH_T/CH_T_100.BCH	185550	126416	0
/CH/CH_T/CH_T_010.BCH	185612	75456	0
/CH/CH_U/CH_U_130.BCH	185649	81852	0
/CH/CH_U/CH_U_000.BCH	185689	61692	0
/CH/CH_U/CH_U_120.BCH	185720	97544	0
/CH/CH_U/CH_U_110.BCH	185768	85936	0
/CH/CH_U/CH_U_100.BCH	185810	143804	0
/CH/CH_U/CH_U_080.BCH	185881	128764	0
/CH/CH_U/CH_U_070.BCH	185944	67132	0
/CH/CH_U/CH_U_060.BCH	185977	104820	0
/CH/CH_U/CH_U_050.BCH	186029	101072	0
/CH/CH_U/CH_U_040.BCH	186079	56056	0
/CH/CH_U/CH_U_030.BCH	186107	85068	0
/CH/CH_U/CH_U_020.BCH	186149	84464	0
/CH/CH_U/CH_U_010.BCH	186191	65924	0
/CH/CH_V/CH_V_800.BCH	186224	105480	0
/CH/CH_V/CH_V_850.BCH	186276	105480	0
/CH/CH_V/CH_V_820.BCH	186328	105480	0
/CH/CH_W/CH_W_000.BCH	186380	53148	0
/CH/CH_W/CH_W_700.BCH	186406	96884	0
/CH/CH_W/CH_W_930.BCH	186454	80356	0
/CH/CH_W/CH_W_920.BCH	186494	56320	0
/CH/CH_W/CH_W_910.BCH	186522	71384	0
/CH/CH_W/CH_W_900.BCH	186557	78596	0
/CH/CH_W/CH_W_890.BCH	186596	65704	0
/CH/CH_W/CH_W_880.BCH	186629	63648	0
/CH/CH_W/CH_W_820.BCH	186661	61704	0
/CH/CH_W/CH_W_810.BCH	186692	63752	0
/CH/CH_W/CH_W_790.BCH	186724	50404	0
/CH/CH_W/CH_W_770.BCH	186749	43048	0
/CH/CH_W/CH_W_760.BCH	186771	61104	0
/CH/CH_W/CH_W_750.BCH	186801	83332	0
/CH/CH_W/CH_W_710.BCH	186842	61900	0
/CH/CH_W/CH_W_670.BCH	186873	82480	0
/CH/CH_W/CH_W_660.BCH	186914	74992	0
/CH/CH_W/CH_W_550.BCH	186951	55880	0
/CH/CH_W/CH_W_510.BCH	186979	63836	0
/CH/CH_W/CH_W_490.BCH	187011	59428	0
/CH/CH_W/CH_W_480.BCH	187041	72492	0
/CH/CH_W/CH_W_470.BCH	187077	77456	0
/CH/CH_W/CH_W_460.BCH	187115	88116	0
/CH/CH_W/CH_W_440.BCH	187159	66604	0
/CH/CH_W/CH_W_430.BCH	187192	71640	0
/CH/CH_W/CH_W_410.BCH	187227	106648	0
/CH/CH_W/CH_W_340.BCH	187280	78968	0
/CH/CH_W/CH_W_330.BCH	187319	45428	0
/CH/CH_W/CH_W_300.BCH	187342	68416	0
/CH/CH_W/CH_W_250.BCH	187376	71476	0
/CH/CH_W/CH_W_240.BCH	187411	80748	0
/CH/CH_W/CH_W_210.BCH	187451	48328	0
/CH/CH_W/CH_W_120.BCH	187475	86456	0
/CH/CH_W/CH_W_060.BCH	187518	73576	0
/CH/CH_W/CH_W_040.BCH	187554	51356	0
/CH/CH_W/CH_W_020.BCH	187580	58220	0
/CH/CH_W/CH_W_010.BCH	187609	62796	0
/CH/CH_X/CH_X_800.BCH	187640	59812	0
/CH/CH_X/CH_X_000.BCH	187670	50212	0
/CH/CH_X/CH_X_700.BCH	187695	89940	0
/CH/CH_X/CH_X_930.BCH	187739	77844	0
/CH/CH_X/CH_X_820.BCH	187778	63404	0
/CH/CH_X/CH_X_810.BCH	187809	59812	0
/CH/CH_X/CH_X_790.BCH	187839	45408	0
/CH/CH_X/CH_X_710.BCH	187862	60536	0
/CH/CH_X/CH_X_440.BCH	187892	57204	0
/CH/CH_X/CH_X_300.BCH	187920	61536	0
/CH/CH_X/CH_X_250.BCH	187951	79968	0
/CH/CH_X/CH_X_240.BCH	187991	71688	0
/CH/CH_X/CH_X_120.BCH	188027	81436	0
/CH/CH_X/CH_X_060.BCH	188067	79884	0
/CH/CH_X/CH_X_040.BCH	188107	43396	0
/CH/CH_X/CH_X_020.BCH	188129	55564	0
/CH/CH_X/CH_X_010.BCH	188157	55796	0
/CH/CH_Y/CH_Y_000.BCH	188185	46588	0
/CH/CH_Y/CH_Y_700.BCH	188208	79148	0
/CH/CH_Y/CH_Y_920.BCH	188247	63252	0
/CH/CH_Y/CH_Y_900.BCH	188278	71404	0
/CH/CH_Y/CH_Y_850.BCH	188313	87680	0
/CH/CH_Y/CH_Y_780.BCH	188356	48988	0
/CH/CH_Y/CH_Y_690.BCH	188380	88840	0
/CH/CH_Y/CH_Y_630.BCH	188424	60484	0
/CH/CH_Y/CH_Y_600.BCH	188454	85912	0
/CH/CH_Y/CH_Y_540.BCH	188496	74544	0
/CH/CH_Y/CH_Y_480.BCH	188533	51572	0
/CH/CH_Y/CH_Y_440.BCH	188559	49352	0
/CH/CH_Y/CH_Y_340.BCH	188584	59420	0
/CH/CH_Y/CH_Y_310.BCH	188614	52708	0
/CH/CH_Y/CH_Y_220.BCH	188640	64136	0
/CH/CH_Y/CH_Y_120.BCH	188672	74720	0
/CH/CH_Y/CH_Y_060.BCH	188709	93672	0
/CH/CH_Y/CH_Y_040.BCH	188755	40336	0
/CH/CH_Y/CH_Y_020.BCH	188775	59736	0
/CH/CH_Y/CH_Y_010.BCH	188805	48860	0
/CH/CH_Z/CH_Z_000.BCH	188829	58208	0
/CH/CH_Z/CH_Z_890.BCH	188858	56404	0
/CH/CH_Z/CH_Z_860.BCH	188886	114676	0
/CH/CH_Z/CH_Z_850.BCH	188942	122864	0
/CH/CH_Z/CH_Z_780.BCH	189002	65880	0
/CH/CH_Z/CH_Z_670.BCH	189035	84168	0
/CH/CH_Z/CH_Z_630.BCH	189077	71744	0
/CH/CH_Z/CH_Z_600.BCH	189113	84112	0
/CH/CH_Z/CH_Z_370.BCH	189155	77500	0
/CH/CH_Z/CH_Z_360.BCH	189193	55876	0
/CH/CH_Z/CH_Z_200.BCH	189221	78824	0
/CH/CH_Z/CH_Z_120.BCH	189260	97932	0
/CH/CH_Z/CH_Z_060.BCH	189308	73076	0
/CH/CH_Z/CH_Z_040.BCH	189344	52684	0
/CH/CH_Z/CH_Z_020.BCH	189370	66320	0
/CH/CH_Z/CH_Z_010.BCH	189403	73040	0
/WAZA/WAZA_001/MA080003.ADP	189439	14488	0
/WAZA/WAZA_001/PA001017.ADP	189447	10834	0
/WAZA/WAZA_001/MA080002.ADP	189453	8960	0
/WAZA/WAZA_001/MA081008.ADP	189458	14488	0
/WAZA/WAZA_001/PA013017.ADP	189466	15230	0
/WAZA/WAZA_001/MA063015.ADP	189474	4596	0
/WAZA/WAZA_001/PA013014.ADP	189477	18296	0
/WAZA/WAZA_001/MA028013.ADP	189486	9054	0
/WAZA/WAZA_001/PA013013.ADP	189491	10168	0
/WAZA/WAZA_001/MA078010.ADP	189496	24648	0
/WAZA/WAZA_001/PA013009.ADP	189509	9518	0
/WAZA/WAZA_001/MA079008.ADP	189514	12072	0
/WAZA/WAZA_001/PA013008.ADP	189520	15556	0
/WAZA/WAZA_001/MA049006.ADP	189528	9054	0
/WAZA/WAZA_001/PA013006.ADP	189533	15694	0
/WAZA/WAZA_001/PA013005.ADP	189541	11144	0
/WAZA/WAZA_001/MA062004.ADP	189547	11468	0
/WAZA/WAZA_001/PA013002.ADP	189553	18248	0
/WAZA/WAZA_001/PA013001.ADP	189562	11608	0
/WAZA/WAZA_001/MA026001.ADP	189568	9054	0
/WAZA/WAZA_001/PA000017.ADP	189573	18338	0
/WAZA/WAZA_001/PA000014.ADP	189582	17444	0
/WAZA/WAZA_001/PA013011.ADP	189591	17924	0
/WAZA/WAZA_001/PA000009.ADP	189600	8732	0
/WAZA/WAZA_001/PA000008.ADP	189605	14244	0
/WAZA/WAZA_001/PA000006.ADP	189612	14050	0
/WAZA/WAZA_001/PA000005.ADP	189619	9962	0
/WAZA/WAZA_001/PA013007.ADP	189624	17692	0
/WAZA/WAZA_001/PA013016.ADP	189633	15602	0
/WAZA/WAZA_001/PA013015.ADP	189641	16902	0
/WAZA/WAZA_001/PA013004.ADP	189650	18806	0
/WAZA/WAZA_001/PA013003.ADP	189660	18156	0
/WAZA/WAZA_001/PA013010.ADP	189669	15742	0
/WAZA/WAZA_001/PA000013.ADP	189677	9780	0
/WAZA/WAZA_001/PA000001.ADP	189682	11022	0
/WAZA/WAZA_001/PA000016.ADP	189688	14752	0
/WAZA/WAZA_001/PA000015.ADP	189696	13794	0
/WAZA/WAZA_001/PA000011.ADP	189703	16286	0
/WAZA/WAZA_001/PA000010.ADP	189711	16528	0
/WAZA/WAZA_001/PA000007.ADP	189720	15254	0
/WAZA/WAZA_001/PA000004.ADP	189728	16554	0
/WAZA/WAZA_001/PA000003.ADP	189737	15514	0
/WAZA/WAZA_001/PA000002.ADP	189745	16344	0
/WAZA/WAZA_001/WAZA_015.WAZ	189753	126924	0
/WAZA/WAZA_001/WAZA_016.WAZ	189815	94228	0
/WAZA/WAZA_001/WAZA_014.WAZ	189862	77584	0
/WAZA/WAZA_001/WAZA_013.WAZ	189900	122292	0
/WAZA/WAZA_001/WAZA_010.WAZ	189960	75280	0
/WAZA/WAZA_001/WAZA_009.WAZ	189997	71940	0
/WAZA/WAZA_001/WAZA_011.WAZ	190033	129664	0
/WAZA/WAZA_001/WAZA_007.WAZ	190097	63572	0
/WAZA/WAZA_001/WAZA_003.WAZ	190129	16580	0
/WAZA/WAZA_001/WAZA_017.WAZ	190138	64856	0
/WAZA/WAZA_001/WAZA_008.WAZ	190170	69304	0
/WAZA/WAZA_001/WAZA_006.WAZ	190204	12668	0
/WAZA/WAZA_001/WAZA_005.WAZ	190211	9048	0
/WAZA/WAZA_001/WAZA_004.WAZ	190216	71096	0
/WAZA/WAZA_001/WAZA_002.WAZ	190251	17764	0
/WAZA/WAZA_001/WAZA_001.WAZ	190260	14144	0
/WAZA/WAZA_001/WAZA_000.WAZ	190267	8612	0
/WAZA/WAZA_001/MA001001.ADP	190272	8154	0
/WAZA/WAZA_001/MA001002.ADP	190276	8914	0
/WAZA/WAZA_001/MA000002.ADP	190281	8734	0
/WAZA/WAZA_001/MA000004.ADP	190286	8220	0
/WAZA/WAZA_001/MA000003.ADP	190291	11294	0
/WAZA/WAZA_001/MA000001.ADP	190297	12062	0
/WAZA/WAZA_001/WAZA_012.WAZ	190303	8612	0
/WAZA/WAZA_002/MA086030.ADP	190308	42212	0
/WAZA/WAZA_002/MA086029.ADP	190329	42212	0
/WAZA/WAZA_002/MA085031.ADP	190350	12072	0
/WAZA/WAZA_002/MA087025.ADP	190356	6964	0
/WAZA/WAZA_002/MA087022.ADP	190360	9054	0
/WAZA/WAZA_002/MA037032.ADP	190365	4456	0
/WAZA/WAZA_002/MA022031.ADP	190368	9054	0
/WAZA/WAZA_002/PA003028.ADP	190373	17042	0
/WAZA/WAZA_002/MA020027.ADP	190382	6778	0
/WAZA/WAZA_002/PA003027.ADP	190386	12862	0
/WAZA/WAZA_002/MA067026.ADP	190393	14720	0
/WAZA/WAZA_002/PA003026.ADP	190401	18064	0
/WAZA/WAZA_002/PA003025.ADP	190410	15694	0
/WAZA/WAZA_002/PA003023.ADP	190418	18528	0
/WAZA/WAZA_002/MA023023.ADP	190428	11468	0
/WAZA/WAZA_002/MA037022.ADP	190434	6778	0
/WAZA/WAZA_002/PA003021.ADP	190438	12862	0
/WAZA/WAZA_002/MA020019.ADP	190445	5664	0
/WAZA/WAZA_002/MA021018.ADP	190448	6964	0
/WAZA/WAZA_002/PA003018.ADP	190452	10400	0
/WAZA/WAZA_002/PA003035.ADP	190458	16344	0
/WAZA/WAZA_002/PA003033.ADP	190466	15556	0
/WAZA/WAZA_002/PA003032.ADP	190474	16112	0
/WAZA/WAZA_002/PA003031.ADP	190482	15276	0
/WAZA/WAZA_002/PA003030.ADP	190490	15602	0
/WAZA/WAZA_002/PA003029.ADP	190498	16298	0
/WAZA/WAZA_002/PA003024.ADP	190506	16020	0
/WAZA/WAZA_002/PA003022.ADP	190514	17924	0
/WAZA/WAZA_002/PA003020.ADP	190523	17088	0
/WAZA/WAZA_002/PA003019.ADP	190532	12722	0
/WAZA/WAZA_002/WAZA_032.WAZ	190539	60860	0
/WAZA/WAZA_002/WAZA_023.WAZ	190569	9048	0
/WAZA/WAZA_002/WAZA_029.WAZ	190574	78088	0
/WAZA/WAZA_002/WAZA_028.WAZ	190613	12204	0
/WAZA/WAZA_002/WAZA_025.WAZ	190619	126736	0
/WAZA/WAZA_002/WAZA_024.WAZ	190681	172784	0
/WAZA/WAZA_002/WAZA_022.WAZ	190766	47776	0
/WAZA/WAZA_002/WAZA_021.WAZ	190790	43144	0
/WAZA/WAZA_002/WAZA_027.WAZ	190812	71480	0
/WAZA/WAZA_002/WAZA_018.WAZ	190847	10172	0
/WAZA/WAZA_002/WAZA_026.WAZ	190852	69304	0
/WAZA/WAZA_002/WAZA_033.WAZ	190886	113932	0
/WAZA/WAZA_002/WAZA_030.WAZ	190942	26400	0
/WAZA/WAZA_002/WAZA_020.WAZ	190955	67208	0
/WAZA/WAZA_002/WAZA_035.WAZ	190988	97300	0
/WAZA/WAZA_002/WAZA_031.WAZ	191036	46592	0
/WAZA/WAZA_002/WAZA_019.WAZ	191059	5428	0
/WAZA/WAZA_002/WAZA_034.WAZ	191062	8612	0
/WAZA/WAZA_003/MA029039.ADP	191067	12072	0
/WAZA/WAZA_003/PA013041.ADP	191073	6470	0
/WAZA/WAZA_003/PA007041.ADP	191077	14394	0
/WAZA/WAZA_003/PA007040.ADP	191085	10400	0
/WAZA/WAZA_003/PA013040.ADP	191091	11468	0
/WAZA/WAZA_003/MA029040.ADP	191097	13466	0
/WAZA/WAZA_003/PA007039.ADP	191104	14394	0
/WAZA/WAZA_003/PA013039.ADP	191112	15974	0
/WAZA/WAZA_003/PA007038.ADP	191120	12460	0
/WAZA/WAZA_003/PA013038.ADP	191127	16948	0
/WAZA/WAZA_003/MA042038.ADP	191136	6964	0
/WAZA/WAZA_003/PA013050.ADP	191140	16020	0
/WAZA/WAZA_003/PA007050.ADP	191148	10400	0
/WAZA/WAZA_003/PA013047.ADP	191154	17738	0
/WAZA/WAZA_003/PA007047.ADP	191163	14394	0
/WAZA/WAZA_003/PA013046.ADP	191171	17738	0
/WAZA/WAZA_003/MA064043.ADP	191180	14720	0
/WAZA/WAZA_003/PA007037.ADP	191188	10400	0
/WAZA/WAZA_003/PA013037.ADP	191194	6470	0
/WAZA/WAZA_003/PA013036.ADP	191198	8126	0
/WAZA/WAZA_003/MA042036.ADP	191202	10448	0
/WAZA/WAZA_003/MA029036.ADP	191208	14720	0
/WAZA/WAZA_003/MA045036.ADP	191216	18202	0
/WAZA/WAZA_003/PA007036.ADP	191225	10400	0
/WAZA/WAZA_003/PA007046.ADP	191231	12460	0
/WAZA/WAZA_003/PA013045.ADP	191238	16530	0
/WAZA/WAZA_003/PA007045.ADP	191247	10400	0
/WAZA/WAZA_003/PA013044.ADP	191253	16902	0
/WAZA/WAZA_003/PA007044.ADP	191262	14394	0
/WAZA/WAZA_003/PA013043.ADP	191270	18202	0
/WAZA/WAZA_003/PA007043.ADP	191279	12460	0
/WAZA/WAZA_003/PA013042.ADP	191286	15462	0
/WAZA/WAZA_003/MA045042.ADP	191294	27676	0
/WAZA/WAZA_003/PA007042.ADP	191308	10400	0
/WAZA/WAZA_003/WAZA_048.WAZ	191314	37384	0
/WAZA/WAZA_003/WAZA_041.WAZ	191333	35524	0
/WAZA/WAZA_003/WAZA_047.WAZ	191351	173100	0
/WAZA/WAZA_003/WAZA_045.WAZ	191436	74448	0
/WAZA/WAZA_003/WAZA_043.WAZ	191473	112716	0
/WAZA/WAZA_003/WAZA_039.WAZ	191529	130832	0
/WAZA/WAZA_003/WAZA_038.WAZ	191593	34128	0
/WAZA/WAZA_003/WAZA_046.WAZ	191610	167404	0
/WAZA/WAZA_003/WAZA_050.WAZ	191692	151612	0
/WAZA/WAZA_003/WAZA_044.WAZ	191767	42092	0
/WAZA/WAZA_003/WAZA_040.WAZ	191788	20704	0
/WAZA/WAZA_003/WAZA_037.WAZ	191799	31536	0
/WAZA/WAZA_003/WAZA_036.WAZ	191815	48360	0
/WAZA/WAZA_003/WAZA_042.WAZ	191839	87624	0
/WAZA/WAZA_003/WAZA_049.WAZ	191882	8612	0
/WAZA/WAZA_004/MA065055.ADP	191887	26284	0
/WAZA/WAZA_004/PA001060.ADP	191900	12118	0
/WAZA/WAZA_004/MA045060.ADP	191906	27676	0
/WAZA/WAZA_004/MA065060.ADP	191920	18202	0
/WAZA/WAZA_004/PA001059.ADP	191929	7408	0
/WAZA/WAZA_004/MA050059.ADP	191933	6964	0
/WAZA/WAZA_004/PA001058.ADP	191937	10834	0
/WAZA/WAZA_004/PA001057.ADP	191943	12118	0
/WAZA/WAZA_004/PA001056.ADP	191949	7408	0
/WAZA/WAZA_004/PA001055.ADP	191953	10834	0
/WAZA/WAZA_004/MA031055.ADP	191959	13466	0
/WAZA/WAZA_004/PA001067.ADP	191966	12118	0
/WAZA/WAZA_004/PA001065.ADP	191972	7408	0
/WAZA/WAZA_004/PA001064.ADP	191976	10834	0
/WAZA/WAZA_004/MA064064.ADP	191982	13466	0
/WAZA/WAZA_004/PA001063.ADP	191989	12118	0
/WAZA/WAZA_004/PA001062.ADP	191995	7408	0
/WAZA/WAZA_004/PA001061.ADP	191999	10834	0
/WAZA/WAZA_004/MA075061.ADP	192005	27676	0
/WAZA/WAZA_004/PA001054.ADP	192019	12118	0
/WAZA/WAZA_004/PA001053.ADP	192025	7408	0
/WAZA/WAZA_004/PA001052.ADP	192029	10834	0
/WAZA/WAZA_004/PA001051.ADP	192035	13318	0
/WAZA/WAZA_004/WAZA_066.WAZ	192042	32360	0
/WAZA/WAZA_004/WAZA_051.WAZ	192058	32360	0
/WAZA/WAZA_004/WAZA_067.WAZ	192074	128996	0
/WAZA/WAZA_004/WAZA_053.WAZ	192137	39724	0
/WAZA/WAZA_004/WAZA_063.WAZ	192157	45572	0
/WAZA/WAZA_004/WAZA_064.WAZ	192180	53700	0
/WAZA/WAZA_004/WAZA_065.WAZ	192207	159424	0
/WAZA/WAZA_004/WAZA_062.WAZ	192285	145720	0
/WAZA/WAZA_004/WAZA_052.WAZ	192357	42540	0
/WAZA/WAZA_004/WAZA_058.WAZ	192378	35524	0
/WAZA/WAZA_004/WAZA_057.WAZ	192396	20704	0
/WAZA/WAZA_004/WAZA_061.WAZ	192407	71036	0
/WAZA/WAZA_004/WAZA_055.WAZ	192442	15968	0
/WAZA/WAZA_004/WAZA_060.WAZ	192450	98160	0
/WAZA/WAZA_004/WAZA_059.WAZ	192498	69248	0
/WAZA/WAZA_004/WAZA_056.WAZ	192532	92588	0
/WAZA/WAZA_004/WAZA_054.WAZ	192578	101700	0
/WAZA/WAZA_005/MA088071.ADP	192628	12072	0
/WAZA/WAZA_005/PA005075.ADP	192634	33296	0
/WAZA/WAZA_005/PA005074.ADP	192651	41736	0
/WAZA/WAZA_005/PA005073.ADP	192672	43128	0
/WAZA/WAZA_005/PA005072.ADP	192694	14256	0
/WAZA/WAZA_005/PA005071.ADP	192701	31634	0
/WAZA/WAZA_005/PA005070.ADP	192717	13420	0
/WAZA/WAZA_005/PA005069.ADP	192724	19782	0
/WAZA/WAZA_005/PA005068.ADP	192734	14674	0
/WAZA/WAZA_005/PA005081.ADP	192742	33110	0
/WAZA/WAZA_005/PA005079.ADP	192759	61810	0
/WAZA/WAZA_005/PA005078.ADP	192790	29184	0
/WAZA/WAZA_005/PA005077.ADP	192805	31716	0
/WAZA/WAZA_005/PA005076.ADP	192821	25168	0
/WAZA/WAZA_005/WAZA_074.WAZ	192834	31444	0
/WAZA/WAZA_005/WAZA_073.WAZ	192850	35300	0
/WAZA/WAZA_005/WAZA_072.WAZ	192868	35300	0
/WAZA/WAZA_005/WAZA_071.WAZ	192886	35300	0
/WAZA/WAZA_005/WAZA_076.WAZ	192904	46360	0
/WAZA/WAZA_005/WAZA_075.WAZ	192927	58488	0
/WAZA/WAZA_005/WAZA_078.WAZ	192956	39188	0
/WAZA/WAZA_005/WAZA_077.WAZ	192976	39188	0
/WAZA/WAZA_005/WAZA_081.WAZ	192996	34988	0
/WAZA/WAZA_005/WAZA_079.WAZ	193014	58488	0
/WAZA/WAZA_005/WAZA_069.WAZ	193043	32932	0
/WAZA/WAZA_005/WAZA_068.WAZ	193060	32932	0
/WAZA/WAZA_005/WAZA_070.WAZ	193077	32932	0
/WAZA/WAZA_005/WAZA_080.WAZ	193094	8612	0
/WAZA/WAZA_006/MA076093.ADP	193099	12072	0
/WAZA/WAZA_006/MA069089.ADP	193105	11468	0
/WAZA/WAZA_006/MA055088.ADP	193111	6964	0
/WAZA/WAZA_006/MA043086.ADP	193115	14720	0
/WAZA/WAZA_006/MA027084.ADP	193123	7800	0
/WAZA/WAZA_006/PA004083.ADP	193127	27072	0
/WAZA/WAZA_006/PA005083.ADP	193141	24008	0
/WAZA/WAZA_006/PA004082.ADP	193153	24750	0
/WAZA/WAZA_006/PA005082.ADP	193166	23496	0
/WAZA/WAZA_006/PA005092.ADP	193178	22058	0
/WAZA/WAZA_006/PA004092.ADP	193189	27398	0
/WAZA/WAZA_006/PA005091.ADP	193203	22614	0
/WAZA/WAZA_006/PA004091.ADP	193215	27490	0
/WAZA/WAZA_006/PA004090.ADP	193229	26236	0
/WAZA/WAZA_006/PA005090.ADP	193242	19736	0
/WAZA/WAZA_006/PA004089.ADP	193252	24796	0
/WAZA/WAZA_006/PA005089.ADP	193265	18248	0
/WAZA/WAZA_006/PA004088.ADP	193274	25586	0
/WAZA/WAZA_006/PA005088.ADP	193287	17414	0
/WAZA/WAZA_006/PA004087.ADP	193296	26516	0
/WAZA/WAZA_006/PA005087.ADP	193309	18852	0
/WAZA/WAZA_006/PA004086.ADP	193319	30510	0
/WAZA/WAZA_006/PA005086.ADP	193334	21128	0
/WAZA/WAZA_006/PA004085.ADP	193345	32832	0
/WAZA/WAZA_006/PA005085.ADP	193362	22708	0
/WAZA/WAZA_006/PA004084.ADP	193374	24472	0
/WAZA/WAZA_006/PA005084.ADP	193386	17738	0
/WAZA/WAZA_006/PA005095.ADP	193395	20570	0
/WAZA/WAZA_006/PA004095.ADP	193406	24890	0
/WAZA/WAZA_006/PA005093.ADP	193419	20756	0
/WAZA/WAZA_006/PA004093.ADP	193430	26376	0
/WAZA/WAZA_006/WAZA_089.WAZ	193443	12932	0
/WAZA/WAZA_006/WAZA_088.WAZ	193450	12932	0
/WAZA/WAZA_006/WAZA_087.WAZ	193457	106228	0
/WAZA/WAZA_006/WAZA_085.WAZ	193509	13660	0
/WAZA/WAZA_006/WAZA_095.WAZ	193516	12932	0
/WAZA/WAZA_006/WAZA_084.WAZ	193523	52704	0
/WAZA/WAZA_006/WAZA_083.WAZ	193549	81780	0
/WAZA/WAZA_006/WAZA_082.WAZ	193589	12932	0
/WAZA/WAZA_006/WAZA_093.WAZ	193596	151332	0
/WAZA/WAZA_006/WAZA_092.WAZ	193670	169816	0
/WAZA/WAZA_006/WAZA_091.WAZ	193753	125096	0
/WAZA/WAZA_006/WAZA_090.WAZ	193815	172868	0
/WAZA/WAZA_006/WAZA_086.WAZ	193900	175556	0
/WAZA/WAZA_006/WAZA_094.WAZ	193986	8612	0
/WAZA/WAZA_007/MA068106.ADP	193991	7800	0
/WAZA/WAZA_007/MA053105.ADP	193995	10448	0
/WAZA/WAZA_007/MA062104.ADP	194001	7800	0
/WAZA/WAZA_007/PA010103.ADP	194005	17296	0
/WAZA/WAZA_007/MA053100.ADP	194014	7800	0
/WAZA/WAZA_007/MA068100.ADP	194018	10448	0
/WAZA/WAZA_007/MA068097.ADP	194024	9054	0
/WAZA/WAZA_007/PA010096.ADP	194029	17506	0
/WAZA/WAZA_007/PA010111.ADP	194038	17692	0
/WAZA/WAZA_007/PA010109.ADP	194047	22242	0
/WAZA/WAZA_007/PA010108.ADP	194058	20756	0
/WAZA/WAZA_007/PA010107.ADP	194069	19596	0
/WAZA/WAZA_007/PA010106.ADP	194079	20246	0
/WAZA/WAZA_007/PA010105.ADP	194089	19550	0
/WAZA/WAZA_007/PA010104.ADP	194099	17970	0
/WAZA/WAZA_007/PA010102.ADP	194108	16610	0
/WAZA/WAZA_007/PA010101.ADP	194117	16716	0
/WAZA/WAZA_007/PA010100.ADP	194126	15788	0
/WAZA/WAZA_007/PA010099.ADP	194134	13372	0
/WAZA/WAZA_007/PA010098.ADP	194141	16578	0
/WAZA/WAZA_007/PA010097.ADP	194150	15834	0
/WAZA/WAZA_007/WAZA_111.WAZ	194158	92156	0
/WAZA/WAZA_007/WAZA_105.WAZ	194203	93336	0
/WAZA/WAZA_007/WAZA_101.WAZ	194249	80492	0
/WAZA/WAZA_007/WAZA_100.WAZ	194289	78448	0
/WAZA/WAZA_007/WAZA_109.WAZ	194328	73008	0
/WAZA/WAZA_007/WAZA_097.WAZ	194364	88264	0
/WAZA/WAZA_007/WAZA_108.WAZ	194408	87884	0
/WAZA/WAZA_007/WAZA_107.WAZ	194451	115068	0
/WAZA/WAZA_007/WAZA_106.WAZ	194508	123764	0
/WAZA/WAZA_007/WAZA_104.WAZ	194569	107092	0
/WAZA/WAZA_007/WAZA_103.WAZ	194622	104124	0
/WAZA/WAZA_007/WAZA_102.WAZ	194673	51316	0
/WAZA/WAZA_007/WAZA_099.WAZ	194699	29776	0
/WAZA/WAZA_007/WAZA_098.WAZ	194714	80492	0
/WAZA/WAZA_007/WAZA_096.WAZ	194754	10248	0
/WAZA/WAZA_007/WAZA_110.WAZ	194760	8612	0
/WAZA/WAZA_008/MA091119.ADP	194765	13420	0
/WAZA/WAZA_008/PA008122.ADP	194772	12460	0
/WAZA/WAZA_008/MA035122.ADP	194779	13420	0
/WAZA/WAZA_008/PA008121.ADP	194786	10400	0
/WAZA/WAZA_008/MA040121.ADP	194792	12072	0
/WAZA/WAZA_008/PA008120.ADP	194798	14394	0
/WAZA/WAZA_008/PA008119.ADP	194806	12460	0
/WAZA/WAZA_008/PA008118.ADP	194813	10400	0
/WAZA/WAZA_008/MA043118.ADP	194819	12072	0
/WAZA/WAZA_008/PA008117.ADP	194825	14394	0
/WAZA/WAZA_008/MA061117.ADP	194833	13420	0
/WAZA/WAZA_008/PA008126.ADP	194840	14394	0
/WAZA/WAZA_008/PA008124.ADP	194848	10400	0
/WAZA/WAZA_008/PA008123.ADP	194854	14394	0
/WAZA/WAZA_008/PA008116.ADP	194862	12460	0
/WAZA/WAZA_008/MA041116.ADP	194869	18202	0
/WAZA/WAZA_008/PA008115.ADP	194878	10400	0
/WAZA/WAZA_008/PA008114.ADP	194884	14394	0
/WAZA/WAZA_008/MA032113.ADP	194892	13420	0
/WAZA/WAZA_008/PA008113.ADP	194899	12460	0
/WAZA/WAZA_008/PA008112.ADP	194906	10400	0
/WAZA/WAZA_008/WAZA_125.WAZ	194912	47272	0
/WAZA/WAZA_008/WAZA_116.WAZ	194936	25520	0
/WAZA/WAZA_008/WAZA_124.WAZ	194949	174560	0
/WAZA/WAZA_008/WAZA_123.WAZ	195035	90556	0
/WAZA/WAZA_008/WAZA_120.WAZ	195080	85928	0
/WAZA/WAZA_008/WAZA_115.WAZ	195122	101040	0
/WAZA/WAZA_008/WAZA_126.WAZ	195172	42172	0
/WAZA/WAZA_008/WAZA_121.WAZ	195193	46396	0
/WAZA/WAZA_008/WAZA_122.WAZ	195216	48540	0
/WAZA/WAZA_008/WAZA_119.WAZ	195240	104424	0
/WAZA/WAZA_008/WAZA_118.WAZ	195291	93292	0
/WAZA/WAZA_008/WAZA_117.WAZ	195337	89584	0
/WAZA/WAZA_008/WAZA_114.WAZ	195381	30356	0
/WAZA/WAZA_008/WAZA_113.WAZ	195396	48540	0
/WAZA/WAZA_008/WAZA_112.WAZ	195420	46396	0
/WAZA/WAZA_009/MA093127.ADP	195443	14720	0
/WAZA/WAZA_009/MA031137.ADP	195451	12072	0
/WAZA/WAZA_009/MA033136.ADP	195457	14720	0
/WAZA/WAZA_009/MA023136.ADP	195465	10448	0
/WAZA/WAZA_009/MA022133.ADP	195471	11468	0
/WAZA/WAZA_009/MA042131.ADP	195477	11468	0
/WAZA/WAZA_009/MA051130.ADP	195483	13420	0
/WAZA/WAZA_009/MA050129.ADP	195490	10448	0
/WAZA/WAZA_009/MA066127.ADP	195496	13420	0
/WAZA/WAZA_009/PA011140.ADP	195503	24518	0
/WAZA/WAZA_009/PA011138.ADP	195515	19596	0
/WAZA/WAZA_009/PA011137.ADP	195525	24008	0
/WAZA/WAZA_009/PA011136.ADP	195537	20664	0
/WAZA/WAZA_009/PA011135.ADP	195548	18620	0
/WAZA/WAZA_009/PA011134.ADP	195558	20432	0
/WAZA/WAZA_009/PA011133.ADP	195568	19132	0
/WAZA/WAZA_009/PA011132.ADP	195578	14766	0
/WAZA/WAZA_009/PA011131.ADP	195586	29208	0
/WAZA/WAZA_009/PA011130.ADP	195601	23358	0
/WAZA/WAZA_009/PA011129.ADP	195613	18342	0
/WAZA/WAZA_009/PA011128.ADP	195622	23496	0
/WAZA/WAZA_009/PA011127.ADP	195634	26886	0
/WAZA/WAZA_009/WAZA_133.WAZ	195648	155848	0
/WAZA/WAZA_009/WAZA_128.WAZ	195725	189336	0
/WAZA/WAZA_009/WAZA_127.WAZ	195818	81248	0
/WAZA/WAZA_009/WAZA_140.WAZ	195858	103048	0
/WAZA/WAZA_009/WAZA_138.WAZ	195909	122948	0
/WAZA/WAZA_009/WAZA_137.WAZ	195970	170796	0
/WAZA/WAZA_009/WAZA_136.WAZ	196054	101096	0
/WAZA/WAZA_009/WAZA_135.WAZ	196104	84224	0
/WAZA/WAZA_009/WAZA_134.WAZ	196146	101760	0
/WAZA/WAZA_009/WAZA_132.WAZ	196196	77308	0
/WAZA/WAZA_009/WAZA_131.WAZ	196234	74756	0
/WAZA/WAZA_009/WAZA_130.WAZ	196271	69044	0
/WAZA/WAZA_009/WAZA_129.WAZ	196305	147516	0
/WAZA/WAZA_009/WAZA_139.WAZ	196378	8612	0
/WAZA/WAZA_010/MA089148.ADP	196383	18016	0
/WAZA/WAZA_010/MA088148.ADP	196392	13466	0
/WAZA/WAZA_010/MA082153.ADP	196399	10912	0
/WAZA/WAZA_010/MA089151.ADP	196405	14720	0
/WAZA/WAZA_010/PA006156.ADP	196413	14394	0
/WAZA/WAZA_010/MA036154.ADP	196421	21824	0
/WAZA/WAZA_010/MA046153.ADP	196432	18016	0
/WAZA/WAZA_010/MA063152.ADP	196441	5664	0
/WAZA/WAZA_010/MA060151.ADP	196444	12072	0
/WAZA/WAZA_010/MA030150.ADP	196450	18016	0
/WAZA/WAZA_010/PA006148.ADP	196459	14488	0
/WAZA/WAZA_010/MA030148.ADP	196467	13420	0
/WAZA/WAZA_010/PA006147.ADP	196474	10400	0
/WAZA/WAZA_010/MA049147.ADP	196480	11468	0
/WAZA/WAZA_010/PA006146.ADP	196486	16624	0
/WAZA/WAZA_010/MA063145.ADP	196495	6778	0
/WAZA/WAZA_010/PA006145.ADP	196499	14720	0
/WAZA/WAZA_010/MA046144.ADP	196507	13466	0
/WAZA/WAZA_010/PA006144.ADP	196514	10726	0
/WAZA/WAZA_010/MA060143.ADP	196520	18016	0
/WAZA/WAZA_010/PA006154.ADP	196529	12770	0
/WAZA/WAZA_010/PA006153.ADP	196536	15880	0
/WAZA/WAZA_010/PA006152.ADP	196544	15694	0
/WAZA/WAZA_010/PA006151.ADP	196552	17274	0
/WAZA/WAZA_010/PA006150.ADP	196561	14348	0
/WAZA/WAZA_010/PA006149.ADP	196569	17646	0
/WAZA/WAZA_010/PA006143.ADP	196578	15044	0
/WAZA/WAZA_010/PA006142.ADP	196586	14858	0
/WAZA/WAZA_010/PA006141.ADP	196594	14736	0
/WAZA/WAZA_010/WAZA_142.WAZ	196602	47272	0
/WAZA/WAZA_010/WAZA_141.WAZ	196626	37384	0
/WAZA/WAZA_010/WAZA_146.WAZ	196645	86964	0
/WAZA/WAZA_010/WAZA_145.WAZ	196688	86980	0
/WAZA/WAZA_010/WAZA_144.WAZ	196731	112184	0
/WAZA/WAZA_010/WAZA_143.WAZ	196786	74668	0
/WAZA/WAZA_010/WAZA_156.WAZ	196823	116700	0
/WAZA/WAZA_010/WAZA_154.WAZ	196880	186500	0
/WAZA/WAZA_010/WAZA_152.WAZ	196972	96544	0
/WAZA/WAZA_010/WAZA_151.WAZ	197020	143092	0
/WAZA/WAZA_010/WAZA_150.WAZ	197090	52944	0
/WAZA/WAZA_010/WAZA_149.WAZ	197116	94988	0
/WAZA/WAZA_010/WAZA_148.WAZ	197163	85152	0
/WAZA/WAZA_010/WAZA_147.WAZ	197205	43112	0
/WAZA/WAZA_010/WAZA_153.WAZ	197227	142888	0
/WAZA/WAZA_010/WAZA_155.WAZ	197297	8612	0
/WAZA/WAZA_011/MA088158.ADP	197302	13466	0
/WAZA/WAZA_011/MA080158.ADP	197309	14488	0
/WAZA/WAZA_011/WAZA_160.WAZ	197317	8612	0
/WAZA/WAZA_011/WAZA_159.WAZ	197322	8612	0
/WAZA/WAZA_011/WAZA_158.WAZ	197327	8612	0
/WAZA/WAZA_011/WAZA_157.WAZ	197332	8612	0
/WAZA/WAZA_012/MA089164.ADP	197337	13466	0
/WAZA/WAZA_012/WAZA_164.WAZ	197344	8612	0
/WAZA/WAZA_012/WAZA_163.WAZ	197349	8612	0
/WAZA/WAZA_012/WAZA_162.WAZ	197354	8612	0
/WAZA/WAZA_012/WAZA_161.WAZ	197359	8612	0
/WAZA/WAZA_013/MA090165.ADP	197364	10448	0
/WAZA/WAZA_013/WAZA_167.WAZ	197370	8612	0
/WAZA/WAZA_013/WAZA_166.WAZ	197375	8612	0
/WAZA/WAZA_013/WAZA_165.WAZ	197380	8612	0
/WAZA/WAZA_014/MA090174.ADP	197385	11468	0
/WAZA/WAZA_014/MA093174.ADP	197391	13466	0
/WAZA/WAZA_014/MA081177.ADP	197398	10262	0
/WAZA/WAZA_014/MA080176.ADP	197404	10262	0
/WAZA/WAZA_014/MA082175.ADP	197410	13372	0
/WAZA/WAZA_014/MA077181.ADP	197417	13420	0
/WAZA/WAZA_014/MA047180.ADP	197424	13420	0
/WAZA/WAZA_014/MA075178.ADP	197431	27676	0
/WAZA/WAZA_014/MA025177.ADP	197445	11468	0
/WAZA/WAZA_014/MA030176.ADP	197451	13466	0
/WAZA/WAZA_014/MA034174.ADP	197458	12862	0
/WAZA/WAZA_014/MA024173.ADP	197465	6964	0
/WAZA/WAZA_014/MA078172.ADP	197469	24612	0
/WAZA/WAZA_014/MA025171.ADP	197482	10448	0
/WAZA/WAZA_014/MA024170.ADP	197488	10448	0
/WAZA/WAZA_014/PA012176.ADP	197494	18620	0
/WAZA/WAZA_014/PA002176.ADP	197504	13356	0
/WAZA/WAZA_014/PA012181.ADP	197511	28930	0
/WAZA/WAZA_014/PA002181.ADP	197526	19358	0
/WAZA/WAZA_014/PA012180.ADP	197536	27954	0
/WAZA/WAZA_014/PA002180.ADP	197550	19962	0
/WAZA/WAZA_014/PA012179.ADP	197560	18714	0
/WAZA/WAZA_014/PA002179.ADP	197570	14646	0
/WAZA/WAZA_014/PA012178.ADP	197578	28188	0
/WAZA/WAZA_014/PA002178.ADP	197592	20942	0
/WAZA/WAZA_014/PA012177.ADP	197603	30788	0
/WAZA/WAZA_014/PA002177.ADP	197619	19178	0
/WAZA/WAZA_014/PA012172.ADP	197629	26190	0
/WAZA/WAZA_014/PA012171.ADP	197642	30416	0
/WAZA/WAZA_014/PA012170.ADP	197657	26748	0
/WAZA/WAZA_014/PA012175.ADP	197671	28964	0
/WAZA/WAZA_014/PA012174.ADP	197686	30564	0
/WAZA/WAZA_014/PA012173.ADP	197701	15230	0
/WAZA/WAZA_014/PA002173.ADP	197709	13968	0
/WAZA/WAZA_014/PA002172.ADP	197716	20156	0
/WAZA/WAZA_014/PA002171.ADP	197726	20554	0
/WAZA/WAZA_014/PA002170.ADP	197737	18950	0
/WAZA/WAZA_014/PA002175.ADP	197747	21176	0
/WAZA/WAZA_014/PA002174.ADP	197758	21732	0
/WAZA/WAZA_014/WAZA_175.WAZ	197769	135068	0
/WAZA/WAZA_014/WAZA_174.WAZ	197835	117732	0
/WAZA/WAZA_014/WAZA_173.WAZ	197893	84828	0
/WAZA/WAZA_014/WAZA_180.WAZ	197935	67452	0
/WAZA/WAZA_014/WAZA_171.WAZ	197968	142152	0
/WAZA/WAZA_014/WAZA_170.WAZ	198038	31140	0
/WAZA/WAZA_014/WAZA_178.WAZ	198054	91704	0
/WAZA/WAZA_014/WAZA_177.WAZ	198099	102456	0
/WAZA/WAZA_014/WAZA_176.WAZ	198150	95376	0
/WAZA/WAZA_014/WAZA_181.WAZ	198197	87100	0
/WAZA/WAZA_014/WAZA_179.WAZ	198240	100112	0
/WAZA/WAZA_014/WAZA_172.WAZ	198289	91216	0
/WAZA/WAZA_014/MA001175.ADP	198334	26398	0
/WAZA/WAZA_014/MA001174.ADP	198347	23068	0
/WAZA/WAZA_014/MA001173.ADP	198359	18718	0
/WAZA/WAZA_014/MA001172.ADP	198369	23582	0
/WAZA/WAZA_014/MA001171.ADP	198381	21788	0
/WAZA/WAZA_014/PA001170.ADP	198392	31260	0
/WAZA/WAZA_015/MA082183.ADP	198408	15230	0
/WAZA/WAZA_015/MA082190.ADP	198416	10912	0
/WAZA/WAZA_015/MA086189.ADP	198422	37468	0
/WAZA/WAZA_015/MA085189.ADP	198441	13466	0
/WAZA/WAZA_015/MA092184.ADP	198448	6964	0
/WAZA/WAZA_015/MA067192.ADP	198452	12072	0
/WAZA/WAZA_015/MA043191.ADP	198458	18016	0
/WAZA/WAZA_015/MA077190.ADP	198467	13466	0
/WAZA/WAZA_015/MA033190.ADP	198474	12072	0
/WAZA/WAZA_015/MA051190.ADP	198480	14720	0
/WAZA/WAZA_015/MA076188.ADP	198488	14720	0
/WAZA/WAZA_015/MA066187.ADP	198496	12072	0
/WAZA/WAZA_015/MA079186.ADP	198502	13420	0
/WAZA/WAZA_015/MA067185.ADP	198509	18016	0
/WAZA/WAZA_015/MA054184.ADP	198518	5664	0
/WAZA/WAZA_015/MA071183.ADP	198521	5664	0
/WAZA/WAZA_015/MA048182.ADP	198524	6778	0
/WAZA/WAZA_015/PA002187.ADP	198528	13706	0
/WAZA/WAZA_015/PA012186.ADP	198535	15742	0
/WAZA/WAZA_015/PA002186.ADP	198543	14292	0
/WAZA/WAZA_015/PA012185.ADP	198550	17830	0
/WAZA/WAZA_015/PA002185.ADP	198559	16594	0
/WAZA/WAZA_015/PA012184.ADP	198568	16298	0
/WAZA/WAZA_015/PA002184.ADP	198576	15224	0
/WAZA/WAZA_015/PA012183.ADP	198584	23404	0
/WAZA/WAZA_015/PA002183.ADP	198596	21100	0
/WAZA/WAZA_015/PA012182.ADP	198607	20804	0
/WAZA/WAZA_015/PA002182.ADP	198618	14734	0
/WAZA/WAZA_015/PA002192.ADP	198626	18528	0
/WAZA/WAZA_015/PA012191.ADP	198636	29906	0
/WAZA/WAZA_015/PA002191.ADP	198651	19016	0
/WAZA/WAZA_015/PA012190.ADP	198661	26516	0
/WAZA/WAZA_015/PA002190.ADP	198674	19128	0
/WAZA/WAZA_015/PA012189.ADP	198684	14116	0
/WAZA/WAZA_015/PA002189.ADP	198691	15706	0
/WAZA/WAZA_015/PA012188.ADP	198699	24008	0
/WAZA/WAZA_015/PA002188.ADP	198711	18472	0
/WAZA/WAZA_015/PA012187.ADP	198721	18852	0
/WAZA/WAZA_015/PA012192.ADP	198731	21268	0
/WAZA/WAZA_015/WAZA_182.WAZ	198742	122852	0
/WAZA/WAZA_015/WAZA_183.WAZ	198802	156916	0
/WAZA/WAZA_015/WAZA_186.WAZ	198879	150780	0
/WAZA/WAZA_015/WAZA_185.WAZ	198953	104640	0
/WAZA/WAZA_015/WAZA_184.WAZ	199005	99512	0
/WAZA/WAZA_015/WAZA_192.WAZ	199054	71340	0
/WAZA/WAZA_015/WAZA_191.WAZ	199089	83588	0
/WAZA/WAZA_015/WAZA_189.WAZ	199130	172268	0
/WAZA/WAZA_015/WAZA_188.WAZ	199215	70684	0
/WAZA/WAZA_015/WAZA_190.WAZ	199250	83588	0
/WAZA/WAZA_015/WAZA_187.WAZ	199291	155844	0
/WAZA/WAZA_016/MA091198.ADP	199368	12072	0
/WAZA/WAZA_016/PA001196.ADP	199374	10834	0
/WAZA/WAZA_016/PA001203.ADP	199380	12118	0
/WAZA/WAZA_016/PA001201.ADP	199386	12118	0
/WAZA/WAZA_016/PA001200.ADP	199392	7408	0
/WAZA/WAZA_016/PA001199.ADP	199396	10834	0
/WAZA/WAZA_016/PA001198.ADP	199402	12118	0
/WAZA/WAZA_016/PA001197.ADP	199408	7408	0
/WAZA/WAZA_016/PA001202.ADP	199412	7408	0
/WAZA/WAZA_016/PA001205.ADP	199416	10834	0
/WAZA/WAZA_016/PA001195.ADP	199422	12118	0
/WAZA/WAZA_016/MA081199.ADP	199428	8960	0
/WAZA/WAZA_016/PA012203.ADP	199433	15028	0
/WAZA/WAZA_016/MA031203.ADP	199441	14720	0
/WAZA/WAZA_016/MA022203.ADP	199449	7800	0
/WAZA/WAZA_016/PA004203.ADP	199453	15184	0
/WAZA/WAZA_016/MA070200.ADP	199461	6778	0
/WAZA/WAZA_016/MA071199.ADP	199465	4456	0
/WAZA/WAZA_016/MA055198.ADP	199468	9054	0
/WAZA/WAZA_016/MA033198.ADP	199473	18016	0
/WAZA/WAZA_016/MA044198.ADP	199482	24648	0
/WAZA/WAZA_016/MA034197.ADP	199495	24612	0
/WAZA/WAZA_016/PA012196.ADP	199508	17366	0
/WAZA/WAZA_016/MA041196.ADP	199517	26284	0
/WAZA/WAZA_016/PA004196.ADP	199530	21778	0
/WAZA/WAZA_016/PA000199.ADP	199541	12122	0
/WAZA/WAZA_016/PA012198.ADP	199547	12444	0
/WAZA/WAZA_016/PA004198.ADP	199554	16902	0
/WAZA/WAZA_016/PA000198.ADP	199563	9966	0
/WAZA/WAZA_016/PA012197.ADP	199568	13652	0
/WAZA/WAZA_016/PA000197.ADP	199575	9222	0
/WAZA/WAZA_016/PA004197.ADP	199580	14580	0
/WAZA/WAZA_016/PA000196.ADP	199588	14636	0
/WAZA/WAZA_016/PA012195.ADP	199596	17692	0
/WAZA/WAZA_016/PA004195.ADP	199605	20478	0
/WAZA/WAZA_016/PA000195.ADP	199615	11454	0
/WAZA/WAZA_016/PA012205.ADP	199621	16948	0
/WAZA/WAZA_016/PA000205.ADP	199630	19456	0
/WAZA/WAZA_016/PA004205.ADP	199640	23126	0
/WAZA/WAZA_016/PA000203.ADP	199652	14360	0
/WAZA/WAZA_016/PA012202.ADP	199660	19038	0
/WAZA/WAZA_016/PA000202.ADP	199670	17970	0
/WAZA/WAZA_016/PA004202.ADP	199679	22010	0
/WAZA/WAZA_016/PA012201.ADP	199690	13280	0
/WAZA/WAZA_016/PA000201.ADP	199697	18910	0
/WAZA/WAZA_016/PA004201.ADP	199707	22290	0
/WAZA/WAZA_016/PA012200.ADP	199718	13930	0
/WAZA/WAZA_016/PA000200.ADP	199725	14000	0
/WAZA/WAZA_016/PA004200.ADP	199732	15138	0
/WAZA/WAZA_016/PA012199.ADP	199740	15184	0
/WAZA/WAZA_016/PA004199.ADP	199748	20200	0
/WAZA/WAZA_016/WAZA_205.WAZ	199758	49204	0
/WAZA/WAZA_016/WAZA_203.WAZ	199783	49460	0
/WAZA/WAZA_016/WAZA_196.WAZ	199808	43216	0
/WAZA/WAZA_016/WAZA_195.WAZ	199830	43216	0
/WAZA/WAZA_016/WAZA_199.WAZ	199852	39860	0
/WAZA/WAZA_016/WAZA_198.WAZ	199872	39604	0
/WAZA/WAZA_016/WAZA_197.WAZ	199892	39860	0
/WAZA/WAZA_016/WAZA_202.WAZ	199912	85824	0
/WAZA/WAZA_016/WAZA_201.WAZ	199954	54932	0
/WAZA/WAZA_016/WAZA_200.WAZ	199981	39604	0
/WAZA/WAZA_016/WAZA_204.WAZ	200001	8612	0
/WAZA/WAZA_017/PA001208.ADP	200006	10834	0
/WAZA/WAZA_017/PA001216.ADP	200012	7408	0
/WAZA/WAZA_017/PA001209.ADP	200016	7408	0
/WAZA/WAZA_017/PA001207.ADP	200020	12118	0
/WAZA/WAZA_017/PA001211.ADP	200026	12118	0
/WAZA/WAZA_017/PA001206.ADP	200032	7408	0
/WAZA/WAZA_017/PA001215.ADP	200036	10834	0
/WAZA/WAZA_017/PA001214.ADP	200042	12118	0
/WAZA/WAZA_017/PA001213.ADP	200048	7408	0
/WAZA/WAZA_017/PA001212.ADP	200052	10834	0
/WAZA/WAZA_017/PA001217.ADP	200058	12118	0
/WAZA/WAZA_017/MA082212.ADP	200064	10912	0
/WAZA/WAZA_017/MA093217.ADP	200070	13420	0
/WAZA/WAZA_017/MA092214.ADP	200077	11468	0
/WAZA/WAZA_017/MA092213.ADP	200083	10448	0
/WAZA/WAZA_017/MA070217.ADP	200089	5664	0
/WAZA/WAZA_017/MA044216.ADP	200092	22290	0
/WAZA/WAZA_017/MA037215.ADP	200103	3760	0
/WAZA/WAZA_017/MA020215.ADP	200105	3760	0
/WAZA/WAZA_017/MA021214.ADP	200107	10448	0
/WAZA/WAZA_017/MA025213.ADP	200113	7800	0
/WAZA/WAZA_017/MA071212.ADP	200117	4596	0
/WAZA/WAZA_017/PA012209.ADP	200120	8868	0
/WAZA/WAZA_017/PA004209.ADP	200125	10912	0
/WAZA/WAZA_017/PA012217.ADP	200131	14394	0
/WAZA/WAZA_017/PA012213.ADP	200139	14812	0
/WAZA/WAZA_017/PA000213.ADP	200147	10088	0
/WAZA/WAZA_017/PA004213.ADP	200152	16206	0
/WAZA/WAZA_017/PA012212.ADP	200160	12584	0
/WAZA/WAZA_017/PA000212.ADP	200167	14134	0
/WAZA/WAZA_017/PA004212.ADP	200174	15416	0
/WAZA/WAZA_017/PA012211.ADP	200182	16902	0
/WAZA/WAZA_017/PA000211.ADP	200191	11646	0
/WAZA/WAZA_017/PA004211.ADP	200197	15880	0
/WAZA/WAZA_017/PA000209.ADP	200205	8682	0
/WAZA/WAZA_017/PA012208.ADP	200210	15926	0
/WAZA/WAZA_017/PA000208.ADP	200218	18382	0
/WAZA/WAZA_017/PA004208.ADP	200227	19178	0
/WAZA/WAZA_017/PA012207.ADP	200237	13884	0
/WAZA/WAZA_017/PA000207.ADP	200244	13338	0
/WAZA/WAZA_017/PA004207.ADP	200251	15742	0
/WAZA/WAZA_017/PA012206.ADP	200259	22846	0
/WAZA/WAZA_017/PA000206.ADP	200271	19410	0
/WAZA/WAZA_017/PA004206.ADP	200281	23264	0
/WAZA/WAZA_017/PA000217.ADP	200293	16728	0
/WAZA/WAZA_017/PA004217.ADP	200302	19874	0
/WAZA/WAZA_017/PA012216.ADP	200312	21314	0
/WAZA/WAZA_017/PA000216.ADP	200323	18168	0
/WAZA/WAZA_017/PA004216.ADP	200332	25308	0
/WAZA/WAZA_017/PA012215.ADP	200345	12536	0
/WAZA/WAZA_017/PA000215.ADP	200352	7170	0
/WAZA/WAZA_017/PA004215.ADP	200356	12954	0
/WAZA/WAZA_017/PA012214.ADP	200363	11654	0
/WAZA/WAZA_017/PA000214.ADP	200369	10798	0
/WAZA/WAZA_017/PA004214.ADP	200375	15648	0
/WAZA/WAZA_017/WAZA_212.WAZ	200383	46460	0
/WAZA/WAZA_017/WAZA_209.WAZ	200406	27308	0
/WAZA/WAZA_017/WAZA_211.WAZ	200420	56732	0
/WAZA/WAZA_017/WAZA_217.WAZ	200448	111692	0
/WAZA/WAZA_017/WAZA_216.WAZ	200503	45888	0
/WAZA/WAZA_017/WAZA_214.WAZ	200526	71040	0
/WAZA/WAZA_017/WAZA_208.WAZ	200561	28156	0
/WAZA/WAZA_017/WAZA_207.WAZ	200575	28156	0
/WAZA/WAZA_017/WAZA_213.WAZ	200589	91284	0
/WAZA/WAZA_017/WAZA_215.WAZ	200634	46240	0
/WAZA/WAZA_017/WAZA_206.WAZ	200657	19936	0
/WAZA/WAZA_017/PA000210.ADP	200667	12636	0
/WAZA/WAZA_017/WAZA_210.WAZ	200674	8612	0
/WAZA/WAZA_018/MA086230.ADP	200679	60412	0
/WAZA/WAZA_018/MA090224.ADP	200709	7800	0
/WAZA/WAZA_018/MA085224.ADP	200713	13420	0
/WAZA/WAZA_018/MA079229.ADP	200720	14720	0
/WAZA/WAZA_018/MA048228.ADP	200728	4596	0
/WAZA/WAZA_018/MA054225.ADP	200731	3760	0
/WAZA/WAZA_018/MA078225.ADP	200733	12862	0
/WAZA/WAZA_018/MA070225.ADP	200740	3760	0
/WAZA/WAZA_018/MA034224.ADP	200742	20200	0
/WAZA/WAZA_018/MA069224.ADP	200752	6964	0
/WAZA/WAZA_018/MA044221.ADP	200756	12862	0
/WAZA/WAZA_018/PA012230.ADP	200763	32772	0
/WAZA/WAZA_018/PA002229.ADP	200780	20292	0
/WAZA/WAZA_018/PA012229.ADP	200790	31066	0
/WAZA/WAZA_018/PA002228.ADP	200806	17878	0
/WAZA/WAZA_018/PA012228.ADP	200815	26516	0
/WAZA/WAZA_018/PA002227.ADP	200828	16170	0
/WAZA/WAZA_018/PA012227.ADP	200836	25726	0
/WAZA/WAZA_018/PA002226.ADP	200849	15324	0
/WAZA/WAZA_018/PA012226.ADP	200857	23544	0
/WAZA/WAZA_018/PA002225.ADP	200869	15834	0
/WAZA/WAZA_018/PA002230.ADP	200877	20124	0
/WAZA/WAZA_018/PA012225.ADP	200887	22800	0
/WAZA/WAZA_018/PA002224.ADP	200899	15704	0
/WAZA/WAZA_018/PA012224.ADP	200907	20942	0
/WAZA/WAZA_018/PA002223.ADP	200918	9880	0
/WAZA/WAZA_018/PA012223.ADP	200923	17134	0
/WAZA/WAZA_018/PA002222.ADP	200932	19678	0
/WAZA/WAZA_018/PA012222.ADP	200942	21222	0
/WAZA/WAZA_018/PA002221.ADP	200953	17404	0
/WAZA/WAZA_018/PA012221.ADP	200962	20850	0
/WAZA/WAZA_018/PA012220.ADP	200973	21036	0
/WAZA/WAZA_018/PA002220.ADP	200984	17646	0
/WAZA/WAZA_018/WAZA_222.WAZ	200993	83104	0
/WAZA/WAZA_018/WAZA_229.WAZ	201034	28704	0
/WAZA/WAZA_018/WAZA_228.WAZ	201049	28704	0
/WAZA/WAZA_018/WAZA_227.WAZ	201064	72388	0
/WAZA/WAZA_018/WAZA_224.WAZ	201100	64136	0
/WAZA/WAZA_018/WAZA_220.WAZ	201132	60656	0
/WAZA/WAZA_018/WAZA_230.WAZ	201162	171372	0
/WAZA/WAZA_018/WAZA_226.WAZ	201246	89340	0
/WAZA/WAZA_018/WAZA_223.WAZ	201290	55884	0
/WAZA/WAZA_018/WAZA_221.WAZ	201318	64136	0
/WAZA/WAZA_018/WAZA_225.WAZ	201350	64136	0
/WAZA/WAZA_019/WAZA_249.WAZ	201382	84856	0
/WAZA/WAZA_019/WAZA_250.WAZ	201424	59840	0
/WAZA/WAZA_019/WAZA_244.WAZ	201454	38948	0
/WAZA/WAZA_019/WAZA_243.WAZ	201474	74652	0
/WAZA/WAZA_019/WAZA_248.WAZ	201511	75608	0
/WAZA/WAZA_019/WAZA_247.WAZ	201548	94844	0
/WAZA/WAZA_019/WAZA_246.WAZ	201595	74652	0
/WAZA/WAZA_019/WAZA_245.WAZ	201632	74088	0
/WAZA/WAZA_019/WAZA_242.WAZ	201669	74088	0
/WAZA/WAZA_019/WAZA_241.WAZ	201706	38948	0
/PRF_0/PF_037.PRF	201726	41206	0
/PRF_0/PF_036.PRF	201747	41181	0
/PRF_0/PF_035.PRF	201768	41183	0
/PRF_0/PF_034.PRF	201789	41187	0
/PRF_0/PF_033.PRF	201810	41173	0
/PRF_0/PF_032.PRF	201831	41193	0
/PRF_0/PF_031.PRF	201852	41185	0
/PRF_0/PF_030.PRF	201873	41167	0
/PRF_0/PF_029.PRF	201894	41183	0
/PRF_0/PF_028.PRF	201915	41157	0
/PRF_0/PF_027.PRF	201936	41169	0
/PRF_0/PF_026.PRF	201957	41174	0
/PRF_0/PF_025.PRF	201978	41213	0
/PRF_0/PF_024.PRF	201999	41171	0
/PRF_0/PF_023.PRF	202020	41215	0
/PRF_0/PF_022.PRF	202041	41183	0
/PRF_0/PF_021.PRF	202062	41209	0
/PRF_0/PF_020.PRF	202083	41205	0
/PRF_0/PF_013.PRF	202104	41192	0
/PRF_0/PF_012.PRF	202125	41206	0
/PRF_0/PF_011.PRF	202146	41176	0
/PRF_0/PF_049.PRF	202167	41181	0
/PRF_0/PF_048.PRF	202188	41161	0
/PRF_0/PF_047.PRF	202209	41209	0
/PRF_0/PF_046.PRF	202230	41203	0
/PRF_0/PF_045.PRF	202251	41211	0
/PRF_0/PF_044.PRF	202272	41205	0
/PRF_0/PF_043.PRF	202293	41185	0
/PRF_0/PF_042.PRF	202314	41189	0
/PRF_0/PF_041.PRF	202335	41207	0
/PRF_0/PF_040.PRF	202356	41183	0
/PRF_0/PF_010.PRF	202377	41180	0
/PRF_0/PF_009.PRF	202398	41036	0
/PRF_0/PF_008.PRF	202419	41161	0
/PRF_0/PF_007.PRF	202440	41171	0
/PRF_0/PF_006.PRF	202461	41160	0
/PRF_0/PF_005.PRF	202482	41174	0
/PRF_0/PF_004.PRF	202503	41180	0
/PRF_0/PF_003.PRF	202524	41170	0
/PRF_0/PF_002.PRF	202545	41192	0
/PRF_0/PF_001.PRF	202566	41199	0
/PRF_0/PF_000.PRF	202587	41176	0
/PRF_1/PF_118.PRF	202608	40988	0
/PRF_1/PF_117.PRF	202629	40988	0
/PRF_1/PF_116.PRF	202650	40988	0
/PRF_1/PF_115.PRF	202671	40988	0
/PRF_1/PF_114.PRF	202692	40988	0
/PRF_1/PF_113.PRF	202713	40988	0
/PRF_1/PF_112.PRF	202734	40988	0
/PRF_1/PF_100.PRF	202755	40988	0
/PRF_1/PF_099.PRF	202776	40988	0
/PRF_1/PF_098.PRF	202797	41003	0
/PRF_1/PF_097.PRF	202818	41027	0
/PRF_1/PF_096.PRF	202839	41029	0
/PRF_1/PF_095.PRF	202860	41027	0
/PRF_1/PF_093.PRF	202881	41209	0
/PRF_1/PF_092.PRF	202902	41197	0
/PRF_1/PF_091.PRF	202923	41209	0
/PRF_1/PF_090.PRF	202944	41201	0
/PRF_1/PF_089.PRF	202965	41197	0
/PRF_1/PF_111.PRF	202986	40988	0
/PRF_1/PF_110.PRF	203007	40988	0
/PRF_1/PF_109.PRF	203028	40988	0
/PRF_1/PF_108.PRF	203049	40988	0
/PRF_1/PF_107.PRF	203070	41105	0
/PRF_1/PF_106.PRF	203091	40988	0
/PRF_1/PF_105.PRF	203112	40987	0
/PRF_1/PF_104.PRF	203133	40988	0
/PRF_1/PF_103.PRF	203154	40988	0
/PRF_1/PF_102.PRF	203175	40988	0
/PRF_1/PF_101.PRF	203196	40988	0
/PRF_1/PF_078.PRF	203217	41196	0
/PRF_1/PF_077.PRF	203238	41156	0
/PRF_1/PF_076.PRF	203259	41173	0
/PRF_1/PF_075.PRF	203280	41213	0
/PRF_1/PF_071.PRF	203301	41170	0
/PRF_1/PF_070.PRF	203322	41189	0
/PRF_1/PF_069.PRF	203343	41187	0
/PRF_1/PF_068.PRF	203364	41199	0
/PRF_1/PF_067.PRF	203385	41197	0
/PRF_1/PF_066.PRF	203406	41165	0
/PRF_1/PF_065.PRF	203427	41197	0
/PRF_1/PF_088.PRF	203448	41177	0
/PRF_1/PF_087.PRF	203469	41189	0
/PRF_1/PF_086.PRF	203490	41185	0
/PRF_1/PF_085.PRF	203511	41192	0
/PRF_1/PF_084.PRF	203532	41195	0
/PRF_1/PF_083.PRF	203553	40988	0
/PRF_1/PF_082.PRF	203574	41191	0
/PRF_1/PF_081.PRF	203595	41153	0
/PRF_1/PF_080.PRF	203616	41187	0
/PRF_1/PF_079.PRF	203637	41162	0
/PRF_1/PF_064.PRF	203658	41213	0
/PRF_1/PF_063.PRF	203679	41187	0
/PRF_1/PF_062.PRF	203700	41200	0
/PRF_1/PF_061.PRF	203721	41201	0
/PRF_1/PF_060.PRF	203742	41207	0
/PRF_1/PF_055.PRF	203763	41147	0
/PRF_1/PF_054.PRF	203784	41201	0
/PRF_1/PF_053.PRF	203805	41201	0
/PRF_1/PF_052.PRF	203826	40988	0
/PRF_1/PF_051.PRF	203847	41186	0
/PRF_1/PF_050.PRF	203868	41191	0
/TRUE/M40.WAV	203889	10554722	0
/TRUE/M15.WAV	209043	32649814	0
/TRUE/M07.WAV	224986	21753862	0
/TRUE/M12.WAV	235609	9102460	0
/TRUE/M09.WAV	240054	11338628	0
/TRUE/RIG2_OP.AVI	245591	21005458	0
/TRUE/CABIN.AVI	255848	182500	0
/TRUE/RIG2_OP.KEP	255938	1259520	0
/TRUE/RIG2_ED.AVI	256553	2799312	0
/TIGAU.CD	258370	3657728	1
/TITLE.CD	260306	13209600	1
/SILENT5.CD	266906	770048	1
